separation_A,zeta,zeta_ELF,T_eigenvalues_t1,T_eigenvalues_t2,T_eigenvalues_t3,charge_FA
0.5,0.029876902059105093,0.07580451814099898,0.2808570531044848,0.3595714734477575,0.35957147344775786,0.13550040516989978
0.75,0.0444283405870356,0.10251814328921705,0.22829372877261775,0.38585313561369067,0.3858531356136911,0.26636841301727376
1.0,0.04344130078895592,0.12131042847367535,0.18769096990261877,0.40615451504869055,0.4061545150486907,0.36152871781368956
1.25,0.0324199129954007,0.13347369170807288,0.18648734539944348,0.40675632730027805,0.40675632730027866,0.3642531901810962
1.5,0.021308520404112796,0.1390635728642644,0.2220706061896792,0.3889646969051604,0.3889646969051606,0.28133892902957086
1.75,0.013126276421594585,0.15049872722530078,0.2664130012170929,0.36679349939145334,0.3667934993914535,0.17213826737235788
2.0,0.007701060322488185,0.1504344594712923,0.2997469370204035,0.35012653148979794,0.3501265314897982,0.08703938196552828
2.5,0.002314401220957274,0.15043326653405642,0.3279379783625218,0.33603101081873893,0.3360310108187392,0.014016625382178807
3.0,0.0005725750000854513,0.14090086764916654,0.332839389329323,0.33358030533533845,0.33358030533533867,0.0012833034620822372
4.0,1.785259932229888e-05,0.1276290019082975,0.3333325330823317,0.33333373345883416,0.33333373345883416,2.0791130904952597e-06
5.0,2.093462002639157e-07,0.1271990398076579,0.33333333317902303,0.33333333341048843,0.33333333341048876,4.0091002944847985e-10
