id,zeta@fft,zeta_ELF@fft,T_eigenvalues_t1@fft,T_eigenvalues_t2@fft,T_eigenvalues_t3@fft,charge_FA@fft,zeta@fd2,zeta_ELF@fd2,T_eigenvalues_t1@fd2,T_eigenvalues_t2@fd2,T_eigenvalues_t3@fd2,charge_FA@fd2,zeta@fd4,zeta_ELF@fd4,T_eigenvalues_t1@fd4,T_eigenvalues_t2@fd4,T_eigenvalues_t3@fd4,charge_FA@fd4,zeta@fd6,zeta_ELF@fd6,T_eigenvalues_t1@fd6,T_eigenvalues_t2@fd6,T_eigenvalues_t3@fd6,charge_FA@fd6,zeta@fd8,zeta_ELF@fd8,T_eigenvalues_t1@fd8,T_eigenvalues_t2@fd8,T_eigenvalues_t3@fd8,charge_FA@fd8,zeta@fft_diagonal,zeta_ELF@fft_diagonal,T_eigenvalues_t1@fft_diagonal,T_eigenvalues_t2@fft_diagonal,T_eigenvalues_t3@fft_diagonal,charge_FA@fft_diagonal
Al2Te5_12,0.08499478193088805,0.07507808520751724,0.32612686727290846,0.3266829435218503,0.34719018920524125,0.035995273191770115,0.08530805030909638,0.06783994789598302,0.32618587327931414,0.32643424870947496,0.3473798780112107,0.03647970246719513,0.08499921489798501,0.06833926667254142,0.3261305920650823,0.32667455553975744,0.34719485239516035,0.03600695398069191,0.08499484795996781,0.06872969408650265,0.3261270373854845,0.32668264702437316,0.3471903155901426,0.03599558485193347,0.08499478402592275,0.06898086185775754,0.3261268905825082,0.32668292019651735,0.3471901892209744,0.03599527161444991,0.08499478193088805,0.11207156174308974,0.32612686727290846,0.3266829435218503,0.34719018920524125,0.035995273191770115
Pr2CuO4_139,0.013603657177415407,0.09649457170272935,0.3312270064783106,0.3343864429492122,0.3343865505724771,0.005472343071020969,0.01356180084522407,0.05686079996608728,0.3311765462996219,0.3344110652314478,0.3344123884689304,0.005603438789282274,0.013597232897805456,0.06151936359907284,0.33121826544236566,0.3343908107478681,0.3343909238097662,0.005495052265903467,0.013604812500305985,0.06418586785837632,0.33122620188725294,0.3343868445153554,0.3343869535973918,0.005474433397348603,0.013604421640831865,0.06614746502469493,0.3312268632538793,0.3343865139578694,0.33438662278825154,0.00547271516791905,0.013603657177415407,0.14359606934349178,0.3312270064783106,0.3343864429492122,0.3343865505724771,0.005472343071020969
Cd(HO)2_8,0.0520770243557388,0.0897774664633002,0.3319834026176852,0.33259435112328095,0.33542224625903394,0.005503928601330663,0.05234477846624752,0.07340238843526947,0.33134414380441385,0.33281745666828166,0.3358383995273045,0.006873218585149729,0.05207651594351248,0.07223169935452523,0.33196325140259175,0.33259854573541864,0.3354382028619897,0.0055509616928603464,0.05207643403370643,0.07325588376827163,0.3319821367664267,0.3325945856701653,0.3354232775634081,0.00550694552955215,0.05207678020122053,0.0742503476870241,0.33198322845278144,0.3325943853698827,0.33542238617733594,0.005504339089894569,0.0520770243557388,0.20497186208762153,0.3319834026176852,0.33259435112328095,0.33542224625903394,0.005503928601330663
MoRh_51,0.022248596359364603,0.09532723282067379,0.3302499219115729,0.33441005350146175,0.3353400245869654,0.008131304626858514,0.02199991902550258,0.11161453900391038,0.3301137338509972,0.33460379449317224,0.3352824716558306,0.008426285397066566,0.022238817015629797,0.10206158813272126,0.3302462306615553,0.33441500123464374,0.335338768103801,0.008139162768089412,0.022248456425327245,0.09964215677151478,0.3302497938186282,0.3344103101993701,0.3353398959820017,0.00813153334944146,0.022249000191607027,0.09859748358170195,0.33024990188123193,0.3344100815415934,0.33534001657717455,0.008131346616644592,0.022248596359364603,0.09532723282067379,0.3302499219115729,0.33441005350146175,0.3353400245869654,0.008131304626858514
Cs(CoS)2_139,0.019773110284029838,0.06344893303896193,0.3326388010514375,0.33368051919111164,0.33368067975745097,0.0018044458572409488,0.01985614853580786,0.03422223079088049,0.3329287287230334,0.33353069792047085,0.33354057335649573,0.0010512975921423307,0.01977595658199549,0.037438927430112456,0.3326477469477543,0.33367604722048855,0.33367620583175694,0.0017812038113525404,0.019774412693376542,0.03974392375907476,0.3326391408892455,0.3336803493253282,0.3336805097854263,0.0018035629355763394,0.019773694544557796,0.04137980305353106,0.3326388315891435,0.33368050396246174,0.3336806644483947,0.0018043665181960516,0.019773110284029838,0.08608720021550886,0.3326388010514375,0.33368051919111164,0.33368067975745097,0.0018044458572409488
Y2AgRu_225,0.010096773306928708,0.07097424119176154,0.33333332647939495,0.3333333366530644,0.33333333686754074,1.7809960214108974e-08,0.010011525275089861,0.05593426253534617,0.33332655262219857,0.33333672366002987,0.3333367237177715,1.7616804293677932e-05,0.010093622831409688,0.05745951422270512,0.33333329085599345,0.3333333545222823,0.3333333546217244,1.10359467471444e-07,0.01009657059957425,0.0595788967657781,0.33333331651620335,0.3333333416799866,0.3333333418038102,4.3692580139760884e-08,0.010096761813963018,0.06102922380307918,0.3333333201255716,0.33333333986766184,0.3333333400067667,3.4315406211481115e-08,0.010096773306928708,0.17587555282578038,0.33333332647939495,0.3333333366530644,0.33333333686754074,1.7809960214108974e-08
Ba3In2O6_139,0.013740246073554396,0.3324509656175999,0.3322015859766838,0.3338992056728184,0.3338992083504978,0.0029403574107216427,0.01392753185620732,0.21083161439619658,0.3321450752112429,0.33392240827241887,0.33393251651633826,0.0030872125858617976,0.013739042779485233,0.26207586357687085,0.3322005750123164,0.3338996529697248,0.33389977201795873,0.0029429839558809015,0.013740156672342851,0.313937304850732,0.33220146736821327,0.33389925125583764,0.333899281375949,0.0029406655622472686,0.013740340168593601,0.3436183949347149,0.3322015394425039,0.3338992181009801,0.3338992424565159,0.002940478309246011,0.013740246073554396,0.39711529891522623,0.3322015859766838,0.3338992056728184,0.3338992083504978,0.0029403574107216427
CrPt3_221,0.015890588742656364,0.05436091457735315,0.33333333333333315,0.3333333333333334,0.3333333333333335,5.532693144990222e-16,0.015997559273992934,0.06348853632151208,0.333333333333333,0.3333333333333335,0.3333333333333336,9.852911756923671e-16,0.015886367162248227,0.0592375336589106,0.3333333333333332,0.33333333333333337,0.33333333333333337,2.9015117743631814e-16,0.015891913071700237,0.05789089741693543,0.3333333333333332,0.3333333333333332,0.33333333333333365,7.811778997432197e-16,0.015891893788515188,0.05738767543032197,0.33333333333333304,0.3333333333333333,0.3333333333333334,2.6384493774350614e-16,0.015890588742656364,0.05436091457735315,0.33333333333333315,0.3333333333333334,0.3333333333333335,5.532693144990222e-16
Cd(InS2)2_227,0.03656611941231358,0.11073597931524048,0.3333333177454519,0.3333333409576915,0.3333333412968565,4.0501699255220484e-08,0.036734456048041264,0.06350681514947953,0.3333184270050776,0.3333407864543503,0.33334078654057203,3.8727776820657805e-05,0.03656718215039689,0.06663777894695944,0.33333321204498945,0.33333339390246486,0.33333339405254575,3.151164414055231e-07,0.03656556883582651,0.06990756168293977,0.3333332912030739,0.33333335430444394,0.3333333544924824,1.0945798841070398e-07,0.03656571712872092,0.07233722570359535,0.3333333007248821,0.3333333495314911,0.33333334974362683,8.471983898905267e-08,0.03656611941231358,0.2391540670180291,0.3333333177454519,0.3333333409576915,0.3333333412968565,4.0501699255220484e-08
Si3NiP4_121,0.10612691932435658,0.1438881365655632,0.33295805100687476,0.3335209443318395,0.33352100466128565,0.0009750117801482106,0.10647423311359294,0.10787056402435957,0.3327431283110274,0.33361618413694083,0.33364068755203174,0.0015338368672837875,0.10613405828895561,0.11210425255138379,0.33295102882524674,0.3335244646224818,0.33352450655227156,0.0009932559233095356,0.10612728663692983,0.11516288554917875,0.33295773334026263,0.33352110424572795,0.3335211624140096,0.0009758371011326689,0.10612709420241528,0.11727332391566558,0.33295802765768595,0.3335209569078856,0.33352101543442836,0.0009750724428149924,0.10612691932435658,0.19939934422959082,0.33295805100687476,0.3335209443318395,0.33352100466128565,0.0009750117801482106
HfZn2_227,0.003129999555888441,0.14667968275911358,0.33333333333324017,0.33333333333324183,0.3333333333335181,4.798578289437534e-13,0.00318394003763689,0.07758051670041755,0.3333333333332403,0.33333333333324233,0.3333333333335171,4.778750135567408e-13,0.0031296149831731013,0.08215038511656747,0.3333333333332408,0.3333333333332413,0.333333333333518,4.795847208409681e-13,0.0031302597515361352,0.08921343431757867,0.33333333333324106,0.33333333333324117,0.33333333333351806,4.796073615847967e-13,0.0031301203018649915,0.0951488317848932,0.33333333333324106,0.3333333333332412,0.33333333333351794,4.795600404762943e-13,0.003129999555888441,0.14667968275911358,0.33333333333324017,0.33333333333324183,0.3333333333335181,4.798578289437534e-13
Zn(RhO2)2_227,0.023125726698306814,0.17721203523118845,0.3333332414852542,0.3333333092933454,0.33333344922140035,3.1780207123352216e-07,0.022862935244025384,0.11685483815195896,0.3333169950220203,0.3333414135908739,0.33334159138710584,4.244901571897381e-05,0.023107986553275506,0.12046468517156539,0.33333318349998464,0.3333333208470227,0.33333349565299275,4.6935195178276897e-07,0.023123053591944442,0.12528943560248362,0.33333323911312907,0.3333333015420753,0.3333334593447959,3.40516649083744e-07,0.023124076181812114,0.128591729620108,0.3333332411249872,0.3333333033722187,0.3333334555027937,3.3085406258974515e-07,0.023125726698306814,0.26732501228894257,0.3333332414852542,0.3333333092933454,0.33333344922140035,3.1780207123352216e-07
CrSi2_180,0.07343407343831232,0.11000828569900589,0.3328007683151248,0.332800850529144,0.3343983811557312,0.0027670683518723565,0.07324338950633824,0.09537300299443652,0.3326945027913354,0.33271355619128845,0.33459194101737627,0.0032700719227864716,0.07344983125198346,0.09181656170614749,0.3327981574502694,0.3327982630512519,0.33440357949847865,0.0027805739403532347,0.07344148126008898,0.09144961399827034,0.33280071325718513,0.3328007879241588,0.334398498818656,0.0027673740462961496,0.07343709113285501,0.09150987705882341,0.33280076843949186,0.3328008443485904,0.33439838721191745,0.002767084085780435,0.07343407343831232,0.15753522213844284,0.3328007683151248,0.332800850529144,0.3343983811557312,0.0027670683518723565
Cs2ZrCl6_225,0.009585439437587273,0.03535779978138642,0.3333332366378009,0.33333333491576045,0.3333334284464391,2.877423292680505e-07,0.009687862315339801,0.016690231369248187,0.3333094807862867,0.3333452044052793,0.3333453148084339,6.197095625546e-05,0.009587010640724536,0.018308380256332857,0.3333331251855066,0.33333338490192616,0.33333348991256706,5.632570662005758e-07,0.009585402217190508,0.02037834957924689,0.33333322666817033,0.3333333384350011,0.3333334348968285,3.1262409382220014e-07,0.009585345501624598,0.02197439532566059,0.33333323047225155,0.33333333701609164,0.33333343251165687,3.0321011071954994e-07,0.009585439437587273,0.2071622487293604,0.3333332366378009,0.33333333491576045,0.3333334284464391,2.877423292680505e-07
Ba(AsPd)2_139,0.017494531102411837,0.043204751308215994,0.3328140218939138,0.3328871128363741,0.3342988652697119,0.0025109149935389026,0.017570096363351495,0.032315926082883584,0.3329909574769244,0.33308270164789494,0.3339263408751807,0.001546811411982506,0.017494269925323103,0.03180609386261268,0.3328206013084755,0.3328938460799065,0.3342855526116178,0.0024763715816028173,0.017494442907221797,0.03233191640025568,0.33281438108134653,0.3328874792874243,0.33429813963122934,0.002509032016803125,0.01749457518436437,0.03281740387857979,0.33281406904692973,0.3328871608827473,0.3342987700703234,0.0025106679542577144,0.017494531102411837,0.06134697838222247,0.3328140218939138,0.3328871128363741,0.3342988652697119,0.0025109149935389026
U2SN2_164,0.029736003696539948,0.054739725552227614,0.33094000286530184,0.33094008725432017,0.338119909880378,0.012435249635040068,0.029883877442911655,0.04860763835855397,0.33089005217680073,0.3309097386068513,0.3382002092163479,0.012643875100818252,0.02972709080867697,0.05047842863065943,0.3309360338437813,0.3309363094282885,0.3381276567279302,0.012455373424301973,0.029734243264193827,0.050984257205448635,0.33093967895928683,0.330939776362911,0.3381205446778021,0.012436898632280782,0.02973533657609373,0.05127339152141552,0.3309399599371314,0.33094005027566575,0.3381199897872027,0.01243545720705237,0.029736003696539948,0.11403628942140509,0.33094000286530184,0.33094008725432017,0.338119909880378,0.012435249635040068
BaZrN2_129,0.014003051957545143,0.037768858097271596,0.32660377687950853,0.3366981115602455,0.3366981115602461,0.01748211927548404,0.013957203685142971,0.03665379153792703,0.3268762377620391,0.33656188111898017,0.3365618811189807,0.016774452832297743,0.013993515914708987,0.03688606624009538,0.3266126417291903,0.3366936791354046,0.33669367913540527,0.017459094749791793,0.014002476498185978,0.037022663331132244,0.3266043186766244,0.33669784066168756,0.336697840661688,0.017480712075435438,0.014003031459116189,0.03709103721650986,0.3266038546505344,0.33669807267473245,0.33669807267473284,0.01748191728218045,0.014003051957545143,0.037768858097271596,0.32660377687950853,0.3366981115602455,0.3366981115602461,0.01748211927548404
Cr3Ir_223,0.03743975565760371,0.04701387330616902,0.33333333333333276,0.3333333333333332,0.33333333333333404,1.931368689074354e-15,0.03686258861244951,0.05037816884929203,0.3333333333333331,0.3333333333333333,0.33333333333333354,6.661340515749573e-16,0.037427132784161654,0.046447062388390914,0.33333333333333326,0.3333333333333333,0.33333333333333365,1.1775792206595374e-16,0.03744093629747236,0.04534610581383025,0.3333333333333332,0.3333333333333333,0.3333333333333336,6.341486135331849e-16,0.03744053556304894,0.0449964747055579,0.3333333333333331,0.3333333333333333,0.3333333333333334,5.768890943240197e-16,0.03743975565760371,0.04701387330616902,0.33333333333333276,0.3333333333333332,0.33333333333333404,1.931368689074354e-15
HfTc2W_225,0.07244519553138307,0.19753803552209526,0.33333331907257496,0.3333333403039892,0.3333333406234359,3.705363537654271e-08,0.07155348092037161,0.20804503447122447,0.33332424686893203,0.33333787653693414,0.33333787659413394,2.3607327002065375e-05,0.07241204727685568,0.20121119785898733,0.3333332477438322,0.3333333760765969,0.3333333761795709,2.2236810050083363e-07,0.07244380146903262,0.1999926425150239,0.33333330556938456,0.3333333471482623,0.3333333472823529,7.213313497661576e-08,0.07244508241971326,0.19954389459934574,0.33333331058205024,0.3333333446306672,0.3333333447872824,5.9110034120919706e-08,0.07244519553138307,0.28263297440548074,0.33333331907257496,0.3333333403039892,0.3333333406234359,3.705363537654271e-08
Si3Ru2_116,0.09053425437768381,0.10241387833591198,0.3294197957711513,0.3352901021144055,0.33529010211444316,0.010167318477736026,0.09085016985273009,0.09493520740040684,0.32966733093785633,0.3351663345310539,0.3351663345310899,0.00952426561415372,0.09053456885443356,0.09226525479285808,0.32942463677274586,0.3352876816136084,0.33528768161364564,0.010154742485193848,0.09053423384258508,0.09188078756856954,0.32941996608509605,0.33529001695743343,0.33529001695747085,0.010166876034867215,0.09053435631024154,0.09187839337338843,0.3294198156201139,0.3352900921899243,0.33529009218996186,0.010167266913949367,0.09053425437768381,0.10241387833591198,0.3294197957711513,0.3352901021144055,0.33529010211444316,0.010167318477736026
ZrInNi2_225,0.005729306087396191,0.1444007578885338,0.33333330933173033,0.33333334490653954,0.3333333457617301,6.237118681938211e-08,0.005740545024768728,0.04825619679439608,0.3333130438557973,0.3333434779563905,0.3333434781878121,5.271360887930014e-05,0.005729236949321703,0.06475050747845079,0.33333317843797333,0.3333334105804768,0.33333341098154995,4.0243039989160663e-07,0.005729746336006869,0.07519993151598103,0.3333332720795297,0.3333333637089159,0.33333336421155446,1.5914383604655325e-07,0.0057295455269044115,0.08224831713436653,0.3333332856012527,0.33333335691568805,0.33333335748305953,1.2401450399177961e-07,0.005729306087396191,0.18814287139303187,0.33333330933173033,0.33333334490653954,0.3333333457617301,6.237118681938211e-08
Ni3Se2_155,0.021442229819822023,0.09538737392844643,0.33216252449011613,0.3321625672894394,0.33567490822044477,0.006083514961674888,0.02151415117850697,0.05323195414999671,0.33217016664563687,0.33217021031374544,0.33565962304061786,0.006043804359724906,0.021450587324465697,0.0559049408013822,0.33216271507714046,0.3321627579020197,0.33567452702084,0.006082524612697722,0.0214422857991029,0.05905502222885617,0.3321625238452124,0.33216256663717536,0.33567490951761214,0.006083518331690321,0.021441297193211195,0.0617223148682986,0.3321625227810629,0.33216256557261703,0.33567491164631996,0.00608352386203068,0.021442229819822023,0.0955717412119449,0.33216252449011613,0.3321625672894394,0.33567490822044477,0.006083514961674888
ScNiGe_62,0.024882282264328426,0.13951058453586762,0.3321318059839454,0.33312398200143056,0.33474421201462407,0.003956156267621626,0.0250313890687337,0.10830437312787888,0.33188808236541045,0.33309666198527277,0.3350152556493168,0.004730854541759251,0.024885268280116057,0.10842482036977241,0.3321219522149301,0.3331224345456694,0.3347556132394007,0.0039882882567561255,0.02488168316792927,0.11024558835689291,0.33213131365408005,0.3331238309553952,0.33474485539052484,0.003957897577718098,0.0248819433382812,0.11202756921159196,0.3321317475091958,0.33312395001037365,0.33474430248043036,0.003956388980644254,0.024882282264328426,0.13951058453586762,0.3321318059839454,0.33312398200143056,0.33474421201462407,0.003956156267621626
NaPF6_225,0.01657121908618797,0.33625076194060954,0.3333332415248361,0.3333333784261739,0.33333338004898994,2.3853789319436833e-07,0.016630843344311863,0.15987682651955493,0.33330062570746055,0.3333496711694429,0.3333497031230964,8.497691802277272e-05,0.016566057696803416,0.20141033710292955,0.3333329749528068,0.33333349930213635,0.3333335257450568,9.319443787359747e-07,0.01656942819623053,0.23517568623449736,0.33333320331670463,0.3333333916534322,0.3333334050298628,3.3838849703038233e-07,0.016569858354604006,0.255435711995468,0.33333321993314025,0.33333338518473965,0.33333339488212027,2.949812093373641e-07,0.01657121908618797,0.41508168310466553,0.3333332415248361,0.3333333784261739,0.33333338004898994,2.3853789319436833e-07
GdAs_225,0.013107252127746438,0.08465302487232151,0.3333332288863054,0.3333333279353372,0.3333334431783574,3.217438763000575e-07,0.013150044022447238,0.05393926651568037,0.3333258842908038,0.3333369706303344,0.3333371450788618,1.9354949138320478e-05,0.013108356444466729,0.05282029481393802,0.3333332283773735,0.33333331916798725,0.33333345245463886,3.3812472812340615e-07,0.01310737890521807,0.0550034109175459,0.33333322930135156,0.3333333252580154,0.33333344544063304,3.248870538186837e-07,0.013107414691356234,0.05697812331272745,0.33333322919531544,0.333333326182258,0.3333334446224265,3.23674328606788e-07,0.013107252127746438,0.1686136458680414,0.3333332288863054,0.3333333279353372,0.3333334431783574,3.217438763000575e-07
TaCu3Se4_215,0.030769671659345188,0.11444602446338148,0.3333333333331836,0.33333333333319337,0.33333333333362314,7.530705456837249e-13,0.030937883732434224,0.07985171035012806,0.3333333333332384,0.3333333333332549,0.33333333333350695,4.5171008629091186e-13,0.03077005371973307,0.08273283622432825,0.3333333333332278,0.3333333333332346,0.33333333333353765,5.308794977744188e-13,0.03076935102574474,0.08627446085007673,0.3333333333332214,0.33333333333322374,0.3333333333335549,5.755560150826941e-13,0.030769402042370997,0.08923111829876218,0.33333333333321685,0.33333333333321724,0.33333333333356596,6.041542893000534e-13,0.030769671659345188,0.11444602446338148,0.3333333333331836,0.33333333333319337,0.33333333333362314,7.530705456837249e-13
CaAl4O7_15,0.036216947749302064,0.24904896652257302,0.33260254815888857,0.3327012374213056,0.33469621441980574,0.003543947184727954,0.03641057734042408,0.2284831518087571,0.33230267863316737,0.3327982091094871,0.33489911225734553,0.0041353383315104325,0.036216264248105645,0.2279758240450135,0.33261083288018073,0.3326838577635529,0.33470530935626597,0.0035661657983684595,0.036216862034225694,0.22872379647289542,0.3326031331265736,0.33270002211424343,0.33469684475918293,0.003545471687099334,0.03621693032292295,0.2296649205329928,0.3326026363030503,0.332701063422602,0.3346963002743479,0.0035441536420689657,0.036216947749302064,0.3108422004812853,0.33260254815888857,0.3327012374213056,0.33469621441980574,0.003543947184727954
CdSe_186,0.018204493234355357,0.09831617283503469,0.3333227281176764,0.3333229183087164,0.3333543535736072,5.4612931301929554e-05,0.01822357535265462,0.05714666373771016,0.3332097341186704,0.3332239894395782,0.3335662764417516,0.0006055815069905056,0.018205716663336147,0.06046779899059873,0.3333191289653639,0.3333192798552388,0.3333615911793973,7.341638639442029e-05,0.018204817865627,0.06457032496434267,0.3333225658477401,0.3333227372254639,0.33335469692679587,5.55048392026369e-05,0.018204996701853715,0.06766730202372495,0.33332271140432224,0.3333228888406836,0.33335439975499404,5.473281605189761e-05,0.018204493234355357,0.1426290847785383,0.3333227281176764,0.3333229183087164,0.3333543535736072,5.4612931301929554e-05
AlFe2Mo_225,0.021825774321824087,0.08777134030740219,0.3333333333333327,0.33333333333333365,0.33333333333333365,1.8281554129255275e-15,0.021892907182276544,0.08220916888911589,0.3333333333333329,0.3333333333333329,0.333333333333334,1.8769600594669734e-15,0.021822384250822724,0.07893753556147987,0.33333333333333304,0.3333333333333335,0.33333333333333354,8.65820131692858e-16,0.02182550564590957,0.07970724235974147,0.333333333333333,0.33333333333333315,0.333333333333334,1.6191500525326516e-15,0.021825846802324134,0.08058307785180041,0.3333333333333327,0.33333333333333354,0.3333333333333336,1.4425129569002625e-15,0.021825774321824087,0.08777134030740219,0.3333333333333327,0.33333333333333365,0.33333333333333365,1.8281554129255275e-15
Na5OsN4_59,0.05086252748026021,0.2739272721729563,0.3329058256260006,0.3329071533197687,0.3341870210542306,0.0022179430168140658,0.05095949285977541,0.27903025938603976,0.3327441191731256,0.33295825840989957,0.33429762241697497,0.0025257986249422144,0.05084836937768167,0.27549046402076816,0.33290410495853934,0.33291022618392146,0.33418566885753953,0.002214448065327984,0.05086099540885347,0.27546230900953217,0.3329063582758114,0.3329070660590801,0.3341865756651085,0.0022167852277317213,0.050862221144045816,0.2757134718546118,0.3329059147807676,0.3329071350559564,0.3341869501632758,0.00221775869885295,0.05086252748026021,0.2739272721729563,0.3329058256260006,0.3329071533197687,0.3341870210542306,0.0022179430168140658
Lu2AgRu_225,0.00453526433234086,0.14081109295966387,0.33333332642162933,0.3333333366872634,0.33333333689110733,1.7959736882684463e-08,0.004514583590402466,0.0687710492793292,0.3333241241613901,0.3333379378927054,0.33333793794590466,2.3926130547703257e-05,0.004533684754814971,0.07541867777432332,0.3333332939984413,0.33333335295431293,0.33333335304724593,1.0219514266831988e-07,0.004534393507166001,0.084376805224598,0.3333333166287564,0.3333333416274257,0.3333333417438178,4.340011500842998e-08,0.004534421472814354,0.09043038917786939,0.33333332009228783,0.333333339888262,0.33333334001945003,3.440180784864501e-08,0.00453526433234086,0.17942868285665348,0.33333332642162933,0.3333333366872634,0.33333333689110733,1.7959736882684463e-08
Ga2Te5_87,0.0715198728978036,0.07139674101736104,0.32903587030715664,0.3290660649460957,0.34189806474674744,0.022248199305101468,0.07191329116135647,0.055278117180368236,0.32895497311914773,0.32896971589227725,0.3420753109885748,0.02270843057194713,0.07152625144153124,0.05734463640618637,0.3290347008093102,0.3290645838862256,0.3419007153044643,0.022255081286831194,0.07152002578395045,0.058698203943484795,0.3290358518759295,0.32906601592020984,0.3418981322038606,0.022248374383400618,0.07151989165947015,0.059677181099682675,0.3290358750466273,0.3290660549712524,0.3418980699821203,0.022248212855346963,0.0715198728978036,0.1538063024648999,0.32903587030715664,0.3290660649460957,0.34189806474674744,0.022248199305101468
GdGe_63,0.009434195720741445,0.062405432075435696,0.33313509279015363,0.33342768753208984,0.33343721967775675,0.0005152424230874745,0.009464178596056527,0.041500898233435946,0.3329354877070915,0.3331558711371046,0.3339086411558043,0.0015308119175954675,0.009434475509002005,0.04202393608995991,0.3331306046469202,0.3334301453467314,0.33343925000634816,0.0005268815559250139,0.009434105672931792,0.04386615264152094,0.33313495434446594,0.3334280047634107,0.33343704089212356,0.0005155818807946347,0.009434113261621357,0.04534110477347142,0.3331350806192455,0.3334277150068928,0.33343720437386176,0.0005152722552577534,0.009434195720741445,0.08828422477900066,0.33313509279015363,0.33342768753208984,0.33343721967775675,0.0005152424230874745
LiScAs2O7_5,0.03258415521777602,0.15218349059211034,0.3323555244973904,0.33365621414995594,0.3339882613526537,0.0025887811592900686,0.03269247582654233,0.12831024554138326,0.3323466125440021,0.33353933421559767,0.3341140532404001,0.0027046376216324614,0.03257620277866735,0.12911471390649976,0.33235380262795194,0.3336518868119461,0.3339943105601018,0.002596205689746092,0.03258313883049968,0.12984090319034458,0.3323553093215699,0.33365597767861516,0.33398871299981464,0.0025895284976762537,0.032583986498244455,0.13061502066696118,0.3323554889570142,0.333656185027424,0.33398832601556194,0.0025888988386576486,0.03258415521777602,0.22469888003803162,0.3323555244973904,0.33365621414995594,0.3339882613526537,0.0025887811592900686
MoIr3_194,0.028467837203698387,0.08002768661511872,0.3282463051215258,0.33587676966522734,0.3358769252132472,0.013215717520560622,0.028275772311771474,0.09435792491822215,0.3281937539222843,0.33589946471529897,0.3359067813624169,0.01335222995606314,0.028464044206046757,0.08658482881590546,0.3282453413781588,0.33587720893178497,0.33587744969005645,0.013218220964763782,0.028468357640563102,0.08461477017297214,0.3282464344856614,0.335876697246654,0.33587686826768476,0.013215381481805526,0.028467534772309233,0.08370255502638335,0.32824632227233885,0.3358767561768974,0.3358769215507641,0.013215672969491978,0.028467837203698387,0.12083078477187714,0.3282463051215258,0.33587676966522734,0.3358769252132472,0.013215717520560622
MgCu4Sn_216,0.004008331958056832,0.2037065810856662,0.3333333332589246,0.33333333325905273,0.3333333334820223,3.8630554239681116e-10,0.004066664932570685,0.04450039576796283,0.33333333330586723,0.33333333330599507,0.33333333338813775,1.4238631791797932e-10,0.0040075493600228995,0.0600780985399495,0.3333333332913733,0.33333333329150144,0.3333333334171251,2.1769768631240314e-10,0.004007915058013456,0.07140978717121527,0.33333333328364345,0.3333333332837715,0.3333333334325848,2.5786316332885566e-10,0.004007901953148263,0.07977112235817108,0.333333333279003,0.33333333327913106,0.33333333344186605,2.8197624010604026e-10,0.004008331958056832,0.2037065810856662,0.3333333332589246,0.33333333325905273,0.3333333334820223,3.8630554239681116e-10
TaSi2_180,0.13701739655654055,0.11138187204332006,0.3127517038471971,0.3436239073889018,0.3436243887639013,0.053421749518298076,0.1377265585515557,0.09657950760641942,0.31204881112776545,0.34396228203301293,0.3439889068392218,0.05524254407207866,0.13704022318395193,0.09458945335843905,0.3127289722611266,0.34363532604698843,0.343635701691885,0.053480639258152086,0.13701875256827445,0.09495749098532424,0.31275082403614335,0.34362435628146903,0.34362481968238756,0.05342402881348391,0.13701802187309886,0.09541705664401556,0.31275163077477386,0.34362394973674665,0.3436244194884793,0.05342193882424299,0.13701739655654055,0.15054092289901733,0.3127517038471971,0.3436239073889018,0.3436243887639013,0.053421749518298076
In2Pt_225,0.07400163645868851,0.1124228586437761,0.3333331775663801,0.33333331940445166,0.3333335030291685,4.895336075199957e-07,0.07417356901599359,0.09297627736561631,0.33332908635248687,0.33333532631898544,0.33333558732852764,1.1040923695324728e-05,0.0739995073683718,0.0916205047940507,0.33333317255349015,0.333333309259933,0.3333335181865768,5.222086144444916e-07,0.07400129703692038,0.09165702194158165,0.33333317733352275,0.33333331638803076,0.33333350627844666,4.953775668988127e-07,0.0740013328073359,0.09186911194880887,0.33333317748336794,0.3333333174174281,0.3333335050992041,4.931604098181445e-07,0.07400163645868851,0.18679248371997526,0.3333331775663801,0.33333331940445166,0.3333335030291685,4.895336075199957e-07
H4NF_186,0.12354853258052756,0.24047117039468857,0.33330225384968276,0.33330251575521364,0.3333952303951036,0.00016081376221689582,0.12419166489658151,0.17711805278023118,0.3330733552762626,0.33311716950931664,0.3338094752144209,0.0012387968314066964,0.12354928563695455,0.17793287939765,0.33328976427898904,0.33329039468152516,0.3334198410394858,0.00022475559887522815,0.12354665925477915,0.18263157083313075,0.3333012957968445,0.33330160925733177,0.33339709494582365,0.000165658194370438,0.12354741310611761,0.18625736953577265,0.33330212112348034,0.33330241282649586,0.33339546605002357,0.00016142612478671343,0.12354853258052756,0.36179480767559613,0.33330225384968276,0.33330251575521364,0.3333952303951036,0.00016081376221689582
Zr2TlC_194,0.014729927185808567,0.06567888559149204,0.3322539327529358,0.33225426413608944,0.33549180311097465,0.00560781021938396,0.014831518109748032,0.049423186104346595,0.332481327121661,0.3324885126275445,0.3350301602507949,0.0044084702656005965,0.014731037095503274,0.050363618968518487,0.33226055047929837,0.3322608626303068,0.3354785868903947,0.005573474541931429,0.014729938441276458,0.05130444111969734,0.332254251502716,0.3322545824483411,0.335491166048943,0.005606155135656804,0.014729905687213218,0.0520239892900245,0.332253957927034,0.3322542891132373,0.33549175295972905,0.005607679926697092,0.014729927185808567,0.11782706035275459,0.3322539327529358,0.33225426413608944,0.33549180311097465,0.00560781021938396
Hf3Si2_127,0.14455572772676606,0.11826811939977744,0.31517567806875335,0.31517567806876307,0.3696486438624834,0.09407121940700211,0.14507036264955497,0.11682449413618012,0.3149315191454074,0.31493151914541756,0.37013696170917526,0.0953285455685707,0.1445651496261191,0.11494119973160544,0.3151689588509552,0.3151689588509653,0.36966208229807973,0.09410582486119204,0.14455677419630453,0.1147756628292057,0.31517544057378283,0.31517544057379276,0.3696491188524246,0.09407244256236567,0.1445561972620465,0.11482856178777767,0.3151756625313436,0.3151756625313535,0.3696486749373026,0.09407129942835131,0.14455572772676606,0.11826811939977744,0.31517567806875335,0.31517567806876307,0.3696486438624834,0.09407121940700211
NaTeAu_194,0.024665210140081606,0.1431705986021269,0.32822149217761193,0.3282215654674055,0.34355694235498246,0.026555470947291052,0.02473828274501222,0.13189785588551273,0.32815034268035137,0.32815758643324594,0.34369207088640263,0.0269062965315123,0.024665552487513676,0.1308740984571427,0.32822106993104516,0.3282211918308891,0.3435577382380657,0.026557537254482354,0.024665178340264382,0.13215800816657208,0.32822153154844486,0.3282216165918611,0.343556851859694,0.02655523599949308,0.024665282581654124,0.13344120114959146,0.3282214989958526,0.3282215799157769,0.34355692108837044,0.026555415734020864,0.024665210140081606,0.17283210422971151,0.32822149217761193,0.3282215654674055,0.34355694235498246,0.026555470947291052
SrZnSn_194,0.014203426287088816,0.14700281572377327,0.33326941035566215,0.33336515684731277,0.33336543279702496,0.0001660772819451242,0.014305111998723197,0.06755714636961385,0.3330935681195989,0.3334416054012562,0.33346482647914477,0.000623901278336367,0.014205608099477351,0.08185460590622384,0.3332615522849869,0.33336909919954144,0.33336934851547184,0.00018649300693789823,0.014203732912500655,0.09153030509153337,0.3332689338665407,0.33336540971174117,0.3333656564217181,0.00016731513038888507,0.014203521501013894,0.0981315865148975,0.3332693345718099,0.33336520511304296,0.33336546031514735,0.00016627409899116726,0.014203426287088816,0.1693084911946776,0.33326941035566215,0.33336515684731277,0.33336543279702496,0.0001660772819451242
U3As4_220,0.021817674949759835,0.08374024163897364,0.3332755645842735,0.33335922636671617,0.3333652090490106,0.00015035565915406173,0.021641940892508482,0.0704736394619877,0.33327593905617087,0.33334558606900966,0.3333784748748195,0.00015706355615050684,0.02179526760881001,0.07185163476088119,0.3332760140069215,0.3333590301613707,0.3333649558317079,0.00014918500315725183,0.021815697479472207,0.07300131700029577,0.3332756007186654,0.33335921082726594,0.3333651884540687,0.00015026149402197223,0.021817524885545447,0.07376471968444087,0.3332755670437634,0.33335922529165213,0.33336520766458466,0.00015034925290721753,0.021817674949759835,0.14080383180719702,0.3332755645842735,0.33335922636671617,0.3333652090490106,0.00015035565915406173
SmGa3_194,0.013191007606142113,0.057461874285880454,0.333128172859705,0.33343581040494397,0.3334360167353509,0.000533022585417383,0.013219794787314387,0.040564336573796544,0.33329206501108355,0.3332995800244146,0.33340835496450194,0.0001952376076862321,0.013190254824768322,0.0439983354211102,0.33313445119166807,0.33343267852974234,0.3334328702785898,0.0005167109951897268,0.013190803297587261,0.045171525341955565,0.33312839867631217,0.33343569923606964,0.3334359020876182,0.0005324358939198858,0.013190992689538716,0.04606209217188095,0.3331281913516408,0.3334358023147129,0.3334360063336464,0.000532974539978656,0.013191007606142113,0.09883593329404805,0.333128172859705,0.33343581040494397,0.3334360167353509,0.000533022585417383
BaZnGe_194,0.013231411489212808,0.15310257545414163,0.33330673772807595,0.33334659511909487,0.3333466671528292,6.909749371752306e-05,0.013347357558275541,0.06255399443391263,0.33319906608402056,0.3332325155654277,0.33356841835055195,0.0006128261372122622,0.013234442059622653,0.07844365341000681,0.3333181690755132,0.33334082230412687,0.33334100862035987,3.939888871698985e-05,0.013232048457318513,0.08880175898242026,0.33330730038679945,0.33334632215128623,0.3333463774619145,6.763562988358972e-05,0.013231917282990335,0.09565678808498401,0.3333067771422576,0.3333465848636734,0.33334663799406905,6.899505421649338e-05,0.013231411489212808,0.16820268063613597,0.33330673772807595,0.33334659511909487,0.3333466671528292,6.909749371752306e-05
BaI2_62,0.010941358389685463,0.02360860695599687,0.33258984534014185,0.33356926636026446,0.33384088829959385,0.001974137437692227,0.011022913958396385,0.015848225258972892,0.33236133724902467,0.333450064597221,0.33418859815375435,0.0027576119466819556,0.010942102884312965,0.016130295812013307,0.33258162505433886,0.3335644541788276,0.33385392076683384,0.0020006773550895526,0.010941334922965673,0.016355873423049228,0.3325894956652792,0.3335690721740194,0.3338414321607018,0.0019752550424110673,0.010941312734994879,0.01649973012421957,0.33258982099451634,0.3335692530518899,0.3338409259535937,0.001974215105194344,0.010941358389685463,0.02360860695599687,0.33258984534014185,0.33356926636026446,0.33384088829959385,0.001974137437692227
ErInCu_189,0.005166071081743162,0.20541128273839582,0.3332316181574793,0.33323788371171564,0.3335304981308053,0.0005123353344184525,0.005227034384029383,0.1470683925404339,0.3333081156084049,0.33332332244777646,0.3333685619438189,9.432618455918406e-05,0.005164242491661808,0.15544238915721886,0.33323509172389226,0.333241207434953,0.3335237008411544,0.0004946743207749391,0.005165879394860351,0.1610350877377259,0.33323184559771263,0.3332380707875861,0.3335300836147012,0.0005112574624406938,0.005166065023166522,0.16538024758997383,0.3332316582103829,0.33323789775369206,0.3335304440359248,0.0005121941010574608,0.005166071081743162,0.2458442134102118,0.3332316181574793,0.33323788371171564,0.3335304981308053,0.0005123353344184525
Mg2Ge_225,0.2056935064507961,0.17492095251870143,0.33333324769426226,0.3333333512870393,0.3333334010186984,2.34669184359568e-07,0.20621535918833955,0.16882082240861207,0.33332566836492306,0.3333371333768905,0.33333719825818636,1.9914409892975504e-05,0.20569943705884397,0.16738506202430925,0.3333332387355745,0.33333335738206665,0.3333334038823589,2.5547816256204946e-07,0.20569335138019496,0.1673259960799306,0.3333332456486443,0.3333333531992891,0.3333334011520666,2.3889723026671147e-07,0.20569332662477924,0.16732775518971021,0.333333246450435,0.33333335253858726,0.33333340101097775,2.371494152116033e-07,0.2056935064507961,0.24448035958745273,0.33333324769426226,0.3333333512870393,0.3333334010186984,2.34669184359568e-07
CoSn2_140,0.02634726978215418,0.06325050899409768,0.3315908314539326,0.3315908314539915,0.3368183370920754,0.009054057946877496,0.02648422065913625,0.04739810972495073,0.3317376125234814,0.33173761252353884,0.33652477495297956,0.008291418540293615,0.026348808001810498,0.04718347992990879,0.33159547655691723,0.33159547655697613,0.33680904688610647,0.009029923257080515,0.026347562951935632,0.0485191969569464,0.3315910178154381,0.3315910178154971,0.33681796436906464,0.0090530896634624,0.026347401052897013,0.04965770237596656,0.3315908456049123,0.3315908456049714,0.3368183087901162,0.009053984422257591,0.02634726978215418,0.06325050899409768,0.3315908314539326,0.3315908314539915,0.3368183370920754,0.009054057946877496
Ga_64,0.14661452706603617,0.05997137180582823,0.30509258316687426,0.33401790946214066,0.3608895073709849,0.08351940593394323,0.14742354353665532,0.055951657807642774,0.304825941906003,0.33400711030109326,0.3611669477929039,0.0843290242717584,0.14662481776404457,0.05890508559266716,0.30508954295757573,0.334017765854472,0.3608926911879523,0.08352866695608266,0.14661495381417644,0.05916424101203399,0.30509260274728806,0.334017960302687,0.36088943695002507,0.08351927468962052,0.1466150962398164,0.05920830932131793,0.3050925965116073,0.33401792185765183,0.36088948163074075,0.08351934840754885,0.14661452706603617,0.05997137180582823,0.30509258316687426,0.33401790946214066,0.3608895073709849,0.08351940593394323
Cs3AuO_194,0.006001159189942373,0.043784152969314705,0.33200928770204546,0.3339953001128432,0.33399541218511136,0.0034399578927264093,0.0060964919702967135,0.019705117726857457,0.3320092740169988,0.33398526956176783,0.3340054564212336,0.003440126708316893,0.006002018157609146,0.021275583405575116,0.33200842848167256,0.33399571964509434,0.3339958518732332,0.0034421901879111076,0.00600119112147135,0.023138202093679228,0.3320091090663311,0.33399539249903265,0.33399549843463616,0.003440421995995601,0.006001174499699724,0.024583075469613025,0.3320092500977514,0.33399532103366975,0.3339954288685789,0.0034400555900870834,0.006001159189942373,0.13966088963197976,0.33200928770204546,0.3339953001128432,0.33399541218511136,0.0034399578927264093
Mn(GaSe2)2_82,0.064295997885924,0.1156336143151575,0.332371276558368,0.33239482207024346,0.3352339013713885,0.004937906780855095,0.06467224296035767,0.08036292120613575,0.33237321231152656,0.3324023403670984,0.33522444732137485,0.004913412991788513,0.0643015686670223,0.08568169410989823,0.33237121241475537,0.3323949280614184,0.33523385952382617,0.004937799895034041,0.06429627001023552,0.08921348369082138,0.33237126900093533,0.33239482100586987,0.33523390999319475,0.004937929249515213,0.0642960120258983,0.09163075764078743,0.3323712702684485,0.3323948149959232,0.33523391473562836,0.0049379414920189945,0.064295997885924,0.17540260129202911,0.332371276558368,0.33239482207024346,0.3352339013713885,0.004937906780855095
B3Ru2_194,0.08670935247896916,0.08277789001874158,0.3076523980353088,0.34617362424340364,0.3461739777212875,0.0666222396856,0.0869065191925199,0.08199298072820538,0.30668996020575223,0.34665204417060574,0.3466579956236423,0.06911121764871961,0.08670522821582682,0.08174563344649044,0.3076285606408209,0.34618555629571424,0.346185883063465,0.06668389611841463,0.0867088648727471,0.08213904681704809,0.30765141861732176,0.34617411722359553,0.34617446415908265,0.06662477300174961,0.08671015979854702,0.08237346955193381,0.30765232972956214,0.3461736605152702,0.34617400975516777,0.0666224163619904,0.08670935247896916,0.12308903263284332,0.3076523980353088,0.34617362424340364,0.3461739777212875,0.0666222396856
Ca3AsCl3_221,0.019490769945271325,0.06217416639964446,0.33333333333333287,0.3333333333333332,0.3333333333333338,1.2546001239352075e-15,0.019367261911503175,0.05520546268263471,0.33333333333333276,0.3333333333333333,0.33333333333333387,1.7087718226711105e-15,0.01949888929768495,0.05538880086588016,0.3333333333333326,0.33333333333333354,0.3333333333333339,1.9968557867957565e-15,0.019494786270713327,0.05561665362028956,0.3333333333333331,0.3333333333333333,0.33333333333333354,5.717534936683354e-16,0.01949320575754776,0.05602807189452341,0.33333333333333287,0.3333333333333334,0.3333333333333336,9.905027268499357e-16,0.019490769945271325,0.06217416639964446,0.33333333333333287,0.3333333333333332,0.3333333333333338,1.2546001239352075e-15
ZrP_194,0.02361756539407367,0.05668091672141862,0.3311827316568465,0.33440857306820626,0.3344086952749473,0.005587368914427904,0.023704847946534935,0.048602080786857904,0.33125532434510807,0.3343667310571823,0.33437794459770975,0.005398799467716876,0.023619456599279554,0.04783226552238229,0.3311840979867107,0.3344078739364442,0.33440802807684533,0.005583819197840836,0.02361748049404022,0.048482465446789025,0.33118276986696654,0.33440855313490825,0.33440867699812526,0.005587269644805091,0.023617507830769102,0.04899897375796225,0.331182733559771,0.33440857163050214,0.33440869480972685,0.005587363970687122,0.02361756539407367,0.11238711032977178,0.3311827316568465,0.33440857306820626,0.3344086952749473,0.005587368914427904
ScTaO4_13,0.030386818199982568,0.17392631406886028,0.3321923732960176,0.3337193693391533,0.33408825736482906,0.0030154937267160725,0.03044275917150019,0.16772803332802244,0.3321572978406572,0.33377872665402686,0.3340639755053159,0.0030852336423061095,0.030383609401728462,0.16843250994900683,0.33219063276937966,0.3337347296684578,0.3340746375621625,0.003012277396591328,0.03038663911221018,0.16826089712516834,0.3321921710063755,0.33372054103385984,0.3340872879597647,0.0030154227985519726,0.030386810084831573,0.168215026768738,0.3321923374798796,0.3337195408789934,0.334088121641127,0.0030155006640213335,0.030386818199982568,0.17399819091448532,0.3321923732960176,0.3337193693391533,0.33408825736482906,0.0030154937267160725
NdCu5_191,0.004274450002281438,0.17282692174848324,0.3331037689078375,0.3331042429622694,0.33379198812989297,0.0011916197643115304,0.004266350008187314,0.11390090326507107,0.3331006828974759,0.33343789822483344,0.33346141887769054,0.0006054722774085099,0.004270444585912747,0.12501967433147498,0.3331183044765197,0.333118918901189,0.3337627766222915,0.0011157263108538566,0.0042745617824836435,0.13280628442521092,0.3331045184313224,0.3331050357605754,0.33379044580810213,0.0011876127417832767,0.004274875288411306,0.13821548384846305,0.3331038450998156,0.3331043473813728,0.33379180751881177,0.001191150549735786,0.004274450002281438,0.18980285560909138,0.3331037689078375,0.3331042429622694,0.33379198812989297,0.0011916197643115304
TlF_57,0.007722330064381611,0.0725151029843164,0.33277439058152736,0.3332923043261708,0.3339333050923016,0.0017416351726488605,0.007744990467583368,0.04122199102128399,0.33285424654554374,0.3331185174464605,0.3340272360079958,0.0018458768860959843,0.007723117349695219,0.04291575367293643,0.33279154400536515,0.3332698389335706,0.3339386170610643,0.0017284976930788027,0.0077221276610871525,0.044672443659134364,0.3327754783572135,0.3332907847282369,0.3339337369145493,0.0017408993249899368,0.007722110762467538,0.04614135454267054,0.3327745118651352,0.33329211826664884,0.33393336986821587,0.0017415802246543036,0.007722330064381611,0.0725151029843164,0.33277439058152736,0.3332923043261708,0.3339333050923016,0.0017416351726488605
Hf6CoBi2_189,0.08274499572730332,0.1410597197651714,0.33167473411584947,0.33416260754545235,0.3341626583386982,0.004309140499839346,0.0827782093276006,0.1298967265385853,0.3316852500301045,0.334149267003207,0.33416548296668835,0.0042818889434771655,0.0827436962086745,0.1293167763388361,0.33167537814382825,0.3341622577027628,0.33416236415340905,0.0043074672994118345,0.08274509660937301,0.13041121884799878,0.33167480549956335,0.334162567577431,0.33416262692300563,0.004308955043199884,0.08274500906634441,0.13128980949611935,0.3316747567650573,0.33416259432179873,0.3341626489131441,0.004309081656668218,0.08274499572730332,0.17372404852969592,0.33167473411584947,0.33416260754545235,0.3341626583386982,0.004309140499839346
GeAs2_55,0.08722744223840406,0.07277037754032356,0.3266613514711783,0.3352330104089717,0.33810563811984995,0.017859946531466393,0.08763523732346401,0.05269053683218439,0.3266449924257873,0.33541136929577364,0.33794363827843926,0.017785246809436488,0.08723436559054432,0.055214711985740905,0.32666429490117227,0.3352378645118764,0.3380978405869512,0.01784795857627872,0.0872277858431435,0.05652773444894865,0.32666150880017797,0.3352332731024027,0.3381052180974196,0.01785930303381781,0.08722770866567775,0.05741587421980854,0.3266613702290056,0.33523303902185797,0.3381055907491366,0.017859871765533313,0.08722744223840406,0.07277037754032356,0.3266613514711783,0.3352330104089717,0.33810563811984995,0.017859946531466393
Nd(CuSi)2_139,0.016906722198682056,0.1444342482442792,0.332988820016158,0.3329889647842408,0.33402221519960157,0.0017897656913249615,0.01694335009079717,0.08249110472951549,0.33300481573658347,0.33300658753186757,0.3339885967315489,0.0017024246768788654,0.0169010846898765,0.0897467234266186,0.33299053212021074,0.33299067693188056,0.33401879094790865,0.001780869252890888,0.016905755533847988,0.09592394205838861,0.33298895345568336,0.3329890968037759,0.3340219497405409,0.0017890760104108654,0.016906295501476043,0.10011417329067829,0.33298882863007145,0.33298897215229145,0.3340221992176371,0.0017897241688712416,0.016906722198682056,0.1698868441530531,0.332988820016158,0.3329889647842408,0.33402221519960157,0.0017897656913249615
ZrCoSn_189,0.014759100537464986,0.06601763000691296,0.33294760039865073,0.33294773869692734,0.33410466090442226,0.0020039651417804905,0.014823042170482581,0.03911076521772183,0.3328524196247838,0.33286681350059816,0.33428076687461805,0.0024615942623598037,0.01475965652386324,0.04178517508159396,0.3329451234914426,0.33294527637862026,0.33410960012993707,0.0020167975765296694,0.01475936618163054,0.044542313888959684,0.3329475137734693,0.3329476523982868,0.33410483382824363,0.0020044144092908724,0.01475934364114051,0.04657549181458631,0.33294759300245597,0.33294773113592147,0.3341046758616227,0.002004004001545077,0.014759100537464986,0.11538172249266632,0.33294760039865073,0.33294773869692734,0.33410466090442226,0.0020039651417804905
MgInRh2_225,0.019815270249236128,0.06313042175184991,0.33333332782061487,0.3333333359749782,0.3333333362044068,1.4326596362308023e-08,0.019780312774450137,0.04499659550156243,0.3333284533193337,0.3333357733134641,0.33333577336720227,1.2678648283268748e-05,0.019810628032240762,0.04450742680235997,0.33333329350862356,0.3333333531982137,0.3333333532931625,1.0346772886266964e-07,0.019815384500658673,0.04578258262948043,0.33333331781281417,0.33333334103340345,0.3333333411537823,4.032389577999254e-08,0.019815521614809484,0.04672954839358623,0.33333332139467525,0.33333333923403047,0.33333333937129445,3.101822711717692e-08,0.019815270249236128,0.18564514454805459,0.33333332782061487,0.3333333359749782,0.3333333362044068,1.4326596362308023e-08
FeNi_123,0.004999564436175996,0.06310178252514387,0.3327997639587294,0.33279976395872946,0.3344004720825411,0.002772500694653411,0.005173188135952245,0.03253508985643394,0.3327758142780755,0.33277581427807595,0.33444837144384876,0.0028969458856396217,0.004997953466402638,0.03443598290815497,0.33279852825557166,0.33279852825557205,0.3344029434888564,0.002778921547139471,0.004999356738978555,0.0375044755227798,0.3327996739227512,0.33279967392275134,0.3344006521544973,0.0027729685317224076,0.0049995273451687305,0.04019614758489354,0.3327997484113781,0.3327997484113783,0.3344005031772435,0.002772581480439171,0.004999564436175996,0.06310178252514387,0.3327997639587294,0.33279976395872946,0.3344004720825411,0.002772500694653411
LiScO2_141,0.034118199120063974,0.2591341229834786,0.3322042675906702,0.33220427442986605,0.33559145797946355,0.005866712616774298,0.03440715063385247,0.24699887752120475,0.3322136200506725,0.33224805752484876,0.3355383224244787,0.005728899916689369,0.03411546466958093,0.24923082215789372,0.33220426717878215,0.33220466067095167,0.3355910721502663,0.005865710267296546,0.034118204023746546,0.2588676413216766,0.33220423167203994,0.3322043119236508,0.33559145640430915,0.005866708525769668,0.03411820417370548,0.265210561023863,0.332204252237129,0.3322043065679211,0.3355914411949497,0.0058666690113861174,0.034118199120063974,0.51387265657427,0.3322042675906702,0.33220427442986605,0.33559145797946355,0.005866712616774298
TiMnRh2_225,0.019576706003040734,0.09122321858202409,0.3333333158390732,0.33333334180470764,0.3333333423562193,4.545894928199231e-08,0.019516288029667983,0.0806900281783739,0.3333221144091851,0.33333894272765785,0.33333894286315713,2.9147619938987905e-05,0.019572826058704584,0.07968345028893842,0.3333332363923211,0.333333381683765,0.33333338192391376,2.518603951139203e-07,0.01957823779404222,0.08176074488821516,0.33333329225240665,0.33333335372215234,0.33333335402544106,1.0673234803781924e-07,0.019578206658393493,0.08302533804630086,0.3333333008198508,0.33333334941801396,0.3333333497621351,8.447408245042504e-08,0.019576706003040734,0.19258376582284442,0.3333333158390732,0.33333334180470764,0.3333333423562193,4.545894928199231e-08
HfAlNi2_225,0.015620263837495041,0.17782334475958717,0.33333325899823363,0.3333333508216455,0.33333339018012087,2.0195042483970583e-07,0.015662735506099867,0.11083360490699046,0.3333143046473492,0.33334282944513066,0.33334286590752005,4.943800660251096e-05,0.015619507462706461,0.12145816015671707,0.33333314284795723,0.33333340955115537,0.3333334476008875,4.981757619228019e-07,0.015619395925590807,0.12906053858049304,0.3333332244494381,0.33333336843533107,0.33333340711523096,2.8877724278892413e-07,0.015619129979997148,0.13426716647604464,0.33333323683034227,0.3333333621558007,0.33333340101385694,2.574081745745001e-07,0.015620263837495041,0.2160484591126861,0.33333325899823363,0.3333333508216455,0.33333339018012087,2.0195042483970583e-07
PuSi2_191,0.028864076997896837,0.06456649794282165,0.33315268900889017,0.333423571240624,0.3334237397504858,0.0004693277556576915,0.02908845713699948,0.048690290786591484,0.3331883444622493,0.33340260554295886,0.3334090499947917,0.00037681613182137443,0.02886637280696347,0.04799873703616109,0.3331537724639227,0.33342302300808174,0.33342320452799534,0.0004665128689205138,0.0288639913621207,0.04914349221656711,0.3331527362562516,0.3334235467407079,0.33342371700304035,0.0004692050048802609,0.028863925446732108,0.05004942729397832,0.3331526914099898,0.3334235694742123,0.33342373911579787,0.000469321518337473,0.028864076997896837,0.11869961018666642,0.33315268900889017,0.333423571240624,0.3334237397504858,0.0004693277556576915
Ba2Ti(SiO4)2_100,0.030378973511226315,0.10222501382027704,0.33117327213147435,0.3344133639342346,0.3344133639342906,0.00561194470863682,0.03044763452445831,0.08607066796231477,0.3313525328985659,0.3343237335506901,0.33432373355074396,0.005146225058161789,0.030373948674651152,0.08861834905526489,0.33117972646577554,0.33441013676708436,0.3344101367671401,0.005595176382766797,0.030378559134049632,0.08949170296239883,0.33117367940361453,0.33441316029816487,0.33441316029822077,0.005610886617896326,0.030378911799047836,0.09007111673083823,0.33117332934200816,0.33441333532896805,0.334413335329024,0.005611796075991297,0.030378973511226315,0.10222501382027704,0.33117327213147435,0.3344133639342346,0.3344133639342906,0.00561194470863682
KAuS_63,0.015634948424699036,0.05256673610844431,0.3290687828172586,0.3302996287154625,0.3406315884672789,0.019048791953071475,0.01570556110501775,0.03250355632497259,0.32871064288431334,0.33040956843566355,0.34087978868002317,0.01976861431945726,0.01563294104570534,0.03379859648461747,0.3290599612556909,0.3303030647610165,0.34063697398329273,0.01906450174904678,0.0156345786768185,0.03493033868897333,0.3290683242148339,0.33029982267868896,0.34063185310647714,0.01904957087005779,0.015634778107620373,0.03588798890289513,0.3290687313724612,0.33029964994575,0.3406316186817888,0.01904888061582817,0.015634948424699036,0.07904744293100041,0.3290687828172586,0.3302996287154625,0.3406315884672789,0.019048791953071475
LiVRh2_225,0.029716817227538717,0.0903886714165486,0.3333325208316864,0.3333335780149369,0.3333339011533767,2.165874942788993e-06,0.029490606562505906,0.09331083214388469,0.3333243502256434,0.3333376752853895,0.33333797448896685,2.3343113256108386e-05,0.02970232866203293,0.08859107522924559,0.3333324644088028,0.3333336075074955,0.3333339280837016,2.308177181736191e-06,0.02971833098956922,0.08812285847957746,0.3333325059188281,0.33333358570755456,0.3333339083736173,2.203498304143702e-06,0.029719123436700023,0.08798593727286397,0.33333251137657105,0.3333335828525151,0.3333339057709137,2.1897508672618877e-06,0.029716817227538717,0.20182976858502188,0.3333325208316864,0.3333335780149369,0.3333339011533767,2.165874942788993e-06
Li2GaRh_216,0.04213115395144529,0.10874448180470819,0.33333320790552545,0.33333329560997205,0.33333349648450245,4.4382508871365945e-07,0.042311117842038226,0.07890158280649284,0.33332763183246317,0.3333360819725369,0.3333362861949999,1.4816100953531381e-05,0.0421283987910811,0.0835002534169309,0.33333317455585926,0.3333333100236668,0.33333351542047385,5.148709459801069e-07,0.042130541075151906,0.08549648099293028,0.3333331989019675,0.3333332990777008,0.3333335020203317,4.6330599760425183e-07,0.04213071354847775,0.08685892952388352,0.3333332022728352,0.33333329771134684,0.33333350001581763,4.561027715240837e-07,0.04213115395144529,0.1875232083114381,0.33333320790552545,0.33333329560997205,0.33333349648450245,4.4382508871365945e-07
LiTi2N3_63,0.059061024389821304,0.20474761136954245,0.3302760025524016,0.3346592774980894,0.3350647199495092,0.007966257635117357,0.058938810039292355,0.20281940536233845,0.3307077120942507,0.33405514932437885,0.33523713858137044,0.007048089330525423,0.05905149381519226,0.20290289974536424,0.33029046611130175,0.33463933694442094,0.33507019694427725,0.007931808002672841,0.05906108423581791,0.2033663772819866,0.3302772306149357,0.3346575981853304,0.33506517119973395,0.007963321244396374,0.059061075695979404,0.20362968066300013,0.3302761969950753,0.33465901166315853,0.3350647913417661,0.007965792596774282,0.059061024389821304,0.3004256207921071,0.3302760025524016,0.3346592774980894,0.3350647199495092,0.007966257635117357
SrAlSiH_156,0.057657993208520164,0.10107405843937678,0.3330855666404217,0.33345713136127647,0.3334573019983018,0.0006437167127936412,0.05786723398561733,0.09761624111168454,0.33293997185564983,0.3335248527137761,0.3335351754305741,0.0010221000346577714,0.05765776855846483,0.097360465489858,0.3330798359921999,0.33345997177763453,0.3334601922301657,0.0006586053994296941,0.057658091374518605,0.09742749827478547,0.33308518948502625,0.3334573181822426,0.33345749233273125,0.000644696592884269,0.057658074456269914,0.09747271882172459,0.33308552648090334,0.333457150506101,0.3334573230129954,0.0006438210513523197,0.057657993208520164,0.1685298134678228,0.3330855666404217,0.33345713136127647,0.3334573019983018,0.0006437167127936412
Na2O2_189,0.028612953533384444,0.3534846918008887,0.3100293961116631,0.3100294578416309,0.3799411460467059,0.12050310502121447,0.028303181277544498,0.3141577957373122,0.3108302719833457,0.3108568702112155,0.3783128578054388,0.11633188420637433,0.028576486861235706,0.3153021410941371,0.3100481775548916,0.3100486599121061,0.3799031625330023,0.12040584932674397,0.028609442361466675,0.3209297799802787,0.3100285441745467,0.31002864872237595,0.37994280710307715,0.12050735805592092,0.028612489956348686,0.325921556880184,0.31002900441571346,0.3100290878432577,0.3799419077410286,0.12050505529415668,0.028612953533384444,0.4369288475368205,0.3100293961116631,0.3100294578416309,0.3799411460467059,0.12050310502121447
PuN_225,0.014594574776503833,0.03553363354584216,0.333333146398593,0.33333334293371975,0.3333335106676871,5.469726401800219e-07,0.014825852530121586,0.03358476090755225,0.33332702838896994,0.3333364034155696,0.3333365681954606,1.6382590637563113e-05,0.014593969206544655,0.0335906623997847,0.3333331077388291,0.33333336226062826,0.33333353000054255,6.378357700615089e-07,0.014594884072336889,0.033813231347511574,0.3333331438943531,0.33333334418919713,0.3333335119164499,5.527531812389083e-07,0.014594757134724912,0.03396749051524228,0.3333331451589482,0.33333334355842154,0.33333351128263056,5.498276712043306e-07,0.014594574776503833,0.14961452131717723,0.333333146398593,0.33333334293371975,0.3333335106676871,5.469726401800219e-07
TiVTc2_225,0.05037973998155476,0.13757532825919272,0.3333329146979018,0.33333353985639647,0.333333545445702,1.0876790688642396e-06,0.049724975517576264,0.14701264252190438,0.3333224716077579,0.3333387611975524,0.33333876719468963,2.821959225797063e-05,0.050342290926823186,0.14130218306038567,0.3333328291310663,0.33333358249107514,0.33333358837785815,1.3099856761104453e-06,0.05037506877030418,0.14040225554796104,0.3333328959327703,0.333333549117214,0.3333335549500156,1.1364336769633418e-06,0.05037702541562661,0.14004636621030675,0.33333290297312546,0.3333335456147221,0.3333335514121522,1.118142434919455e-06,0.05037973998155476,0.2410518066616656,0.3333329146979018,0.33333353985639647,0.333333545445702,1.0876790688642396e-06
TlAsS2_14,0.044472739092427105,0.05159058133273209,0.3305140095060519,0.3327881755251262,0.33669781496882195,0.009382945958966831,0.04475429609182058,0.033908790026203395,0.330016232906422,0.33304600738281387,0.3369377597107642,0.010408716467137516,0.04447851693522242,0.036240437034274375,0.33048939367836433,0.33280149912065576,0.33670910720098013,0.009431056608312125,0.04447310375654345,0.03719557300818521,0.3305125003077068,0.33278899617670044,0.3366985035155928,0.009385883072130476,0.04447288420556428,0.037851639058035014,0.3305138791399995,0.3327882437371468,0.33669787712285343,0.009383204659328126,0.044472739092427105,0.06932761132670795,0.3305140095060519,0.3327881755251262,0.33669781496882195,0.009382945958966831
LiF_225,0.015251907131535014,0.1904845303962096,0.33333333333333326,0.3333333333333333,0.3333333333333333,1.1928450202764946e-16,0.0152116221845362,0.208777140415209,0.3333333333333329,0.3333333333333334,0.3333333333333334,4.856740954850288e-16,0.015251853219603095,0.19938677870083665,0.3333333333333333,0.33333333333333337,0.3333333333333335,3.7294046291505913e-16,0.015251987432030378,0.19882158142942186,0.33333333333333315,0.33333333333333337,0.3333333333333336,6.968014000673544e-16,0.015251940495705663,0.19901885083328852,0.33333333333333326,0.3333333333333333,0.3333333333333335,3.738562773403947e-16,0.015251907131535014,0.1904845303962096,0.33333333333333326,0.3333333333333333,0.3333333333333333,1.1928450202764946e-16
Hf2GaSb3_115,0.12695061400014696,0.11991657036761827,0.325603566381345,0.3256035663813456,0.3487928672373095,0.04014346618052094,0.1273449182437496,0.11686248236775176,0.3253635167919187,0.3253635167919196,0.3492729664161618,0.04138872793525503,0.12695737378320338,0.11625199111280504,0.32559612144869304,0.3255961214486935,0.34880775710261336,0.04018208880133471,0.12695093645383682,0.11662484715000765,0.3256033116020815,0.3256033116020816,0.348793376795837,0.04014478791949559,0.12695065562782026,0.11687748956785049,0.32560354763154176,0.32560354763154215,0.34879290473691593,0.04014356345039516,0.12695061400014696,0.11991657036761827,0.325603566381345,0.3256035663813456,0.3487928672373095,0.04014346618052094
CaCd2_194,0.004340086211625738,0.12595816216889355,0.3332919843890671,0.33329200988658897,0.33341600572434404,0.0002147891725223712,0.004370305560682297,0.044357946985331576,0.3330204194203388,0.33348490106884476,0.3334946795108167,0.0008131063204241823,0.004340167471504119,0.05734912591620911,0.3332976643294638,0.3332977542365005,0.3334045814340356,0.00018510804255061572,0.0043400334871357416,0.06736981081129245,0.33329224165163557,0.3332922870347021,0.3334154713136623,0.00021340074035972918,0.004340011275601907,0.07433326954691766,0.333292018664416,0.3332920570152292,0.33341592432035494,0.0002145776830706925,0.004340086211625738,0.16196662531449268,0.3332919843890671,0.33329200988658897,0.33341600572434404,0.0002147891725223712
Li7Si2_55,0.16086938738628265,0.19999200004975282,0.3245743505413448,0.33230648275401725,0.343119166704638,0.027937590680140935,0.1613766847607967,0.20555539573466797,0.32429784807589845,0.3320407625000232,0.34366138942407826,0.029230475089703976,0.16087541532129124,0.20049706446725923,0.32456512221620143,0.33229586011235085,0.3431390176714477,0.02798361884867322,0.16086945378274664,0.1999451516241878,0.32457399558268585,0.3323060366518314,0.3431199677654829,0.02793942602114373,0.16086946291299953,0.19974061080441752,0.3245743254558168,0.33230645209787685,0.34311922244630655,0.027937718870859704,0.16086938738628265,0.19999200004975282,0.3245743505413448,0.33230648275401725,0.343119166704638,0.027937590680140935
ErB2Ru3_191,0.018001059351946513,0.07658790153941875,0.3329232072796562,0.3335383366464024,0.3335384560739413,0.0010655383555125417,0.018083786423400805,0.059898128714158116,0.3332574282602496,0.33327338249162425,0.3334691892481263,0.0003537743611724027,0.017998632176433715,0.05991226294151464,0.33293960536199835,0.33353012833898277,0.333530266299019,0.0010229349402033916,0.018000595633724248,0.06136163700841002,0.33292384319073653,0.33353801865014115,0.3335381381591221,0.001063886211979079,0.018000881168990124,0.06259081283611323,0.3329232720292594,0.3335383044343778,0.3335384235363629,0.0010653701312201148,0.018001059351946513,0.1078708627488364,0.3329232072796562,0.3335383366464024,0.3335384560739413,0.0010655383555125417
Sr(FeP)2_139,0.03460057294009555,0.07212642697893756,0.3287137049037908,0.33564311798509616,0.3356431771111128,0.012001570460734802,0.034568860918633204,0.054528899540607356,0.32940363631499686,0.3352958696414644,0.3353004940435389,0.010209299974648253,0.0346020063554584,0.05323988260787793,0.3287389349374664,0.33563049970095465,0.3356305653615792,0.01193603030042521,0.03460182204218787,0.05448705316603453,0.3287149243463327,0.33564250793333017,0.33564256772033696,0.011998402712292454,0.03460112446993635,0.05549682979281312,0.32871381450549236,0.33564306291296586,0.3356431225815417,0.012001285748180929,0.03460057294009555,0.10599574932072542,0.3287137049037908,0.33564311798509616,0.3356431771111128,0.012001570460734802
Ti2ReIr_225,0.06877113787293676,0.15871393530929778,0.3333333227471918,0.33333333845966406,0.33333333879314403,2.7508150785627226e-08,0.06800748869946405,0.16597181844655118,0.3333233592059584,0.33333832035928573,0.33333832043475586,2.5913543056276675e-05,0.06872948503773924,0.16197217577721978,0.33333324005347376,0.33333337990794587,0.3333333800385804,2.423482634058641e-07,0.0687669883124431,0.1612389486743382,0.33333331040579084,0.33333334471429293,0.33333334487991634,5.956802089803973e-08,0.06876821642375863,0.16088952382796107,0.333333315140227,0.33333334233512724,0.33333334252464575,4.726793155571213e-08,0.06877113787293676,0.26700899651981114,0.3333333227471918,0.33333333845966406,0.33333333879314403,2.7508150785627226e-08
SmCd3_194,0.0029249392184774736,0.08342690984188017,0.33311571911518517,0.3334420908402045,0.3334421900446104,0.0005653782827642285,0.002941457962152394,0.0448146083305192,0.33293153962788175,0.33352846030218436,0.3335400000699339,0.001044033791939207,0.0029251949581504677,0.05105650116812388,0.33311029349275134,0.33344478910969977,0.333444917397549,0.0005794744710909871,0.0029249888897714404,0.05695541803437498,0.3331154629103668,0.3334422177590795,0.3334423193305533,0.0005660439231163822,0.0029249697217283988,0.06115976777085619,0.3331156804862626,0.3334421097549618,0.3334422097587756,0.0005654786439304556,0.0029249392184774736,0.13592026020977765,0.33311571911518517,0.3334420908402045,0.3334421900446104,0.0005653782827642285
VGeRu2_225,0.03421646384199739,0.0983454860930898,0.33322540035466564,0.3333237737311831,0.3334508259141511,0.00033904923403660006,0.03392457419398054,0.087003865588414,0.3332300366207841,0.33332135442993177,0.3334486089492842,0.00032933230752750514,0.03419651899630283,0.08542491209846559,0.33322547811304093,0.33332377858614937,0.3334507433008095,0.00033880839883196145,0.034216072173430256,0.08582105979916022,0.3332254080860298,0.33332376997415336,0.33345082193981673,0.00033903243787573205,0.034216431360626465,0.08630251319571369,0.33322540356316366,0.33332377058894863,0.3334508258478873,0.00033904493322353,0.03421646384199739,0.18318485822820274,0.33322540035466564,0.3333237737311831,0.3334508259141511,0.00033904923403660006
Li2In_63,0.12714681951660622,0.11781660710640696,0.29678894486892216,0.3239526063609429,0.3792584487701349,0.12541939921074788,0.12758873968176132,0.1166338293348732,0.2967574156860675,0.3235468302475953,0.3796957540663371,0.12630217980093209,0.12715200027490747,0.11367685787052939,0.29679059841809935,0.3239429262782882,0.37926647530361257,0.12543341842790268,0.1271469893522621,0.1135067275798346,0.29678897813322147,0.32395232226723225,0.37925869959954633,0.1254198548182443,0.12714700935297063,0.11350706769075669,0.2967889385545992,0.32395257688701456,0.3792584845583863,0.12541947477130275,0.12714681951660622,0.15833012504442712,0.29678894486892216,0.3239526063609429,0.3792584487701349,0.12541939921074788
CaAlPd_57,0.023752041707088778,0.047855569661064856,0.33234078987057725,0.3335454912282495,0.3341137189011735,0.002715909023413178,0.023820579604926118,0.03525084689822222,0.3322311074753501,0.33365358771094367,0.3341153048137061,0.0029462176157584383,0.023754070242173353,0.03492510951445549,0.332338018758352,0.33354838364050826,0.3341135976011396,0.002721333998539019,0.023752049102085504,0.03571957317801,0.3323406251697396,0.33354568100228,0.33411369382798056,0.002716214204822266,0.023751770482021595,0.036469310505789165,0.3323407551633505,0.33354553020677097,0.3341137146298787,0.0027159742810435204,0.023752041707088778,0.047855569661064856,0.33234078987057725,0.3335454912282495,0.3341137189011735,0.002715909023413178
Er2CdIn_225,0.0035915034676595736,0.16886196305877843,0.33333333140202626,0.33333333420692834,0.3333333343910455,5.025277768035304e-09,0.003564037779547724,0.05605860992296552,0.3333229010708224,0.33333854944175123,0.33333854948742636,2.7103813053610194e-05,0.00358877994122464,0.06898038888247582,0.3333332796125933,0.3333333601538406,0.3333333602335661,1.395706279114354e-07,0.00359169518683522,0.07969876514327556,0.3333333196271649,0.33333334013617666,0.3333333402366584,3.560998901761164e-08,0.0035919266235998615,0.08749633974595394,0.33333332403696303,0.3333333379244602,0.33333333803857673,2.415328503585012e-08,0.0035915034676595736,0.18602344585285469,0.33333333140202626,0.33333333420692834,0.3333333343910455,5.025277768035304e-09
FeCuPt2_123,0.013054514055032884,0.06867323760110555,0.33317692936807947,0.33341153531595996,0.3334115353159605,0.0004063493991220001,0.013192620284833034,0.05145996652503637,0.3332659714966334,0.3332659714966338,0.333468057006733,0.00035002235667132037,0.01305083148020536,0.05043874873851839,0.33318862147490175,0.3334056892625489,0.3334056892625491,0.00037597241917655704,0.013053854826161615,0.05253396874618321,0.3331775400501235,0.33341122997493805,0.33341122997493833,0.00040476280089143284,0.01305413827407198,0.05449561149643656,0.3331770029386275,0.333411498530686,0.33341149853068647,0.0004061582572629171,0.013054514055032884,0.06867323760110555,0.33317692936807947,0.33341153531595996,0.3334115353159605,0.0004063493991220001
Au2O3_43,0.02620449224171917,0.08308251820657553,0.33198038639085153,0.3334239435497804,0.3345956700593681,0.0039299623918371725,0.02620046943865817,0.08274588134976657,0.33181986941920244,0.33352130708058664,0.33465882350021114,0.004286317295325211,0.02619225144887405,0.07946817718973598,0.3319729547954031,0.33342415631699307,0.3346028888876037,0.0039519314109119985,0.02620341719365127,0.07829303362142292,0.3319796293165772,0.3334235837160657,0.3345967869673573,0.003932712428772745,0.026204544356891235,0.07780495922454767,0.33198026933522234,0.33342385909163236,0.3345958715731453,0.003930426244364803,0.02620449224171917,0.08308251820657553,0.33198038639085153,0.3334239435497804,0.3345956700593681,0.0039299623918371725
TbC2_139,0.029355080039416115,0.044347752849181354,0.3243449592032194,0.33782747318395456,0.33782756761282623,0.02334823716245027,0.02937341364893753,0.04280388025940085,0.32403876545006743,0.33798030072053326,0.33798093382939964,0.024143303326795058,0.029357138120694515,0.04180456142508249,0.3243318729328223,0.33783401685094183,0.33783411021623583,0.023382217730664685,0.02935610154554691,0.04263584375323204,0.324344052407678,0.3378279267331925,0.3378280208591293,0.02335059180204983,0.029355381703485728,0.04322056735928914,0.32434486310962873,0.3378275213562506,0.3378276155341206,0.02334848668483132,0.029355080039416115,0.12293491203829754,0.3243449592032194,0.33782747318395456,0.33782756761282623,0.02334823716245027
MgTl_221,0.07952971092546313,0.04065238296936469,0.33333333333333304,0.3333333333333331,0.3333333333333338,1.1661111374676117e-15,0.07944282422684867,0.03516798904461638,0.3333333333333328,0.3333333333333335,0.33333333333333365,1.3218191336668142e-15,0.07952363579676669,0.03700577312283715,0.333333333333333,0.33333333333333354,0.3333333333333337,9.19713258327735e-16,0.07952931758196446,0.03763648699001254,0.333333333333333,0.3333333333333333,0.33333333333333376,1.1783823760062605e-15,0.07952959668097181,0.03801543775355398,0.33333333333333287,0.3333333333333334,0.33333333333333354,1.2682949822808837e-15,0.07952971092546313,0.04065238296936469,0.33333333333333304,0.3333333333333331,0.3333333333333338,1.1661111374676117e-15
YCuSn_186,0.013405970407379675,0.13094049209417724,0.33236657890078913,0.33381668360307815,0.33381673749613294,0.0025116964129193475,0.013479299289069657,0.05429002898550983,0.33181076021906686,0.33408385037789623,0.3341053894030369,0.003955872290228455,0.01340775242824399,0.06528852029718413,0.332343131347164,0.3338283601314633,0.333828508521373,0.002572614558827723,0.013406389945601171,0.07312122291854217,0.3323652636250983,0.3338173315342214,0.3338174048406806,0.0025151135789190033,0.013406255598058303,0.07854558365045938,0.3323663958238153,0.3338167698247964,0.3338168343513884,0.0025121720584124598,0.013405970407379675,0.15529154602015616,0.33236657890078913,0.33381668360307815,0.33381673749613294,0.0025116964129193475
CaCdAu_62,0.009621755892851969,0.0696060615602232,0.33318055376907174,0.33325641796947925,0.33356302826144907,0.0006075178081624675,0.009689528685468796,0.03536675874655293,0.33293421469925666,0.33338431661525086,0.3336814686854926,0.0011286799056646076,0.009621948296552274,0.037503747926194375,0.3331731468022456,0.3332689292419224,0.33355792395583206,0.0006009313027065838,0.009621581099313548,0.040136458493481686,0.33318018539227995,0.3332570393163138,0.3335627752914063,0.0006071523482072844,0.009621586494439005,0.042221529762376586,0.3331804991678095,0.3332565108125303,0.33356299001965983,0.0006074616849227083,0.009621755892851969,0.0696060615602232,0.33318055376907174,0.33325641796947925,0.33356302826144907,0.0006075178081624675
V3Ir_223,0.05621270408755119,0.0701459778919441,0.33333333333333315,0.33333333333333315,0.33333333333333365,8.683424680188417e-16,0.0554267687412493,0.07655151581233521,0.33333333333333326,0.33333333333333337,0.33333333333333337,2.0679027857730844e-16,0.056172758199526496,0.07177879893410888,0.3333333333333331,0.33333333333333326,0.3333333333333335,3.735332157968259e-16,0.0562070767040771,0.07020192470108044,0.33333333333333287,0.33333333333333354,0.3333333333333338,1.337841252575481e-15,0.05621011298756995,0.06961322138379689,0.33333333333333304,0.33333333333333337,0.33333333333333365,9.276892598135877e-16,0.05621270408755119,0.0701459778919441,0.33333333333333315,0.33333333333333315,0.33333333333333365,8.683424680188417e-16
Na3AlF6_14,0.010898328381936717,0.22915926475253923,0.333237991859066,0.3333448436232124,0.33341716451772163,0.00027041759516611437,0.010998516727522278,0.1742538800034802,0.3329465115630575,0.33332662079199654,0.3337268676449459,0.0011706634971439935,0.010897796379041647,0.1748920509470806,0.3332216145750208,0.3333661652312306,0.33341222019374844,0.00029836165173759453,0.010898240305698637,0.17830581508006238,0.3332367804780444,0.33334641100922063,0.33341680851273514,0.00027217113927504726,0.01089827489640105,0.18142981900967914,0.33323783594928585,0.3333450454493909,0.3334171186013233,0.000270640027747319,0.010898328381936717,0.22918113444390797,0.333237991859066,0.3333448436232124,0.33341716451772163,0.00027041759516611437
LaPt5_191,0.014665365729785496,0.04451326310341641,0.3324204140643315,0.33242051528950145,0.335159070646167,0.004743369108125787,0.014633481601852849,0.042733726664835325,0.3325413898190901,0.33255276470364264,0.3349058454772672,0.004085519290522328,0.014660683771210437,0.04184207322001188,0.33242360341017546,0.33242377558692443,0.3351526210029003,0.004726612823693924,0.014664534662088058,0.04160678729796663,0.3324205318969518,0.33242064386597475,0.33515882423707377,0.004742728933467819,0.014664946686988034,0.04166858175548438,0.3324204204431536,0.3324205283684745,0.33515905118837164,0.004743318556760204,0.014665365729785496,0.09460476795897654,0.3324204140643315,0.33242051528950145,0.335159070646167,0.004743369108125787
