id,chem_class,crystal_system_relaxed,magnetic,zeta,zeta_ELF,T_eigenvalues_t1,T_eigenvalues_t2,T_eigenvalues_t3,charge_FA
Cu_225,elemental,cubic,False,0.0025128667732141,0.1028628638780611,0.333333333333333,0.3333333333333332,0.3333333333333335,5.27847307327974e-16
CaF2_225,halide,cubic,False,0.0039222986279623,0.032403678993639,0.3333333333333331,0.3333333333333332,0.333333333333334,1.214368554047259e-15
KCl_225,halide,cubic,False,0.008507863809115,0.0426436081244082,0.3333333333333318,0.3333333333333332,0.3333333333333346,3.859768630959645e-15
NaCl_225,halide,cubic,False,0.0248342950517006,0.2347777507272229,0.3333333333333331,0.3333333333333331,0.3333333333333336,8.351267957202786e-16
MgO_225,oxide,cubic,False,0.0242256061523269,0.2700639852841612,0.3333333333333326,0.3333333333333335,0.3333333333333336,1.2652824966004077e-15
ZnO_186,oxide,hexagonal,False,0.0089329308599834,0.156870039144737,0.3333167072015796,0.3333415957883209,0.3333416970100991,4.319622421223104e-05
GaN_186,pnictide,hexagonal,False,0.0613005267743389,0.1762799000599252,0.3332022452638252,0.3332024154634448,0.3335953392727299,0.0006807113411145
Ca2N_166,pnictide,trigonal,False,0.0146253810093891,0.5395932326396127,0.331832785872755,0.3318329129316515,0.3363343011955931,0.0077965852351646
Al_225,elemental,cubic,False,0.1424194166525658,0.0466244091149468,0.3333333333333333,0.3333333333333334,0.3333333333333335,2.6472933433425576e-16
Mg_194,elemental,hexagonal,False,0.1884597665163063,0.0408054211418252,0.3135470661579823,0.3432263771217386,0.3432265567202792,0.0513610077610383
GaAs_216,pnictide,cubic,False,0.1254551263759267,0.0920493071532128,0.3333333333325862,0.3333333333330271,0.3333333333343868,2.8157395441358824e-12
SiC_216,boride/carbide,cubic,False,0.1599956117537135,0.2151129801869572,0.3333333333333332,0.3333333333333332,0.3333333333333336,6.544104610619569e-16
Si_227,elemental,cubic,False,0.2120554972532623,0.1404858958965322,0.333333333333332,0.3333333333333336,0.3333333333333343,3.689251624596296e-15
Te_152,elemental,trigonal,False,0.03740569259301,0.0348783148079064,0.3176273617107811,0.3411862803490302,0.3411863579401886,0.0407826821402626
Bi2Te3_166,chalcogenide,trigonal,False,0.0433472555189629,0.2252918882652871,0.3319449452577367,0.334027506040728,0.334027548701535,0.0036071223873111
BN_194,pnictide,hexagonal,False,0.1371974349520317,0.1582341278161685,0.2843625421848976,0.2843627345002891,0.4312747233148133,0.2491388015034422
C_166,elemental,trigonal,False,0.1573866799577481,0.2968846645483931,0.2289861469536785,0.2289864738958313,0.54202737915049,0.4957905855375624
