d_A,q,m1_def,m2_def,sigma_r2_def,f_bond_def,f_int_def,f_bond_dep,def_polarity
2.4,0.0,1.0031288951604915,1.2298296469588765,0.22356206665296807,0.5624958450205221,0.1317094037417741,0.5817464816713078,0.00016393530053548407
2.4,0.02,0.9382528750212574,0.9864703455641993,0.10615188807854403,0.9039908973446021,0.025331199279179133,0.40804349783973703,0.015243861591393962
2.4,0.05,0.9378802177681408,0.9850331071176486,0.10541380423683344,0.9044601464583644,0.024820975572795383,0.40819152278425946,0.03809771582831393
2.4,0.1,0.9377608931807953,0.9845690485234551,0.10517355574421217,0.904612530642728,0.024654370763522546,0.40823968317353887,0.07618792786479964
2.4,0.15,0.9377221193167845,0.9844175444688473,0.10509477141288548,0.9046627108873019,0.024599532374466736,0.40825569413639556,0.11427827433511314
2.4,0.2,0.9377032050085296,0.9843433015421317,0.10505600085886324,0.9046875052808759,0.024572438348070207,0.4082636443841461,0.15236869529507688
2.4,0.3,0.9376843738814331,0.9842693447192931,0.10501735969787784,0.9047121714042448,0.024545400962565644,0.40827156080084914,0.2285495813485015
2.4,0.4,0.9376752430156231,0.9842333091045995,0.10499844774019162,0.9047243374632938,0.02453206813174278,0.40827548418553067,0.30473054886239254
2.4,0.5,0.9376698190055899,0.984211865044578,0.10498717557060233,0.9047316060110854,0.024524103272547244,0.4082778334034088,0.3809115366625108
2.4,0.6,0.9376662046398262,0.984197574298594,0.10497966297493755,0.9047364506154977,0.02451879454488134,0.40827939902453836,0.457092525049965
