id,Q,R_paw_mean,R_paw_min,R_paw_max,acc_e_per_Q,dep_e_per_Q,acc_core,dep_core,vol_core,acc_bond,dep_bond,vol_bond,acc_int,dep_int,vol_int,acc_inside_paw,dep_inside_paw,abs_inside_paw,m1_numerator_inside_paw,vol_inside_paw,bond_shell_inside_paw
CdTe_216,72.00000001597509,1.2171075850768998,1.2171075850768998,1.2171075850768998,0.07662289336107495,0.08418957535507544,0.7467358203900936,0.8223980309202426,0.05985062210648148,0.20957783291677518,0.08145208232787468,0.32669632523148145,0.04368634669313139,0.09614988675188267,0.6134530526620371,0.848257109512812,0.8691262013000967,0.8591826303361929,0.6041081876628731,0.2078179253472222,0.452920011071132
LiHf2Os_225,17.00000000676496,1.4221637543018124,1.0848132823511498,1.5875316327089999,0.08848879777842666,0.09291582857967375,0.21191135208677717,0.6923115921032615,0.12363897462277092,0.5696752822068024,0.30330202933912664,0.6789266117969822,0.21841336570642042,0.004386378557611746,0.1974344135802469,0.727679471246291,0.9736998337022894,0.853691614839287,0.7540477826363919,0.705857767489712,0.7846792524308625
Sb2O5_15,159.999999899747,0.922280281859514,0.8043493605725599,1.2171075850768998,0.06289622848523918,0.06307684389224072,0.7673918853015894,0.266379915184435,0.17800202546296295,0.2326081146984105,0.6387332816925317,0.70478515625,0.0,0.09488680312303317,0.11721281828703704,0.7780610799019031,0.5388863125744577,0.6583022363891425,0.47743279767288904,0.2865234375,0.15397800460846048
Sc2Sb_129,22.00000000000323,1.4640569501649665,1.2171075850768998,1.5875316327089999,0.0627628115232286,0.06354729652618613,0.35405392601430563,0.5779036920351519,0.09142659505208334,0.3674037791934684,0.30942912310685916,0.51175537109375,0.2785422947922258,0.11266718485798878,0.39681803385416664,0.6189025114062641,0.9192869651415928,0.7700275499970599,0.6075365250860103,0.5774169921875,0.8172761173262092
TiZnAu2_225,38.000000132230085,1.3361724575300749,1.2171075850768998,1.4816961905283998,0.10660849121997744,0.10774414885775083,0.6609458669971487,0.9380786578728029,0.13373413923182442,0.272910806065888,0.0618545147094763,0.7053540809327846,0.06614332693696323,6.682741772109112e-05,0.16091177983539096,0.836223342612989,0.9997823365390771,0.9184361139705339,0.797600256870595,0.6185378086419753,0.6873195782308791
CaNiN_131,46.00000012828936,1.1994683447134664,0.7937658163544999,1.5875316327089999,0.08710952583979165,0.08835474041337724,0.8393261331788381,0.7097571990391038,0.14641794217687074,0.16067386682116197,0.1683678430682659,0.6238071617535903,0.0,0.1218749578926304,0.22977489606953894,0.9014595963571987,0.863253182536229,0.8822208200105255,0.7371023645963436,0.5316869803476947,0.5622881917491812
HfGeTe4_36,63.999999944435324,1.2788449263489163,1.2171075850768998,1.5875316327089999,0.07794152470445256,0.07788033961122068,0.536134572069939,0.5595338137125864,0.06921037946428571,0.39012852205506865,0.2016586626891596,0.38298146081349205,0.07373690587499218,0.23880752359825408,0.5478081597222222,0.7865868182117186,0.6871189015513809,0.7368723884431583,0.5188026635369772,0.2911473834325397,0.5484945501054361
Tb3AlC_221,64.00000018936308,1.24885821773108,0.7937658163544999,1.4816961905283998,0.12394605536723331,0.13932575162798794,0.7287865336751037,0.9293302660473624,0.09188260888203018,0.21388046054030133,0.061880943265371136,0.4731224279835391,0.057333005784594986,0.008788790687266509,0.4349949631344307,0.8516591397357802,0.9891387862591521,0.9244145756635117,0.7912559395506786,0.38589891975308643,0.6227971822053094
Ti2MnCo_225,24.000000020710658,1.34940188780265,1.2171075850768998,1.4816961905283998,0.07811366001226222,0.08004657983804146,0.6492356683001486,0.927241066981373,0.16394444444444445,0.32962107127438267,0.072708227017947,0.7951666666666667,0.02114326042546876,5.070600067996545e-05,0.04088888888888889,0.8682151376811537,0.9997684195919037,0.9347956530710652,0.8461314180730009,0.7636388888888889,0.7541745266540907
SnPt_194,28.000000061349574,1.4816961905283998,1.3758607483478,1.5875316327089999,0.09215289588640531,0.0929192087183066,0.4708393905002814,0.8038361876198152,0.102496337890625,0.4499694016754729,0.12247892658362816,0.554510498046875,0.07919120782424578,0.07368488579655658,0.3429931640625,0.846672811373846,0.9355462496361068,0.8912935259706922,0.7713012556121979,0.634552001953125,0.8801223982124577
Nb3Bi_223,76.00000017872367,1.4883109056646875,1.45523732998325,1.5875316327089999,0.09588040540076903,0.09715422633727112,0.6334913531259923,0.8150180128582607,0.110546875,0.18636144522802686,0.18425505382417542,0.61006640625,0.1801472016459809,0.000726933317563882,0.27938671875,0.8004701116013018,0.9986581158990634,0.9002180275763313,0.7600475189696163,0.70400390625,0.9263912099732995
SrB6_221,28.000000002542098,0.9600786540668711,0.8996012585350999,1.3229430272574998,0.08283133033824289,0.0883571509103387,0.7368295828394086,0.43214420959525646,0.20531845092773438,0.2631704171605916,0.3809306243412976,0.62237548828125,0.0,0.186925166063446,0.17230606079101562,0.8638895104008026,0.5488295968802144,0.7012746187813493,0.4743239532040677,0.3780059814453125,0.27746518583897223
SmHgPd_189,114.48632635908207,1.3934999887112332,1.3229430272574998,1.4816961905283998,0.09683934755008343,0.09237177143537989,0.6689789079511431,0.9499280530502566,0.09674479166666666,0.238594772713422,0.044587080794854614,0.5350037202380953,0.0924263193354348,0.005484866154888739,0.3682514880952381,0.8492509972376717,0.9941860075513896,0.9200074290872808,0.7850437453676096,0.5126860119047619,0.7774548185440411
ZrFeP_62,100.0000001139057,1.1818291043500333,1.0054367007157,1.3229430272574998,0.08080561520725957,0.08079799022087344,0.7848627305032349,0.7872639248533974,0.1550736469356261,0.20378545637470843,0.2027840250539401,0.7336964010141094,0.011351813122056964,0.009952050092662547,0.11122995205026455,0.8565926539333872,0.9716643753842724,0.914125799928836,0.8029020270829113,0.5180793237433863,0.4947627878588699
RbAuO2_63,60.000000098134294,1.16948163609563,0.8043493605725599,1.7462847959798997,0.07761591893034644,0.07757772673773146,0.7441485439408063,0.689716144639664,0.09906382619598765,0.2551195692501725,0.1312640031516244,0.45709153163580246,0.0007318868090211494,0.17901985220871147,0.4438446421682099,0.8081306227303144,0.8379139746373114,0.8230186339348219,0.6397313016112425,0.3729956356095679,0.45455384696542084
Ta2FeMo_225,24.00000001270909,1.4353931845743872,1.2171075850768998,1.5346139116186999,0.08325114455486755,0.08617290794142209,0.36870989272207183,0.825859919776356,0.14028167724609375,0.4833206924913281,0.17414008022364402,0.7316207885742188,0.14796941478660008,0.0,0.1280975341796875,0.7623335014544391,1.0,0.8832160620954392,0.7777282752054,0.7811851501464844,0.8515876740184577
NdMg3_225,20.00000003121108,1.1641898639866,1.058354421806,1.4816961905283998,0.07790253059837705,0.08547167125307424,0.5661316812806131,0.7391769417697869,0.0850703125,0.10809405259986522,0.2604782705709024,0.4751875,0.32577426611952176,0.0003447876593105244,0.4397421875,0.630856625801344,0.9268986157733802,0.7857354460633266,0.518663282120429,0.28225390625,0.41495955543864266
HoCu4Pd_216,75.00000016151483,1.2876645465306331,1.2171075850768998,1.4816961905283998,0.12188568883782504,0.12525906098607373,0.7314705963961964,0.969914966220927,0.15208654835390947,0.23830914279924637,0.030085033779072925,0.7516825274348422,0.030220260804557295,0.0,0.09623092421124829,0.8794423902827103,0.9999999999999998,0.9405439633433288,0.8331643391785364,0.6448795438957476,0.6555866041259748
AcH2_225,12.999999990568487,0.8996012585351,0.5820949319933,1.5346139116186999,0.11740781107888144,0.13349624799534845,0.9476589230345589,0.30774492968681044,0.12397384643554688,0.05234107696544109,0.5610243162693856,0.6269302368164062,0.0,0.13123075404380383,0.24909591674804688,0.8457750123189863,0.6990071856861091,0.767685585411292,0.6216107300038032,0.2786979675292969,0.31618658196731286
ThCo_63,41.99999997612119,1.34940188780265,1.2171075850768998,1.4816961905283998,0.10942887850867329,0.10918384823997465,0.8693973897958215,0.5479219477414874,0.10514012896825396,0.12268469393504061,0.36832231352672673,0.5716951884920635,0.007917916269137909,0.08375573873178603,0.32316468253968256,0.9564472097770357,0.9105924514942747,0.9335455285991502,0.8442922761271032,0.5141121031746032,0.7153671789421169
Ca(SiNi)2_139,36.00000008014272,1.2065240408588398,1.0054367007157,1.5875316327089999,0.08691188028580928,0.08816960913568547,0.8034694247325641,0.8112411940758503,0.14121362433862433,0.19368319325737068,0.13632993215500513,0.6668220899470899,0.002847382010065233,0.052428873769144645,0.19196428571428573,0.8989600316983071,0.9353444874592058,0.9172829466658058,0.7983754240645802,0.5297916666666667,0.5337247764658041
CaZnGe_194,48.00000002909341,1.340582267620933,1.2171075850768998,1.5875316327089999,0.10550793776225079,0.1054522591763024,0.7669697183759958,0.8325560133605145,0.09931233723958334,0.19845028000249137,0.11167239826187313,0.5227986653645833,0.034580001621512764,0.0557715883776125,0.3778889973958333,0.8822619951879785,0.946702581590645,0.9144737845085311,0.7695681482022095,0.49044189453125,0.6714039989726267
LaYbS3_63,106.09122010048661,1.1959404966407798,1.0054367007157,1.4816961905283998,0.1314226626686,0.13535143258681137,0.7642362140639125,0.814676861426591,0.09053509424603175,0.23347267402785152,0.09168489121148114,0.49296719990079363,0.00229111190823588,0.09363824736192797,0.4164977058531746,0.89939293993209,0.9032331015601588,0.9013412976885896,0.7377312898502242,0.33292720734126985,0.4917002858283835
CaGePt_62,88.00000013236915,1.3934999887112334,1.2171075850768998,1.5875316327089999,0.08748532809407081,0.08696840737271545,0.5459910438370997,0.797171018931084,0.10936428326474623,0.3824850465521998,0.14300919213055263,0.5858517661179699,0.07152390961070043,0.05981978893836339,0.30478395061728397,0.8247719986554924,0.9484613574548295,0.886433427199559,0.7528538399539484,0.5941143689986282,0.7545319845610697
NiPt_123,39.9999999811099,1.29648416671235,1.2171075850768998,1.3758607483478,0.09532148601083437,0.09694067073021655,0.7781549678720008,0.937370217666007,0.1628325437317784,0.21116490597283244,0.06262951478789935,0.7842565597667639,0.01068012615516695,2.6754609354802804e-07,0.05291089650145773,0.917494145089994,0.9989829017704162,0.9585816625894005,0.8946084922622589,0.6962008017492711,0.6800940985130112
Al2Pd_225,64.00000015509168,1.1289113832597335,1.0054367007157,1.3758607483478,0.09381517714165202,0.09464794063278766,0.40070405202192316,0.8241984154408633,0.1226806640625,0.5070849220853548,0.13685973676354193,0.6219346788194444,0.09221102589272205,0.0389418477955949,0.2553846571180556,0.582426209659149,0.9190840022139758,0.7514989021815696,0.535569151831075,0.36392777054398145,0.3878978206190663
Y2Fe2Si2C_12,50.00000005830275,1.1717495384280714,0.7937658163544999,1.4816961905283998,0.08271790595070334,0.08268741553357037,0.7547064921827361,0.725314922413907,0.13942602040816326,0.2293548258467645,0.21934630139257064,0.6453472222222222,0.015938681970499493,0.0553387761935223,0.21522675736961452,0.825606954937818,0.9294330942612737,0.8775104550697722,0.7429757152307176,0.4778670634920635,0.5250956941476688
RbAgO_139,96.00000025769903,1.2911923946033201,0.8043493605725599,1.7462847959798997,0.07703675371063273,0.07688010300891057,0.7635796221081882,0.7156481119339481,0.08789252308066084,0.23284581593172957,0.11596495393297128,0.43718966381195334,0.003574561960082158,0.16838693413308067,0.4749178131073858,0.8292955765658857,0.8722672389796853,0.8507595403139032,0.6647431173144359,0.43135116769922255,0.5909413565172088
W2C_162,47.99999999804828,1.2347468254403333,0.7937658163544999,1.45523732998325,0.06898640689199292,0.06905047980783316,0.4376927150319591,0.7394883505554563,0.1687912326388889,0.46314419250901756,0.25826879941377523,0.6858637152777778,0.09916309245902333,0.0022428500307686656,0.14534505208333334,0.5795157007823324,0.9964311132763262,0.788070167347444,0.6716776091354086,0.6302191840277778,0.6749587085424273
LiCd_227,103.99999978849722,1.1509604337140247,1.0848132823511498,1.2171075850768998,0.07210057424038616,0.07223998426346788,0.7671708503247069,0.9669602792725137,0.109952,0.12235009267285163,0.03303469960095064,0.622016,0.11047905700244114,5.021126535696689e-06,0.268032,0.7927033337211234,0.9983531324425031,0.89562754558096,0.6712615323326526,0.336064,0.36351476489350754
H4IN_129,32.00000000073297,0.7232088549007666,0.5820949319933,1.2171075850768998,0.0920383438580399,0.09342504670898244,0.7708588554942435,0.45750449684289995,0.13737657335069445,0.17690773097548967,0.48778844982605774,0.5080769856770834,0.052233413530266774,0.05470705333104235,0.3545464409722222,0.8408259946478386,0.32594386159526,0.5814600508732134,0.36914488498556,0.1462470160590278,0.12715065604185855
Na2Te_225,7.999999972922896,1.1818291043500333,1.1641898639866,1.2171075850768998,0.10322408373084037,0.10986960844570692,0.37091658269017197,0.43488745821057634,0.067318359375,0.4047565023503178,0.2586752061082501,0.3744609375,0.22432691495951032,0.3064373356811735,0.558220703125,0.5681035948934919,0.5575250451150484,0.5626493690540987,0.3155640491496583,0.216955078125,0.39960568316955625
Ir_225,36.000000053384454,1.3758607483478,1.3758607483478,1.3758607483478,0.08024912062320967,0.08573304225496768,0.5293498880672493,0.9490659086485216,0.14693422011661808,0.4495916330104145,0.0424831256842757,0.7599763119533528,0.02105847892233611,0.008450965667202628,0.09308946793002916,0.8983347256991474,0.9905863731191339,0.9459845107676365,0.875836024429771,0.7501138848396501,0.7936821914523766
LuI3_194,92.00000005803182,1.2832547364397748,1.2171075850768998,1.4816961905283998,0.15002452183488388,0.15754868967984356,0.8018120297511945,0.8772191136630224,0.04083463246409675,0.18424371670333656,0.047936738790413005,0.22844978269085411,0.013944253545468892,0.07484414754656454,0.7307155848450492,0.9569033239349961,0.9157014197194628,0.9357984104430065,0.7898928491449104,0.17300051965230537,0.578533652479153
Mg2PdRh_225,23.000000041642778,1.230337015349475,1.058354421806,1.4287784694381,0.08737045319955884,0.08814970370171926,0.5160742124241562,0.8799346268032073,0.1435089111328125,0.3783168978426057,0.12006537319679243,0.738250732421875,0.10560888973323841,0.0,0.1182403564453125,0.7354185477512193,0.99098316400736,0.8637681663781746,0.7006319442351694,0.5449256896972656,0.5437404406597495
Mn(GaSe2)2_82,36.99999999309738,1.2019882361939571,1.1112721428963,1.3758607483478,0.07021374312348953,0.07201628134560503,0.5407387073424357,0.5207500461197533,0.08524659863945579,0.4482565161192594,0.22594169964205857,0.4321641156462585,0.011004776538304964,0.2533082542381881,0.4825892857142857,0.782938994626589,0.675890358594061,0.7287363414318203,0.4935456942290527,0.2918990929705215,0.47818059586469247
Sc3RuC4_71,66.00000005723471,1.1708045791228874,0.7937658163544999,1.5875316327089999,0.06883935532034134,0.0695038117993833,0.5104296025450332,0.573319978048995,0.18354552469135801,0.46831107211734974,0.3299119934285284,0.7130774980709876,0.021259325337617156,0.09676802852247657,0.10337697723765432,0.6271088561006388,0.8517034390103085,0.7399455067767458,0.6084032087267207,0.6019904996141975,0.5546575817264204
TiGa3_139,12.999999995495337,1.40231960889295,1.3758607483478,1.4816961905283998,0.055696114799789254,0.06324855695230511,0.2391607463646809,0.6957921295890207,0.13856823979591837,0.6083662642101033,0.2866892533130645,0.735140306122449,0.1524729894252158,0.01751861709791479,0.12629145408163264,0.6818252321550067,0.9677119460669633,0.8338448379130036,0.695730388183015,0.7407206632653062,0.8190986379803938
CO2_205,63.99999995732706,0.8008215124998733,0.7937658163544999,0.8043493605725599,0.05086841211765621,0.051424344649003306,0.9479952074336532,0.37320040468069243,0.1445390625,0.05200479256634684,0.5008779380122704,0.57290625,0.0,0.12592165730703717,0.2825546875,0.9498069203019668,0.36919299009772744,0.6579222180161179,0.41004271411126075,0.1451953125,0.0028636884306987398
Zr2OsRu_225,40.00000042402772,1.3758607483478,1.3229430272574998,1.4287784694381,0.10059266023761258,0.10809786106101116,0.6631133603897392,0.7911479690578102,0.12312457133058985,0.24031791927174018,0.2069973655899034,0.6686385459533608,0.09656872033852054,0.0018546653522863998,0.20823688271604937,0.8496685845145516,0.9919038372760705,0.9233438357684947,0.8130948964239143,0.6279363854595336,0.7549846134119759
Lu(NiGe)2_139,53.00000003526677,1.2700253061671998,1.2171075850768998,1.4816961905283998,0.14234543660013133,0.14970896855233845,0.8457028595904669,0.9292185020212729,0.13930886243386242,0.14916710707558706,0.05999680948894978,0.6636739417989418,0.0051300333339460566,0.010784688489777311,0.19701719576719576,0.9699447530778748,0.9848841778146126,0.9776027983894483,0.9311520903362982,0.5676355820105821,0.6453872792047635
Ca4P2O_139,48.00000014244393,1.3093356132628513,0.8043493605725599,1.5875316327089999,0.08540771333054065,0.08574944338342573,0.597616320870138,0.5814188407630538,0.09849697788065843,0.3674278659267178,0.22811747131053323,0.5142071759259259,0.03495581320314414,0.19046368792641286,0.3872958461934156,0.7476335702085771,0.8352760823785474,0.7915423192178836,0.5959944412576437,0.47799157664609054,0.6320659751530271
SnSe_62,39.99999995560637,1.34940188780265,1.1112721428963,1.5875316327089999,0.06731772432486316,0.06706435064945329,0.5555130841213971,0.4797794841400204,0.07592592592592592,0.4252545085303995,0.22142391125452401,0.41734053497942386,0.019232407348203404,0.29879660460545554,0.5067335390946502,0.7833205643269493,0.734099400327867,0.7587563848972181,0.5592653480388948,0.38704218106995886,0.6519086415796674
SiO2_122,64.00000011150087,0.8713784739536067,0.8043493605725599,1.0054367007157,0.06837669810168151,0.06897862023795323,0.8067275697687172,0.2804413047209492,0.13830439814814816,0.19327243023128293,0.49600465085665946,0.4468287037037037,0.0,0.22355404442239155,0.41486689814814814,0.8353429430638338,0.4031722097613331,0.6183106413606027,0.39565074868746686,0.17546875,0.08317359995855567
Li2CeO3_65,31.999999977130066,1.001908852643013,0.8043493605725599,1.4287784694381,0.07426506046315412,0.07977785324168529,0.7606842024337628,0.4108281298265244,0.1718563988095238,0.23931579756623736,0.4021674086807325,0.6665798611111111,0.0,0.1870044614927432,0.16156374007936508,0.7704683267061918,0.6113509617122067,0.6880624471535836,0.4646788623113229,0.3586092509920635,0.28016575819024053
Li(Co3P2)2_187,75.00000020523731,1.1281095996068498,1.0054367007157,1.2171075850768998,0.09421960324239635,0.0944280850550371,0.7782341176406632,0.874457118854464,0.1959499782986111,0.2216481968601132,0.10945702256629353,0.7581787109375,0.00011768549922350702,0.016085858579242492,0.04587131076388889,0.9314240154723324,0.9175183770819907,0.9244635124493773,0.8244159521361272,0.5543913664641203,0.47276635837254094
Pd3Pb_221,34.00000001467672,1.4420078997106751,1.3758607483478,1.6404493537993,0.09188895831156599,0.0951032595492482,0.6058613842041908,0.9240021065135834,0.12701851851851853,0.2910749138171933,0.07593020390363847,0.6937777777777778,0.1030637019786158,6.768958277792818e-05,0.1792037037037037,0.8081574048467017,1.0,0.905727540803086,0.7674551070826113,0.7198055555555556,0.8072950032030749
Cs2AlInH6_225,29.999999968146998,0.87843417009898,0.5820949319933,1.6404493537993,0.098926055980671,0.10595408492721219,0.8831122288139441,0.44039695544139695,0.12403247974537036,0.11688777118605585,0.2940436460758822,0.5699214228877315,0.0,0.265559398482721,0.30604609736689814,0.7502424562079416,0.5595328877923729,0.65161670498191,0.4149899143514345,0.25367793330439814,0.2857941812268211
TiSiRu2_225,24.000000031404635,1.336172457530075,1.0054367007157,1.4816961905283998,0.08533309808505136,0.08673399205061898,0.35403599052209495,0.89376799148505,0.1623687744140625,0.5936664350794679,0.10623200851494975,0.7835235595703125,0.05229757439843731,0.0,0.054107666015625,0.7999238514654015,0.999241844337948,0.9003942272689438,0.8069287554901534,0.7480697631835938,0.7475218602114939
YSi2Rh3_191,46.000000100378465,1.2964841667123501,1.0054367007157,1.4816961905283998,0.08739316114004336,0.09172582842372622,0.5800136462109684,0.8476831235541435,0.13136160714285713,0.35186144452808976,0.13615904812450044,0.6417410714285714,0.06812490926094188,0.016157828321355885,0.22689732142857144,0.7991613867336447,0.9758973302516458,0.8896668706631755,0.7567307935627836,0.5786216517857142,0.6969478260869565
ZnNi_123,43.99999994006255,1.2171075850768998,1.2171075850768998,1.2171075850768998,0.1123168773378886,0.1146098996663333,0.9522907600731864,0.9444542034255738,0.18529443027210885,0.04636481308223359,0.05554579657442643,0.7952274659863946,0.0013444268445800321,0.0,0.0194781037414966,0.9697815333714092,0.9999160873928806,0.9850010603857388,0.9540426768032325,0.6509619472789115,0.5855777584708949
SrLi4N2_141,47.999999992859614,1.0356753984815852,0.7937658163544999,1.3229430272574998,0.0993264383719598,0.10158510652823903,0.56915461612114,0.35881421709897443,0.1543781887755102,0.4308333837133777,0.3674337642352439,0.6242283163265306,1.2000165482167542e-05,0.27375201866578175,0.22139349489795918,0.6234411834991025,0.5124135032263633,0.5673032510886374,0.35153641800902097,0.3602200255102041,0.33139897220036985
LiAl5O8_212,256.0000003414648,0.8961994050364377,0.8043493605725599,1.0848132823511498,0.06603496482483581,0.06629319158750525,0.7482323154271459,0.2490380851668132,0.2435462962962963,0.25176768457285414,0.6704972126358594,0.7040092592592593,0.0,0.08046470219732745,0.052444444444444446,0.7755418261135081,0.399783039677931,0.5872958027786056,0.3995354147727033,0.35302083333333334,0.15550155853379455
AlTc2_139,17.000000015636857,1.3229430272574998,1.0054367007157,1.4816961905283998,0.0681352946476265,0.06859874423767869,0.47213951431740775,0.8457203442832184,0.1541069878472222,0.45869366779041826,0.15427965571678148,0.7703450520833334,0.06916681789217415,0.0,0.07554796006944445,0.8560570267405123,0.9769536297602226,0.9167102131552709,0.8292638624659835,0.702587890625,0.7119938023804493
Zn(GaTe2)2_82,42.0000000113117,1.2624656317257283,1.2171075850768998,1.3758607483478,0.09434575513465025,0.09608139113349701,0.6874529254438702,0.7041880072860015,0.06963433159722222,0.29055298313630434,0.128430486657714,0.37378733442644035,0.021994091419825505,0.16738150605628455,0.5565783339763375,0.8728872302525718,0.7963236782952673,0.8342565374845309,0.6137812262223967,0.2757402584876543,0.5513989049593996
MgNiSb_216,17.000000017117472,1.1641898639865997,1.058354421806,1.2171075850768998,0.09242038408862899,0.09642583168219841,0.7716406099576071,0.741167662242625,0.11639785766601562,0.2089829753923841,0.16071891482296552,0.60516357421875,0.019376414650008906,0.09811342293440956,0.2784385681152344,0.8683542132057298,0.8200049371505356,0.8436668286276244,0.6366475436650473,0.3674049377441406,0.41477559253656077
MgB9N_166,68.00000000323767,0.9044119604523999,0.7937658163544999,1.058354421806,0.08095325119312499,0.08092328488035123,0.6534203881272257,0.22592635130694796,0.27190818218767465,0.34657961187277414,0.6667599962898096,0.6605247866178936,0.0,0.10731365240324232,0.06756703119443175,0.8205335696750096,0.31897780248460483,0.5698021096608824,0.3839902067673509,0.395072842046436,0.18726526943013277
Pm2MgAl_225,35.00000002614852,1.256795875894625,1.0054367007157,1.4816961905283998,0.08012589604108158,0.08962119743328781,0.727610800367741,0.8420951975977196,0.0795703125,0.09541192225570339,0.15493165381117202,0.449890625,0.17697727737655553,0.002973148591108491,0.4705390625,0.7749832914075638,0.977182849809204,0.8817383831945887,0.6669062976505633,0.34241796875,0.5842479074775119
Nb5Sb4_87,150.00000018820023,1.34940188780265,1.2171075850768998,1.45523732998325,0.09377848799005681,0.09345574055151395,0.6065616401810113,0.7866967189367746,0.099169921875,0.21523667184736403,0.17326897668037858,0.5478543526785714,0.17820168797162456,0.04003430438284684,0.3529757254464286,0.7293407010314382,0.9448081349352617,0.8368887105864613,0.6409533828160838,0.4857101004464286,0.705552811037377
Ca5Al2(SiN4)2_60,376.0000005782822,1.0770312645437523,0.7937658163544999,1.5875316327089999,0.0841261025728523,0.08417167568686904,0.6411879795210901,0.4410745849557432,0.1633221726190476,0.35881202047891003,0.37110474453878556,0.6567844742063492,0.0,0.1878206705054713,0.17989335317460317,0.7178410436566055,0.695617963187961,0.7067264945442383,0.5334679453980699,0.46636036706349204,0.41954492845018515
Na2ZrSe3_12,63.999999973356374,1.1641898639866002,1.1112721428963,1.3229430272574998,0.08574941492130753,0.08561695158717109,0.6154141192697986,0.566409135620738,0.0897871894528273,0.3651265423852823,0.2820345617922585,0.4932889422344155,0.019459338344919162,0.15155630258700356,0.4169238683127572,0.7598348967290304,0.7664136000008744,0.7631217057511728,0.5406518269950243,0.2803212162780064,0.38625237768787357
Ta2Be_140,48.0000000136136,1.3582215079843667,1.0054367007157,1.5346139116186999,0.07279122698994919,0.07284085555600651,0.19731747865327642,0.7486097013875528,0.14368127893518517,0.5582791445732694,0.2513902986124473,0.7122636959876543,0.2444033767734541,0.0,0.1440550250771605,0.5551046944086273,1.0000000000000002,0.7776281530146686,0.6538706759967395,0.7130232445987654,0.761070110701107
Sn7Ru3_229,104.00000004424564,1.53990568372773,1.4287784694381,1.5875316327089999,0.08131888938181475,0.08404406196984002,0.38776710293332817,0.7189113008326116,0.10287847222222223,0.4968547002409301,0.15752696918677905,0.5613038194444444,0.11537819682574167,0.12356172998060946,0.33581770833333335,0.8753224248913627,0.899573303873401,0.8876476909762383,0.7739780235923024,0.7119525462962963,0.9624912236206006
Re3Ni_194,62.00000001753209,1.3758607483478,1.2171075850768998,1.4287784694381,0.08630502843020638,0.08624821107358281,0.5566249964576976,0.8862934615240343,0.15722412109375,0.4194463642238609,0.11370005547915878,0.77697021484375,0.023928639318441493,6.482996806959182e-06,0.0658056640625,0.9003283198620207,0.9999616773445806,0.9501285952485449,0.89251810754271,0.7855126953125,0.8086392016264097
CdInRh2_225,33.00000005715684,1.4287784694381,1.2171075850768998,1.6404493537993,0.07598151932358028,0.07804753588876472,0.6661915541606991,0.9294040739130266,0.12981181412894377,0.24916431874594341,0.07053338778623013,0.7015603566529492,0.08464412709335742,6.253830074317912e-05,0.16862782921810698,0.8774419200030589,0.9981615470032879,0.9386113494187601,0.8299177773796513,0.7274546682098766,0.8019178479775143
NbCu3Te4_215,68.00000022497584,1.2468738031901936,1.2171075850768998,1.45523732998325,0.09483898276494772,0.09491830296194619,0.7280780176332701,0.8278232244763423,0.0807156032986111,0.2391674613705571,0.08906065660160983,0.42556197554976855,0.03275452099617289,0.08311611892204787,0.49372242115162035,0.8491936485207887,0.8978971323088454,0.8735555696548759,0.680311784506088,0.3074544270833333,0.5327985976468088
Sc(AlC)3_194,47.999999959146265,0.9978770262742281,0.7937658163544999,1.5875316327089999,0.089233173423952,0.08935933488848687,0.4038593891621211,0.3126940831155462,0.18284084467120182,0.596140610837879,0.5194976486795093,0.6943305596047943,0.0,0.16780826820494446,0.12282859572400388,0.4456101202035855,0.5629432607447118,0.5043181337602893,0.3560763981421487,0.3852736779235504,0.28105738914909517
Tb2B4C_71,54.00000007045921,1.0507947473645285,0.7937658163544999,1.4816961905283998,0.10655481002242355,0.10643871020829346,0.7633180824091048,0.880438894679604,0.18216471354166666,0.2340181987469033,0.10373347914794086,0.6887467447916666,0.0026637188439921048,0.015827626172455058,0.12908854166666667,0.8962957551262888,0.9585059555594969,0.9273839003841233,0.8365230627306954,0.47833984375,0.43099398344857576
RbAuS_63,48.00000006942565,1.3582215079843667,1.0054367007157,1.7462847959798997,0.08728040592926846,0.0870383367525791,0.627734029037208,0.7632240990184902,0.0707,0.33370841537551454,0.09682485298966945,0.37355625,0.03855755558727741,0.13995104799184022,0.55574375,0.8072643451295586,0.8971675094855476,0.8521535049178471,0.6752597600103117,0.3958125,0.6318827485820409
Na2UI6_148,57.999999928904614,1.2347468254403333,1.1641898639866,1.4816961905283998,0.08008023083175422,0.08402964463644705,0.7267917997596465,0.5584167679557029,0.050206661224365234,0.22307276435540482,0.22017724561566385,0.2806692123413086,0.05013543588494883,0.22140598642863307,0.6691241264343262,0.8665578369415872,0.7276535424271506,0.7954342773555213,0.5563780510298425,0.1876692771911621,0.48976734861690163
ScMn2_194,68.00000012859206,1.340582267620933,1.2171075850768998,1.5875316327089999,0.062027917581939214,0.06238784895561539,0.5587882110399273,0.833330279071425,0.15436921296296297,0.4086192262499017,0.15811597307774766,0.7594682355967078,0.03259256271017114,0.008553747850827508,0.08616255144032922,0.7752867507065341,0.9987999310417516,0.8873666496004868,0.7712488801643466,0.7278292181069959,0.7111313366493809
K2Te2Pt_71,36.000000047444786,1.4181949252200399,1.2171075850768998,1.6404493537993,0.08815611107230083,0.0884772221834891,0.5826306297154658,0.7389880481640131,0.06561166666666667,0.34102697823827804,0.10584792628921062,0.36091,0.07634239204625617,0.15516402554677636,0.5734783333333333,0.8339512403125673,0.8574772422904405,0.8457356258853129,0.6522208808452266,0.385665,0.7394548964192366
Nb3AlC2_194,88.00000038024912,1.1597800538957415,0.7937658163544999,1.45523732998325,0.09240500291687241,0.09207559112943445,0.6448947005176898,0.7598111054309974,0.15728546626984127,0.28407507486342093,0.23874698250444298,0.6861793154761905,0.07103022461888922,0.0014419120645595743,0.15653521825396827,0.6653180193547353,0.9896837623374253,0.8272112942634915,0.6768667131842826,0.5037388392857143,0.5064201613850561
Sr2In3Rh2_12,47.00000002198336,1.4892558649698713,1.3229430272574998,1.6404493537993,0.08472330493078062,0.08555200891939879,0.669646970484562,0.7279808255395381,0.0877346462673611,0.2253190630846904,0.16232178339732695,0.48372124565972224,0.10503396643074756,0.1096973910631349,0.42854410807291665,0.8910401759557102,0.8683173103319681,0.8796234487827558,0.7145152112056762,0.5596489800347222,0.8522815852489078
PrTe_225,18.999999947079314,1.3229430272574998,1.2171075850768998,1.4287784694381,0.07218219187249415,0.08111334791394272,0.7409537085588547,0.82034164835372,0.06490590706447188,0.18568419708589848,0.08895793633857788,0.36559070644718794,0.07336209435524695,0.09070041530770191,0.5695033864883402,0.8506424800128612,0.9022704912489512,0.8779604361864851,0.6577402176915569,0.3001650377229081,0.6435041332004455
Sc3CoC4_71,68.000000079493,1.1443457185777373,0.7937658163544999,1.5875316327089999,0.07352551566479663,0.074494654939798,0.6528070004274654,0.5833590426166158,0.19128844246031745,0.3469103778595966,0.3227747676598004,0.7113777281746032,0.00028262171293786715,0.09386618972358395,0.09733382936507937,0.719158165933519,0.8560323254721,0.7880433269447097,0.6555732144343097,0.5814236111111111,0.5159721435357488
ScBi_225,7.999999928111674,1.5875316327089999,1.5875316327089999,1.5875316327089999,0.0870834999828934,0.09834875790669455,0.41893535452503844,0.4813358804994178,0.07770538330078125,0.5616663564848009,0.2374644451554958,0.4393463134765625,0.019398288990160654,0.2811996743450863,0.48294830322265625,0.9976346274812734,0.7593383459443702,0.8712480776454136,0.7390143663767935,0.6054229736328125,1.0
AlVFe2_225,96.00000008752569,1.2171075850768998,1.0054367007157,1.4287784694381,0.07244833767813896,0.07502196658105631,0.6378027930528379,0.8739257796969412,0.1851581902602311,0.3562877795772962,0.12607422030305857,0.8047996976568406,0.0059094273698658915,0.0,0.01004211208292841,0.8598114891309386,0.9846196792893804,0.9233046508094528,0.8304901681502427,0.6484383435914048,0.5756465300372321
SrHCl_129,36.00000000580358,0.9701582199888333,0.5820949319933,1.3229430272574998,0.08562364097434128,0.08768094076551472,0.8423409416975263,0.5535004895107789,0.10894547325102881,0.15764290965184058,0.23640648214967763,0.5704320987654321,1.6148650633243878e-05,0.21009302833954357,0.32062242798353907,0.8387930725351961,0.6688276164830558,0.7528015140046685,0.5012848466171117,0.2496759259259259,0.28598997222522815
HfMgIr2_225,24.000000036411237,1.34940188780265,1.058354421806,1.5875316327089999,0.08761359949141541,0.0910065241220818,0.38344278157078454,0.7712427491000676,0.13527734910836764,0.5238630122108846,0.22110649076060618,0.7150634430727023,0.09269420621833076,0.007650760139326272,0.14965920781893005,0.8283737249542215,0.9468412355633388,0.888732637174328,0.7909895002079897,0.6545165680727023,0.6947050536538577
CeSe_225,18.000000075613748,1.2700253061672,1.1112721428963,1.4287784694381,0.07462118108622569,0.08553821812799232,0.8221765955746687,0.6707756917941373,0.07743072509765625,0.16395869485724174,0.18515339506951223,0.4339447021484375,0.013864709568089549,0.14407091313635043,0.48862457275390625,0.8764066149026001,0.8400525700322055,0.8569905816556262,0.62952411900471,0.32663726806640625,0.5742817961250396
BaClF_129,47.99999989769449,1.0971607506055532,0.8043493605725599,1.4816961905283998,0.06582631255572002,0.06895193763015388,0.8064302804919071,0.4634770552791541,0.09090169270833333,0.19320932699445037,0.23187183809462567,0.49161331741898145,0.00036039251364254263,0.30465110662622014,0.4174849898726852,0.8642159768751452,0.627182307545712,0.7429506335329551,0.4792916683416149,0.2764576099537037,0.37744282075098634
YSiRh_62,96.00000013122884,1.3053037868940667,1.0054367007157,1.4816961905283998,0.08956288858707111,0.0893869753102915,0.6536978687716521,0.7917662313299045,0.11726851851851852,0.271436870809876,0.1757381125177267,0.62125,0.07486526041847182,0.032495656152368914,0.2614814814814815,0.7927941296024925,0.9637304660441537,0.8781782799581812,0.7322089264213213,0.5411458333333333,0.6822974886355168
ScHg_221,15.000000016602332,1.45523732998325,1.3229430272574998,1.5875316327089999,0.08669702796207193,0.08962956656409435,0.5192788195325088,0.9133058947258548,0.09576576166180759,0.3568549066471743,0.07353397678401047,0.5449389577259475,0.12386627382031676,0.0131601284901347,0.3592952806122449,0.8065910929318089,0.9921029463592596,0.900889670295513,0.7671956198918355,0.5975309766763849,0.8159038662486938
V3Re_225,22.0000000948085,1.4287784694381,1.4287784694381,1.4287784694381,0.0705500302601127,0.07315639290581973,0.31637476241123363,0.9167824265026647,0.1590728759765625,0.613639268403486,0.08321757349733543,0.778167724609375,0.06998596918528019,0.0,0.0627593994140625,0.849674390473989,1.0,0.9262004017128433,0.8492509390188004,0.8597869873046875,0.900466684968038
ZnPd5Se_123,68.00000011063354,1.3153833528160288,1.1112721428963,1.3758607483478,0.10009114159098315,0.10145768859806749,0.6512855285057906,0.9339047832538084,0.13667438271604937,0.28106240563394425,0.06609521674619151,0.6986368312757202,0.06765206586026518,0.0,0.16468878600823045,0.8025105340685118,0.9999720058372986,0.9019106868455933,0.7532026302859631,0.6140817901234568,0.6833413098700438
Ti2MnRu_225,23.00000005334435,1.40231960889295,1.2171075850768998,1.4816961905283998,0.07427985274541334,0.0758338737225493,0.41313095111795173,0.9091063904493915,0.1526641845703125,0.5082509272204139,0.09085684304401181,0.765167236328125,0.07861812166163432,3.6766506596880934e-05,0.0821685791015625,0.8137093324525019,0.9999459879489262,0.9077916482255362,0.8087436577110088,0.7941551208496094,0.8383669684521198
NbSbRu_216,96.00000007352384,1.3670411281660833,1.2171075850768998,1.45523732998325,0.0978753035682054,0.1001586508872099,0.5037733553161852,0.7879139079410413,0.10884602864583333,0.4014613185401818,0.15329215063416182,0.5706651475694444,0.09476532614363295,0.05879394142479681,0.3204888237847222,0.8177665211539172,0.9270880717857989,0.8730575395769838,0.7275774770333379,0.5392659505208334,0.7542425250748681
Pr2TlCd_225,40.99999980417297,1.4420078997106751,1.2171075850768998,1.6933670748896,0.07019629428806336,0.08037184875628273,0.7644812161856275,0.918453542712564,0.0719765625,0.1166288771243664,0.08095292219005909,0.403890625,0.11888990669000618,0.0005935350973769217,0.5241328125,0.8824182305067917,0.9975490771002068,0.9438739860371196,0.8044571108619137,0.44194921875,0.7856880343533599
Cs2HgF4_139,58.0000000119556,1.0266037891518196,0.8043493605725599,1.3229430272574998,0.06415639016767424,0.06552087385435479,0.8166513503738996,0.6080598038301173,0.09590245627572017,0.18334864962610048,0.15338063334800953,0.49416152263374485,0.0,0.23855956282187327,0.40993602109053495,0.8664020727282987,0.6630348128038928,0.7636485123096488,0.5095868469167568,0.23636349022633746,0.28424113881226254
PuSi2_191,24.00000009006267,1.1641898639866,1.0054367007157,1.4816961905283998,0.05114472784097232,0.06604129911228675,0.5270266398127392,0.7097652324420782,0.11406944444444445,0.34353940727740945,0.2871933644095311,0.5858194444444444,0.12943395290985132,0.0030414031483906967,0.3001111111111111,0.558343556330313,0.9934993639948001,0.8035797470399927,0.5681850824357861,0.3932175925925926,0.4765088472146487
HfSi2_63,47.99999998747036,1.1994683447134666,1.0054367007157,1.5875316327089999,0.06098516886429586,0.06201108678680747,0.18498012490663016,0.6491075238621211,0.13073389077853365,0.7191388921904731,0.2766361541419966,0.6769120842781557,0.0958809829028967,0.0742563219958822,0.19235402494331066,0.3609946270302356,0.8485457431925216,0.6068035292386595,0.41244790011707355,0.476521164021164,0.46929713602777606
Ce2Re2Si2C_12,49.99999999764194,1.2171075850769,0.7937658163544999,1.4287784694381,0.0784247832474781,0.0785332957407741,0.6171727487176026,0.6682078739583928,0.11760042920524691,0.32387824472308796,0.2526456248566278,0.5820925363297325,0.05894900655930941,0.07914650118497943,0.30030703446502055,0.736967168232221,0.8915724465340642,0.8143232503289706,0.6435409249755465,0.4436256188914609,0.5608200589257698
Ti3AlC_221,19.00000003458225,1.24885821773108,0.7937658163544999,1.4816961905283998,0.055610762228438394,0.058444150237421714,0.35015428448741814,0.704295230909591,0.14710648148148148,0.5288427662019967,0.290874037524012,0.6743611111111111,0.12100294931058508,0.004830731566397131,0.17853240740740742,0.4611958531544132,0.9810714285394369,0.7275910971265926,0.5707858955659956,0.5805694444444445,0.6439290961266494
YNi3_166,123.00000027473898,1.2832547364397746,1.2171075850768998,1.4816961905283998,0.09821909555606279,0.09863182351656781,0.9553315858551498,0.8541661241093663,0.1518411636352539,0.04293766998279404,0.1302319992464276,0.727449893951416,0.0017307441620564462,0.015601876644206153,0.12070894241333008,0.9783766489025505,0.9793646785662112,0.9788716995117851,0.938566324044577,0.6403131484985352,0.6714854025339987
PbS_225,39.999999944194045,1.3229430272574998,1.0054367007157,1.6404493537993,0.08488439191556081,0.08675383528850826,0.5586523768294719,0.31250685364986464,0.08032735188802083,0.437848992545228,0.24254123976285868,0.4488627115885417,0.003498630625300094,0.4449519065872767,0.4708099365234375,0.7539441106595173,0.6574753504172233,0.7051843729666069,0.518951059027942,0.4140268961588542,0.587886685552408
VGaRu2_225,24.00000003521535,1.4155490391655252,1.3758607483478,1.4287784694381,0.0876502796129806,0.08973291804379574,0.36719488812746515,0.90021124779814,0.1598052978515625,0.577061019186719,0.09978875220186006,0.7832260131835938,0.05574409268581573,0.0,0.05696868896484375,0.8633156573900501,1.0,0.9324602273116095,0.8586506911574303,0.8508949279785156,0.8823629686632444
Pr2CBr_194,74.0000002969712,1.19064872453175,0.7937658163544999,1.4287784694381,0.07262993039261187,0.0725356253518636,0.6694403132148291,0.7227593520588512,0.08944230594023324,0.30637785963150266,0.13612875304926914,0.48006588237973763,0.02418182715366823,0.14111189489187978,0.43049181168002915,0.7351476943220222,0.8448054078881669,0.7899409322039952,0.5537660734571207,0.33279427842565595,0.508337064724564
ZnCO3_167,68.00000018477058,0.884784296629816,0.7937658163544999,1.2171075850768998,0.08074204507811665,0.08133530312806149,0.9303991047044552,0.6411244107631631,0.22221209912536444,0.06960089529554482,0.33159624310748803,0.7090655706727135,0.0,0.02727934612934882,0.06872233020192203,0.932536444682179,0.7496958982077443,0.840781542247073,0.6714902735400239,0.3268781719036821,0.1484964284524563
SmC2_139,24.000000060750907,1.0230759410791332,0.7937658163544999,1.4816961905283998,0.08673676798521004,0.09506431754166823,0.8360030810229334,0.7457455531850415,0.13950892857142858,0.16399691897706628,0.1526712685881966,0.6293686224489796,0.0,0.10158317822676183,0.23112244897959183,0.8777071709780939,0.8608923390905745,0.8689146463716962,0.6972188427116822,0.37174744897959183,0.37204235699447735
