descriptor,shells,median_abs_change,p90_abs_change,spearman
f_bond_def,abs_0.6_1.3,0.19749636134486637,0.31182035668243024,0.25462628507918866
f_bond_def,abs_1.0_1.8,0.06914780064837195,0.18436509842392926,0.8023339816615728
f_bond_def,abs_0.8_2.0,0.028546894159326666,0.10587880220663864,0.9656015559877745
f_bond_def,scaled_0.6_1.3,0.05229558550730863,0.19504653705197988,0.7699916643512088
f_int_def,abs_0.6_1.3,0.06892399384947615,0.23727994537803815,0.9236212654889618
f_int_def,abs_1.0_1.8,0.028063932969387403,0.10462315207980398,0.7586895342648006
f_int_def,abs_0.8_2.0,0.02854689415932666,0.1058788022066387,0.46978597599380556
f_int_def,scaled_0.6_1.3,0.04158404055771149,0.1732415733793927,-0.45341356940446575
f_bond_dep,abs_0.6_1.3,0.05884973434438026,0.27289387283526834,0.5936093359266464
f_bond_dep,abs_1.0_1.8,0.04894450825283109,0.10916322129807707,0.8403445401500419
f_bond_dep,abs_0.8_2.0,0.06180374566187827,0.19389486037706855,0.904806890803001
f_bond_dep,scaled_0.6_1.3,0.06196523319584119,0.13347687455900006,0.6701861628230065
