id,f_bond_def@abs_0.8_1.5,f_int_def@abs_0.8_1.5,f_bond_dep@abs_0.8_1.5,f_bond_def@abs_0.6_1.3,f_int_def@abs_0.6_1.3,f_bond_dep@abs_0.6_1.3,f_bond_def@abs_1.0_1.8,f_int_def@abs_1.0_1.8,f_bond_dep@abs_1.0_1.8,f_bond_def@abs_0.8_2.0,f_int_def@abs_0.8_2.0,f_bond_dep@abs_0.8_2.0,f_bond_def@scaled_0.6_1.3,f_int_def@scaled_0.6_1.3,f_bond_dep@scaled_0.6_1.3
Al2Te5_12,0.4014183430790056,0.046381212154671406,0.201981369657741,0.5978841517092989,0.16616014243320087,0.16273857535482694,0.34142138679220957,0.002262699416406789,0.24298168274261459,0.4474633380433987,0.0003362171902782755,0.35596016956556736,0.42084816085712135,0.007725974753983901,0.2824840326394946
Pr2CuO4_139,0.20667474345113745,0.0,0.22629612183966955,0.48066159148689624,0.00016347735905742123,0.1550079599451079,0.07153314267179632,0.0,0.25005625779283375,0.20667474345113745,0.0,0.3279790555497537,0.2617610760786766,0.1551459281013054,0.14176388014691446
Cd(HO)2_8,0.12942185559922822,0.0,0.388759960583718,0.28525129979588415,4.401204049591966e-06,0.33943471543314285,0.03357687835561712,0.0,0.3683761558930616,0.12942185559922822,0.0,0.45156533002377897,0.3241322040475248,0.16287154026244158,0.18921536076594594
MoRh_51,0.509822824475032,0.09258505229925208,0.09552366592921314,0.23218197522467052,0.37023350574643177,0.4540258449121599,0.5809015860496972,0.0012508614102660412,0.011557730882942496,0.6024078767742842,0.0,0.09552366592921314,0.6009074812067116,0.0002130198863228406,0.033825242611745965
Cs(CoS)2_139,0.2004133925671911,0.0034865066963472835,0.0827968431176109,0.5658458754022363,0.020432309512914693,0.05423675660438224,0.10886970876927962,6.046361662861227e-06,0.14474132685609695,0.2038998992635384,0.0,0.18939637030141795,0.23201360421998138,0.010135976318077737,0.13066167435887494
Y2AgRu_225,0.165643770204298,0.11318682300109051,0.1531538385287333,0.0905521501222172,0.1893517906817522,0.452806652715466,0.24521345362559627,0.008612965123102093,0.0830153360138479,0.2788305932053885,0.0,0.1648557551576797,0.27078982129366214,0.00035378389187383453,0.062435482482351125
Ba3In2O6_139,0.24596258927067505,0.0,0.38672995785207015,0.47095173985210953,0.0012642265508777352,0.28710026932628613,0.09238092800880392,0.0,0.4667204026165006,0.24596258927067505,0.0,0.651801481959243,0.32107691749382267,0.1960183441062788,0.31873168769313126
CrPt3_221,0.45550979813583986,0.0687121492883322,0.06103929978737656,0.25266647194333164,0.2977380364112742,0.4648018351811779,0.5028511312775116,0.0006494633611623698,0.002501082745805724,0.524221947424172,0.0,0.06103929978737656,0.5199230656247666,0.0013621773061124498,0.04501262619899674
Cd(InS2)2_227,0.4394705789111858,0.002351204504363982,0.19945546405546782,0.4403529314395499,0.07491307352249332,0.17095568543756193,0.30940951174422104,0.0,0.24699317863059275,0.4418217834155498,0.0,0.3462976907436884,0.4517512398377082,0.029425074220388023,0.26168750712968303
Si3NiP4_121,0.5037901096370201,0.0003331151712102974,0.21495765671723766,0.6648943659276478,0.027049443177783936,0.19685365456673104,0.34085884269384187,0.0,0.27984085114993384,0.5041232248082305,0.0,0.40832075882701424,0.5694627461240132,0.0037246135179581598,0.22820869869456925
HfZn2_227,0.10956104593240358,0.07318555107819448,0.06061373887497252,0.31678868793397824,0.14559740954922942,0.08529531580714121,0.1824312073912332,0.0002101118362617358,0.007282417856000059,0.18274659701059806,0.0,0.06061373887497252,0.19124860499477905,0.01884396708840594,0.05016916941940004
Zn(RhO2)2_227,0.17420626838333728,0.0,0.20291154990665214,0.42779453605370416,4.398027654540546e-06,0.2756295696514427,0.03450949601600511,0.0,0.16341148458795646,0.17420626838333728,0.0,0.25703115664832454,0.2922780027370121,0.08461386027650898,0.13823689245337878
CrSi2_180,0.7726838077456025,0.02286832714938622,0.1451054725120891,0.6487460862575264,0.2486657396682523,0.18996975763143548,0.7023822178443102,0.0,0.07719276937489833,0.7955521348949888,0.0,0.1513239479207412,0.7552039897482136,0.026608524970585704,0.18943982757060115
Cs2ZrCl6_225,0.2752530257845086,0.0003702845223069681,0.1322979396123991,0.3664862484490817,0.02364104086741515,0.19198317542754134,0.15665446743806064,0.0,0.17639279441336436,0.2756233103068155,0.0,0.2916714532013597,0.26984022036090777,0.016853889849837437,0.1452873898446946
Ba(AsPd)2_139,0.25243632857418197,0.08917795396906802,0.13372633373807055,0.17442520616889803,0.20447226674226557,0.3452417438298452,0.31876932409251374,0.006821500100312458,0.04027219906443637,0.3413797200419964,0.00023456250125349618,0.15545053814884158,0.31715120446741185,0.02425902533633318,0.09716018166552474
U2SN2_164,0.24680879866010622,0.00017734045980500758,0.5055112591234858,0.44897854796774556,0.011703586997928997,0.4395508041125295,0.11504956957082682,0.0,0.43467786298762345,0.24698613911991124,0.0,0.6665535639382034,0.29631363704718433,0.10916142874166836,0.19590178345870954
BaZrN2_129,0.22716391814270886,2.0680425162933114e-05,0.29841239716618745,0.355081256997075,0.008463955928620039,0.40918394744081077,0.10765842459674213,0.0,0.3198091279229764,0.22718459856787182,0.0,0.5047979231670022,0.22566847069505044,0.14834011351423332,0.24997019060199732
Cr3Ir_223,0.7168037666431756,0.035229476714620844,0.031232554754625583,0.5399954690017944,0.29705981465206677,0.17137930455347666,0.6618951382259114,0.0,0.00766026268066119,0.7520332433577964,0.0,0.031232554754625583,0.7397941028832039,0.0,0.023936087475186905
HfTc2W_225,0.4904104843520512,0.1491737052032777,0.21130721312418718,0.2629938309674757,0.38372582918582604,0.5635259514798702,0.5791995245532243,0.0,0.060334307846428896,0.6395841895553289,0.0,0.21130721312418718,0.6202342864562304,0.0,0.08517119692727303
Si3Ru2_116,0.6087545228454528,0.03897824705230649,0.1722670901060404,0.4541562880187808,0.21359876954723747,0.4153940480936337,0.5578335928123633,1.7856356483196145e-05,0.11435291673618485,0.6477327698977594,0.0,0.19925306667997975,0.6225443000038613,0.034451674739507124,0.18509201775363657
ZrInNi2_225,0.07046212359474853,0.015607882054594045,0.15639636499797388,0.2995981034390497,0.045251743893909166,0.2808855626366643,0.07594057187213638,0.0,0.07552293503211033,0.08607000564934256,0.0,0.159543356847553,0.1131388193941463,0.0023539125891162364,0.09224510832024205
Ni3Se2_155,0.08928627735634515,7.5835610559024335e-06,0.1193665542219401,0.43443641306425235,0.00745507281783217,0.10431430011581302,0.07097492579214305,0.0,0.13716811062842885,0.08929386091740103,0.0,0.19776537281239082,0.12935267234564102,0.0,0.15125986484114748
ScNiGe_62,0.2119033240643756,0.01752699519604593,0.1539216326091734,0.46453909399627513,0.08835177111100206,0.13897391523054617,0.20524872388054835,3.285067939063865e-06,0.1421144017486692,0.22943031926042148,0.0,0.18903737044955796,0.25318540404785805,0.0037838625627355416,0.17787951577412248
NaPF6_225,0.07894902485725544,0.0,0.45666550309694254,0.36880318761819636,0.0,0.4187730737529204,0.0057007924409903914,0.0,0.43734947106107164,0.07894902485725544,0.0,0.5814626444035405,0.6919845428234261,0.1413276898917239,0.22115501622258454
GdAs_225,0.23933658631407914,0.015807867536173508,0.09808614895748344,0.48698011903533006,0.06803351440170556,0.06135832184706331,0.13608801328303774,0.0,0.13796307510479924,0.25514445385025264,0.0,0.1637271010847577,0.1543721102705137,0.007467818157976641,0.12683957965158305
TaCu3Se4_215,0.28614616938233156,0.008383626066809348,0.07958708515613686,0.40980442828861796,0.0792101434962891,0.10039878000708014,0.25713568012826377,0.0,0.06831198327274932,0.29452979544914093,0.0,0.1403892070398324,0.2917809649236608,0.0014399589638648472,0.09537608174857899
CaAl4O7_15,0.27681772545984806,0.0,0.4915526807591063,0.5863028396455571,0.0,0.36573278845701157,0.0352479133402647,0.0,0.5818942953977618,0.27681772545984806,0.0,0.7169367047813593,0.5793004367364287,0.1553762374454769,0.39592044754192524
CdSe_186,0.2510610154400301,0.018627851593008456,0.10650723158567298,0.21508813229066157,0.09394346189856108,0.1237808370835716,0.2185433862280864,0.0,0.12138002642002632,0.2696888670330385,0.0,0.17131014524347465,0.2548754172725269,0.0076504421322128565,0.15203061862080725
AlFe2Mo_225,0.3872022458675569,0.025290244584871693,0.15823757559989854,0.5254017230047613,0.17982099332041637,0.32758745665680933,0.3606313117021476,0.0,0.03908269852122276,0.41249249045242864,0.0,0.15823757559989854,0.4172070623500582,0.0006161578808438942,0.12457955667672291
Na5OsN4_59,0.5033096292679982,0.0001237529597219378,0.3890025962660664,0.7018365433274376,0.020540680947681456,0.4168551710918705,0.24745729047810952,0.0,0.4624520742900115,0.50343338222772,0.0,0.6208258760237888,0.49089716142859874,0.3173099195519374,0.506314564122785
Lu2AgRu_225,0.17310150394517163,0.03446482260435237,0.034329283130916995,0.5193462077040367,0.0626306299278529,0.06282303493682903,0.08258075228242646,0.0010542897951857277,0.032784173765959705,0.20756632654952398,0.0,0.03594138946379071,0.08902614629501625,5.503742590576009e-06,0.02294442446524369
Ga2Te5_87,0.3698115473856833,0.03790624875319513,0.1944371330809637,0.5934148199055608,0.1454332095328872,0.15118881543669868,0.3064956951586508,0.0026109015409742434,0.2441854570811919,0.4068171045915296,0.0009006915473487854,0.35527197853935205,0.380444883148889,0.0052712581487385545,0.2804170548436421
GdGe_63,0.1884342875098247,0.030566039427091497,0.10398714435014535,0.46652082200814815,0.06911840023787502,0.07949274646096635,0.10749116391905102,0.002768149658568617,0.12088554255416976,0.2185305837706528,0.0004697431662633781,0.13647480839947976,0.09804367582911937,0.01831946377953797,0.10724296308237886
LiScAs2O7_5,0.2731545264031295,0.0,0.5036776064430502,0.576751993144229,5.43546448005867e-06,0.40099909843104437,0.05771940111632388,0.0,0.5436214998771673,0.2731545264031295,0.0,0.6787088180621571,0.5974659083543583,0.17496562525114723,0.378130163244217
MoIr3_194,0.5173276432078997,0.0430469851016866,0.09475837583382482,0.3057937735460288,0.25458085476355735,0.5386467365458592,0.5062503292581991,0.00012640559243671,0.020901366538002612,0.5603746283095862,0.0,0.09711733999221138,0.5596064989051609,1.8029652132193396e-05,0.040703615458183004
MgCu4Sn_216,0.2181560334891252,0.03563065210275705,0.06896401974832425,0.3914422422846961,0.12906013404457833,0.07351799823796058,0.24895346721244135,0.0,0.02082332724289029,0.2537866855918823,0.0,0.06900117267885486,0.2534394667785434,9.396373882689691e-05,0.0662693296957917
TaSi2_180,0.7126257420691416,0.10506679989614404,0.2593160322662755,0.4017036873000278,0.42259399298402867,0.44513934877531414,0.7756110937279141,0.0,0.1570291445623599,0.8176925419652856,0.0,0.2893549176458517,0.7150819682622582,0.10048993263706485,0.254101137502211
In2Pt_225,0.4582121498187072,0.11918055557845467,0.14834944282915388,0.2913196099535862,0.33555253932565243,0.4048770182038411,0.5470921300570412,0.002759023037116799,0.13093070402173873,0.5773927053971619,0.0,0.2148333309608761,0.5736694114784087,0.003597315674505252,0.18462817050710081
H4NF_186,0.08276605549542408,0.0,0.5716772728937797,0.24436342907376726,0.00015576413115370196,0.5959257116367198,0.018056232898250587,0.0,0.4636242355713247,0.08276605549542408,0.0,0.694276300512373,0.4999132266043841,0.34863182680512295,0.026615777793008617
Zr2TlC_194,0.20152522337576187,0.018927476863129865,0.28958276854306875,0.24909507328122807,0.043243737524993955,0.5618945234291766,0.13588952315379144,0.0022883601730287755,0.2016862243933627,0.2204527002388917,0.0,0.34405274233267863,0.17568045023359244,0.08346158094045736,0.1865056586848446
Hf3Si2_127,0.5528526714326999,0.3165626329822404,0.27521822567441273,0.2753844297812528,0.5954838424596235,0.5159069592872796,0.8063279429566415,0.036488632864935984,0.14281507677043226,0.8691970961561806,0.00021820825875974465,0.2794283057615826,0.7244787062667237,0.14351262092193157,0.15541090978624145
NaTeAu_194,0.33211496692651743,0.08969719493321777,0.12312260541270272,0.32053448114279726,0.20878483162800307,0.36743128828914406,0.3601632567622839,0.00624329547518864,0.12401611460953622,0.4217619898715775,5.0171988157781036e-05,0.17197496078203325,0.40774894042192383,0.007740906705968939,0.15127092412466603
SrZnSn_194,0.12667897533680048,0.05663620892011532,0.11038254426873036,0.27853104154302116,0.11269896162806196,0.20180196118269567,0.16300940405842,0.009579354307385764,0.09478946357537268,0.18238562949592807,0.0009295547609877453,0.17046886907126255,0.18262501927907318,0.015995544091987467,0.12982840561125106
U3As4_220,0.2437917356266395,0.055784928561312855,0.4924473658753184,0.287009922986777,0.1571961810869185,0.4679099118319913,0.26775383473852366,0.0028801189567702343,0.32974486831059346,0.29953902720795994,3.763697999241747e-05,0.5529736095994284,0.2702377902509363,0.0313132226648159,0.18993919723950844
SmGa3_194,0.22364052532575054,0.0805560374444907,0.11115657969896403,0.366690076800046,0.18012258198448622,0.13641528670717018,0.24094168189716178,0.004599930670692132,0.06508625110261997,0.3041495553099035,4.700746033774857e-05,0.11908531848385356,0.20756985640601738,0.03802862115719557,0.11366282998243896
BaZnGe_194,0.1268883999075715,0.050215754853206576,0.12599302875999255,0.2978321157556656,0.10277562373805167,0.13159649625943115,0.16340746371412623,0.0069627456461026655,0.08568965065315723,0.17700532416227435,9.883059850374065e-05,0.1998854339637894,0.1604293026613155,0.03386513198329598,0.13787892723310352
BaI2_62,0.16119024092431808,0.036202329628050756,0.12139016364571795,0.403508900670576,0.07422083336963553,0.12382644185013066,0.13467997825514857,0.0019350909962464172,0.11785817432901274,0.1973925705523688,0.0,0.2725701160051214,0.17988769936760174,0.0011468615446814342,0.1944289749497973
ErInCu_189,0.10283887220360405,0.04443800576123017,0.06271981505578503,0.3851142175958441,0.08950264567469285,0.0584624394890831,0.12077229145578264,0.00366137444193772,0.03784274261119548,0.14722252996034096,5.4348004493253285e-05,0.06458738070419533,0.12144424803339492,0.004110844002833894,0.029857548838024085
Mg2Ge_225,0.6858943370973394,0.1665665045342897,0.4566943185009596,0.3993501464575271,0.475746603840833,0.4337346236390546,0.7838413734548377,0.005271777803111852,0.3825616464506883,0.8524608416316289,0.0,0.5852272701581632,0.792788951199027,0.06387600875990777,0.5209788199921084
CoSn2_140,0.22935358403056358,0.02847959128851591,0.1336217826684465,0.6060900537069319,0.10844738478795228,0.09270913548560979,0.18085903508111198,7.114245669536167e-06,0.16141291998198531,0.25783317531907946,0.0,0.20119056181989242,0.30677020114903775,0.0013815935057909239,0.1917114414765756
Ga_64,0.6592028973816842,0.07894275415621389,0.30336893961795236,0.37406455767424357,0.38289295247200733,0.36138317249157065,0.7139601777957565,0.00023259318465116243,0.21895193989985734,0.7381456515378981,0.0,0.46637590763471937,0.7152492565717105,0.023778494659635215,0.38864004555005016
Cs3AuO_194,0.2901222679355106,0.03211169135238887,0.10623993582632335,0.4352551861390784,0.08577575984598416,0.16697210230176943,0.22212825654005902,0.0015208221315256459,0.17183452784443823,0.3222339592878995,0.0,0.2424255385111202,0.23193890979544374,0.11347287775855762,0.22203066933597723
Mn(GaSe2)2_82,0.44825651611925943,0.011004776538304966,0.22594169964205857,0.49147835478938007,0.08944290616160712,0.20775716600781077,0.36666683867535216,0.0,0.2669891619430764,0.45926129265756443,0.0,0.41256131704290816,0.4622315904183337,0.004357058195130081,0.2966272482001271
B3Ru2_194,0.48893895792761266,0.005886306838440369,0.13861147179863673,0.5335309027143427,0.05159028374408468,0.41674440617634945,0.3080260847106697,0.0,0.09358504054063008,0.4948252647660531,0.0,0.15327770830278303,0.49542560514286116,0.11063008414457869,0.060931674053196855
Ca3AsCl3_221,0.3749809529014975,0.02861419703013741,0.1368184101695414,0.38048144333524964,0.09198509553201152,0.11031522075521129,0.23051262652213472,0.00028422085988547886,0.2659822525446636,0.403595149931635,0.0,0.3354990949522375,0.31565337562097334,0.021814773072006813,0.2504298870710882
ZrP_194,0.2519927308062556,0.015376626495359784,0.24131854751932688,0.20291335817987088,0.08239983827935594,0.512033490086814,0.21695579962797437,5.427167543207528e-05,0.15876709926917168,0.26736935730161543,0.0,0.2951559745578385,0.24795023945998185,0.034283950384431584,0.13961114059774368
ScTaO4_13,0.31013007257718767,0.0,0.5210714616290997,0.6300351464794655,0.0,0.4277231735308611,0.05634719714621056,0.0,0.5632094910311058,0.31013007257718767,0.0,0.6628067552508057,0.6166677717905387,0.20044035587981043,0.19018184366100632
NdCu5_191,0.19676448275321254,0.03418577634313473,0.0514288582470154,0.37926935602567025,0.11296412798301705,0.05173713332665707,0.22255060516891628,0.0006106014374231437,0.01581848169600629,0.23095025909634728,0.0,0.05341729981914694,0.22538838290838478,0.0011378272234586154,0.03470718381963756
TlF_57,0.3171451626804722,0.0,0.33284398997190123,0.6726137542290276,0.004630900245334019,0.1174054464187141,0.09062173223406898,0.0,0.646071640084807,0.3171451626804722,0.0,0.7682776969655634,0.44713082923585123,0.1701548288518052,0.40320900804329607
Hf6CoBi2_189,0.35062588809841067,0.22220901070087548,0.22004713683390137,0.5102367492715922,0.3321344687923881,0.329751838080251,0.41680958492369563,0.043957983239364624,0.1701126579906708,0.5675464518044281,0.00528844699485813,0.2511579011829695,0.5486981225835403,0.007180184683715772,0.15705618397057097
