id,Q@table,Qpro@table,m1_def@table,m2_def@table,sigma_r2_def@table,f_bond_def@table,f_int_def@table,f_bond_dep@table,def_polarity@table,Q@default,Qpro@default,m1_def@default,m2_def@default,sigma_r2_def@default,f_bond_def@default,f_int_def@default,f_bond_dep@default,def_polarity@default
BaF2_225,95.99999968879985,96.85256589811262,0.7835933318226221,0.9478195365071431,0.33380102683026514,0.14897744679152963,0.0,0.26171134466231855,0.13794812767304832,95.99999968879985,64.25570308855269,0.9226460157676394,0.9832302946424861,0.13195462423058701,0.6056980613034413,0.014437590775947008,0.11283624095096105,0.3832283425240813
Ba_194,19.999999983148168,20.263747825231576,0.6254529462052593,0.6803533480303271,0.28916196011348816,0.0006215743117435467,0.02945380313302393,0.25098521964629106,0.15661675666317268,19.999999983148168,4.025963525387917,0.9726057747654202,1.0689440880097574,0.12298209490271406,0.6026038846179975,0.07313609088228676,0.0,0.8018264390345834
Be3Nb_166,51.00000005776444,50.990778312306034,0.6421179000097965,0.5581240463684822,0.14580864885549122,0.36027064233627165,0.02031224777754153,0.22003134915214206,0.16234495238106733,51.00000005776444,33.00129922966589,0.6915243792155535,0.5742286823531199,0.09602271530366313,0.32359453957625456,0.005727198924343804,0.029661462984456176,0.3665989559372648
Ca(Al2Cu)4_139,152.00000017075558,152.1022217911531,0.6057361421711626,0.5483386120975968,0.18142233816519399,0.33678336005532755,0.05273613973528712,0.13206830491909344,0.18119151847137413,152.00000017075558,140.1119402782152,0.6247983592657006,0.5366431714253409,0.14627018168422945,0.3091535144232143,0.03200638484572732,0.12100077190869278,0.2423809661236928
Ca(CuSn)2_12,76.00000026263908,76.01733333606519,0.5847447692925708,0.5304761928760974,0.18854974766107552,0.24432101281765162,0.049129177861407344,0.08924079486607571,0.18746225545125741,76.00000026263908,64.02892367726587,0.6194290999321195,0.5122154041169529,0.12852299427423725,0.26210397056521106,0.022130385875675403,0.052122753171637906,0.3081906505721163
Ca3Hg2_127,96.00000023803777,95.98565916358953,0.6180636447547213,0.5754702661409827,0.19346759717349238,0.30000100036925115,0.0674416285093693,0.09886122238687714,0.17805563354522858,96.00000023803777,60.01328154229396,0.6576675868270402,0.5294181140111205,0.09689145924821807,0.28093193650810466,0.017777346177152514,0.000536790067633324,0.4673198878468602
Ca5Sb3_193,110.00000024963866,109.99092659823032,0.7315663802140233,0.8295117931267951,0.29432242446734624,0.288872283011323,0.09815373171525114,0.1737198092580638,0.17542543910451144,110.00000024963866,49.997649526815685,0.6914224495742719,0.5868144935156315,0.10874948974034498,0.2754598126697814,0.01815068684291297,0.023953870307370517,0.592801048091417
CaAlPd_57,84.00000020885393,84.0110209190392,0.6755045492892472,0.692777957346625,0.23647156123615598,0.3243791561010525,0.13065826958484986,0.12913606546299716,0.18264158139509282,84.00000020885393,60.01265605727076,0.6869015371549637,0.6027428330368131,0.1309091112909611,0.2920687570034303,0.03949794536650246,0.10424325227907953,0.40691364323036344
CaCd_221,20.00000006690312,20.04200897059535,0.5187595647285773,0.46693952204687766,0.19782803604949467,0.1410191543934746,0.10254911288604167,0.08280109800566285,0.15664776491299845,20.00000006690312,14.049120652370787,0.6229354276928951,0.5013404986808766,0.11329195160594646,0.24587050642660566,0.028602113523368847,0.008685931398746244,0.3922342994085094
CaCuSb_194,48.00000009759551,48.129590390705054,0.5808557649588179,0.5308383793596071,0.19344495967371367,0.2304628058300387,0.04537980393119118,0.09961489324760267,0.18699266293421202,48.00000009759551,36.13757840638393,0.6277968972915268,0.507332915679621,0.11320397143075323,0.2610230501697753,0.016208545012625294,0.03599392814911718,0.37803248122399224
CaPd_221,18.00000006080768,18.001205659969322,0.593302241255606,0.5547199844411866,0.20271243496226127,0.21938216966118776,0.13589771754346255,0.08988581472905549,0.17765699651196945,18.00000006080768,12.006229373965839,0.6638327292784039,0.5580886392246664,0.11741474676345182,0.2725024989743608,0.03784918287383687,0.06521977055980016,0.44542207822184743
CaSi2_164,16.000000016144458,15.99873116652809,0.7888364638280977,0.9124694773056279,0.29020651064081016,0.47808243005679363,0.04531009308085825,0.21195584259815972,0.1639301618458828,16.000000016144458,10.004180076986527,0.714647944351808,0.6381797053366017,0.12745802097033687,0.31426058124491446,0.01126118007250473,0.1778275245549229,0.45062855021361287
CaSi2_166,16.00000002288741,15.99986956907534,0.8305414662723253,1.0110770203552082,0.32127789315742417,0.48543081025461804,0.057916450777639614,0.19911095290824013,0.17162125258776773,16.00000002288741,10.00123023429312,0.7364686494227954,0.6891194629423486,0.1467333913597122,0.3177230945147217,0.015359826615691349,0.17638936166748592,0.46132137203352225
CaSiPd_14,88.00000016667418,88.00429925571925,0.6512666348322811,0.6400512610702384,0.2159030314244746,0.34605539504039257,0.09529616616925976,0.12197189571396806,0.17638052564140572,88.00000016667418,63.99642995249805,0.6747616143548029,0.5774325060900282,0.12212926988332845,0.297016397404991,0.03019538816306663,0.08641497185528282,0.3902145362727337
CaSiPt_62,88.00000016337592,88.02102190596783,0.6959019798808955,0.6920836098964513,0.20780404429430105,0.4038724465246593,0.06774376120013861,0.13766508118461307,0.17775265190128198,88.00000016337592,64.01817566290575,0.6893025336297318,0.5907479081926164,0.1156099253242488,0.3094146862187328,0.02202668523500345,0.08682801659142639,0.38777597322798246
KI_225,56.000000099148956,56.38149704573103,0.7327350859245075,0.9265686523379869,0.38966794619319145,0.27281799719617883,0.0598051303075684,0.06222062353693203,0.17356429209670055,56.000000099148956,32.397019197597956,0.7525473931521225,0.729130485431278,0.16280290649122275,0.3715235069564645,0.022080535882038066,0.0,0.5099293099847567
Nb2Al_136,250.00000036019492,249.95962908816188,0.7039450650770199,0.7062993486765712,0.21076069403028136,0.2431758585461352,0.18514585292219862,0.19024794126758132,0.19670652464417632,250.00000036019492,130.01918980234547,0.7311104969040394,0.6552726740751936,0.12075011539192226,0.3032790427583755,0.043113312766658814,0.26273596071658323,0.4920915577380969
Nb3Au2_139,110.00000019780457,109.86887359797922,0.6828133358961392,0.6563893545926376,0.1901553029150237,0.26427173019989575,0.14976526208405538,0.1233261081772462,0.20390458859039104,110.00000019780457,73.98054798090661,0.7154783869668039,0.6391118761862798,0.1272025539696603,0.3047513727634618,0.04683578959448528,0.03330738011380858,0.406908541125684
Nb4CoSi_124,114.0000002766956,114.05130429243013,0.6561799192827871,0.6107717630967735,0.18019967662680852,0.24964570823080545,0.12501727154325967,0.16317588386080728,0.20588746667317695,114.0000002766956,66.05746370095616,0.7062225602055999,0.6146403635204829,0.11589005897713067,0.30129335692311043,0.03413441587704728,0.004294554271135787,0.4587523780380838
Nb4FeSi_124,112.00000026227717,112.04105831354906,0.6704626310996735,0.637063820219486,0.18754368051838916,0.2593138962038174,0.133109374023838,0.1750494466854179,0.1955058879962153,112.00000026227717,64.05481611958756,0.7138037423355811,0.6259223285419709,0.11640654596969036,0.30381634261985463,0.03451238361528758,0.009691584693063575,0.45298402946334393
NbC_225,60.00000003217753,59.93163158373425,0.6226220112173578,0.4949640217604436,0.10730585290809591,0.3098712625348952,0.0037553916680681393,0.25710487907540597,0.1827105017646007,60.00000003217753,36.04677964347152,0.670071123077507,0.5245374811252657,0.07554217114291406,0.3071149483400439,0.0022086012479637035,0.006056156420286504,0.4055206963001497
NbPd3_59,246.0000005201847,245.96251721372013,0.6647587771976248,0.6407927524705929,0.1988885206093115,0.3533334688577668,0.1053846929746585,0.0949617099131431,0.2104089950047741,246.0000005201847,210.00795613785135,0.6919621138246445,0.6376216595354077,0.1588100925667375,0.3393949737043153,0.05191132718126193,0.07172469188826024,0.3020068944423583
NbSb2_12,84.00000005454129,84.04756366008546,0.7533968664553256,0.8140202539881738,0.2464134156034702,0.2715916275932947,0.14069311305142784,0.1827113155717443,0.17857912990107946,84.00000005454129,60.03578905170524,0.751162077332397,0.7162595520969485,0.1520150856746264,0.3055111920988693,0.044466776461429956,0.19387600103780012,0.3594450867348719
NbZn2_194,280.0000005287162,280.1122159645989,0.5208290355078613,0.40014499798206254,0.12888211375401348,0.13121729502874904,0.06203405417817455,0.07986280614886716,0.24406256085478897,280.0000005287162,232.13182546282758,0.5898661222972944,0.46653146617632457,0.1185894239422779,0.23113091270753588,0.03254083479237925,0.04161185141026803,0.3508407723145183
RbGeI3_221,31.9999999698466,32.2641155057346,0.6947611552205623,0.7863715076477078,0.3036784448442976,0.1793833317647343,0.033268612479907,0.12779342542124303,0.15384418126321345,31.9999999698466,26.27685608702522,0.7863485097442635,0.8087066422666501,0.19036266348962605,0.44192145655800685,0.03826233312096084,0.10271235119799445,0.29643580132978076
Y(Al2Cu)4_139,158.00000085210004,158.50444730784162,0.595256590697539,0.5316108012802359,0.1772803925113784,0.3038738144494425,0.059425144916864965,0.13070855741015563,0.18588129896883918,158.00000085210004,142.1744318197178,0.6538427624161569,0.578304766743738,0.15079440877974698,0.3465514718213886,0.037973784573009026,0.11756718049004139,0.2584581454520727
Y(AlSi)2_164,25.00000001096269,25.15289234260477,0.7644611934998464,0.8441355773486614,0.2597346609814518,0.4334123703580257,0.05164399715069844,0.25340526438730104,0.17523345389791797,25.00000001096269,17.013187740968345,0.7723258465578153,0.7333172833900975,0.1368300701288514,0.40272099934649147,0.01854118385359329,0.2900326570995908,0.39839744002339267
Y(SiRh)2_139,74.00000003862799,74.39986457038502,0.6259119169804385,0.5751293566409049,0.18336362882277762,0.3531322517414338,0.051411959448822035,0.14109944368853253,0.17680749342944369,74.00000003862799,58.08901466524842,0.6942138506993951,0.6056455921943694,0.12371272169148734,0.37273871533191694,0.023796131441609747,0.05953010603018974,0.32345541089032054
Y(SiRu)2_139,70.00000010573345,70.40007891210341,0.6694534143798128,0.6430190919477211,0.1948512179229318,0.4050232288824728,0.060247249137923294,0.15634476056609295,0.18425391198005833,70.00000010573345,54.083052634567395,0.7154394637450308,0.6374486821229389,0.12559505583916175,0.3883562299408657,0.026025618167352393,0.07003227644560109,0.33669892582496225
Y2Al_62,100.00000007725548,100.00009479845909,0.6638833759395835,0.6499429267094347,0.20920178986049637,0.06430638463196504,0.15103525469137052,0.26135831371143947,0.1944334381425378,100.00000007725548,36.00332486711585,0.7376110610926984,0.6560554322865257,0.11198535484022931,0.3372470937609796,0.03487614493778011,0.2735079679240298,0.651637530336511
Y2ReC2_62,148.00000011273409,148.11169313200477,0.683910223485347,0.6396701459756454,0.1719369521878681,0.2550727961914747,0.023538246328104466,0.2693946960954162,0.18468697488536684,148.00000011273409,84.02919001747821,0.7183891167759737,0.6097972935962894,0.09371437049412579,0.357991555342936,0.0075498372880227265,0.14836275670181343,0.4792496986208262
Y2Zn17_166,226.0000005687104,226.1371620449537,0.4690327850225854,0.31275346527210574,0.09276171184606294,0.0836153506817337,0.028470837138687175,0.06052445027742516,0.2537420450963414,226.0000005687104,210.1261713658967,0.5241401632543132,0.37807029879409176,0.10334738805783367,0.18524730519289553,0.024587913683114995,0.049839032042418456,0.30679281785407214
YCd3_225,188.00000072016394,189.16202018437355,0.48126367238863765,0.393350008675304,0.16173528631430606,0.07360779807885615,0.11254126955932134,0.07222574547743879,0.16379734945599433,188.00000072016394,156.51862482514088,0.6225134705107688,0.5295796569475507,0.14205663598018892,0.28507818605973406,0.04968396371808425,0.030626016818047976,0.2880675755704039
YHg2_191,35.00000004076758,35.22788689821673,0.5903632433344709,0.5079386481763155,0.15940988909591985,0.2504395716512561,0.07296161933337202,0.08697166324658517,0.19484983286373425,35.00000004076758,27.089700472324957,0.6756175016178698,0.5738863656047435,0.11742735711237118,0.3408488878922593,0.03226837271386986,9.548719620162952e-05,0.35372423386605667
YMn12_139,190.00000048168133,190.54855437993274,0.5905196757347722,0.4816891900192826,0.13297570258938218,0.3147823466004999,0.005715811488622568,0.13027413521172304,0.1351759691283506,190.00000048168133,174.2139069471387,0.6367328075189725,0.5138232680842766,0.10839459991328365,0.3444338173805074,0.00585117513891695,0.07357748637027245,0.18875161263432103
YMnSi_129,44.00000006447095,44.023743645656296,0.6425249242405751,0.5872766603805185,0.17443838211016177,0.21623889702942178,0.04787256053508764,0.213051540366747,0.15933612359187138,44.00000006447095,28.033529739394574,0.7106486531064534,0.6093408230099701,0.10431931484795365,0.3509587122285544,0.016508007051755508,0.06746809924730178,0.41443111942584065
YSi2Rh3_191,46.000000100378465,46.19930279586279,0.6377412633737092,0.596782114489642,0.1900681954801473,0.3518614445280897,0.06812490926094186,0.13615904812450044,0.17911898956376957,46.000000100378465,38.05180531227593,0.6886775669093544,0.6092667240576658,0.13498993289347744,0.3684660152101748,0.03291763575963836,0.058719034804706194,0.2946932928511544
YSiAu_186,52.000000070612856,52.254846194440276,0.6603716302522963,0.6278876764196222,0.19179698637754666,0.2909877337416393,0.08468297009035176,0.14444837992792497,0.19770900214228407,52.000000070612856,36.039791996498565,0.7201442887168874,0.6385404183967432,0.1199326218251916,0.35986429529865954,0.03109926756079367,0.04407869320943829,0.41182299006915457
YSiPd2_62,140.00000024648438,140.0793681893384,0.6451755921857517,0.6064598586611627,0.19020831390892728,0.2815278430596883,0.10784500195254114,0.13336961349330018,0.19550660589736807,140.00000024648438,108.01667358245471,0.7080368535631868,0.6401647433258758,0.13884855732221824,0.354567828237986,0.0447383793018734,0.08492173206721203,0.36206411172150316
YSiRh_62,96.00000013122884,95.98311245663491,0.6566370955630502,0.6188003550159621,0.18762807974648382,0.27143687080987605,0.07486526041847183,0.1757381125177267,0.17894986389736262,96.00000013122884,63.99679585655744,0.713970239066562,0.6271915491461905,0.11743804687342674,0.35920470677096566,0.025339156133880353,0.04191577000234771,0.4140472741839384
