,m1_def,m2_def,sigma_r2_def,f_bond_def,f_int_def,f_bond_dep,def_polarity,m1_def_out,m2_def_out,sigma_r2_def_out,f_bond_def_out,f_int_def_out,f_bond_dep_out,def_polarity_out,m1,sigma_r2,f_bond,f_int,ELF_bond_avg,rho_mid_mean,bond_charge_transfer_pair_std,zeta,delta_chi,magpie_mean_NValence
m1_def,1.0,0.983195520787365,0.7475258325757436,0.590611343304167,0.05698959909617728,0.6921248297991337,-0.4638516509108442,0.0003397099218639977,0.030390329400014106,0.33110301937095643,0.13427191043341763,-0.16020560535356934,-0.03242349534506433,0.7718819417992459,0.5259155906473182,-0.2073385871066579,0.5750033680377644,0.28541982556533874,0.34789552333820184,0.13240706449902145,-0.32528671973344625,0.7079603932105517,0.18305071390193822,-0.19235679959881236
m2_def,0.983195520787365,1.0,0.8492838700376438,0.5479594672049561,0.09708580209651506,0.6544940009405182,-0.4479983063294829,0.11164360469040165,0.14919492734116563,0.3960670774421783,0.09240278263249824,-0.11208408666606869,-0.1087581011271485,0.7858288260842841,0.5721455681063212,-0.09959834946250587,0.5585352713728186,0.3886225301440671,0.42485621334090606,0.04122559768951955,-0.2825546994983011,0.6511552324356696,0.20925283421139618,-0.17611511273086555
sigma_r2_def,0.7475258325757436,0.8492838700376438,1.0,0.3374201796810581,0.2114593768767481,0.43143409604161687,-0.3371508845491409,0.40199798361351635,0.45369053321898595,0.4882713366266764,-0.042369067401173556,0.04811907446664545,-0.3018036608446724,0.6665945031389138,0.6155695472990467,0.23094121652929198,0.4392354998724181,0.6066896361605096,0.5638738558478739,-0.19462781410073368,-0.14202145356450718,0.3814836026078654,0.23544751167181605,-0.09498314848002257
f_bond_def,0.590611343304167,0.5479594672049561,0.3374201796810581,1.0,0.2520344162914059,0.08867761142734797,-0.24892009186887776,-0.03888421069675282,-0.04804294965113663,-0.1300373394723396,0.012325208498875171,0.04035981993005337,-0.04467040003723889,0.32216497717458403,0.5515986104668111,-0.19908511581994495,0.7505426314764093,0.1651934101258161,0.3421324344819105,0.17913904510669262,-0.45140875109620954,0.676046458241157,-0.1696458281705923,0.04692985007165847
f_int_def,0.05698959909617728,0.09708580209651506,0.2114593768767481,0.2520344162914059,1.0,-0.2685469660640173,0.2085684628190193,0.6330704734559466,0.5888525925524286,-0.49281403256888157,-0.829473647561804,0.8932595273332042,-0.21028173795244806,-0.192507300461421,0.6265031993895762,0.5255459020452448,0.4015023308459787,0.6738056277278742,0.44633551477303474,-0.5242068255862973,-0.19163202830970177,0.032393923675893256,-0.43493183378779154,0.26502931299840304
f_bond_dep,0.6921248297991337,0.6544940009405182,0.43143409604161687,0.08867761142734797,-0.2685469660640173,1.0,-0.521595079250956,-0.3502622808614744,-0.31498120256937145,0.4318568814500398,0.3517537973108881,-0.41612558264837896,0.241092540876742,0.6695463570520617,0.1256548625011167,-0.36530428756992367,0.17833789317890883,-0.002317591616687782,0.02657944174412638,0.24081666967753496,-0.07735932061783361,0.503736366548002,0.32899525778938177,-0.4727472017171883
def_polarity,-0.4638516509108442,-0.4479983063294829,-0.3371508845491409,-0.24892009186887776,0.2085684628190193,-0.521595079250956,1.0,0.2828863390123993,0.263054602399042,-0.22868284243247738,-0.39995786506591025,0.3618649794502201,-0.20473294440477308,-0.29989671604407425,-0.13199393417804986,0.36320217802812915,-0.26519919596565944,0.09796803322663702,-0.03954482881855911,-0.24520541104551002,0.34621296823641373,-0.4004081386932508,-0.175604997402817,0.2656015415138022
m1_def_out,0.0003397099218639977,0.11164360469040165,0.40199798361351635,-0.03888421069675282,0.6330704734559466,-0.3502622808614744,0.2828863390123993,1.0,0.9947734060479222,-0.13739073817929076,-0.7020025082457663,0.7644759880416493,-0.5350281783065103,-0.21650837560372732,0.5467849633703271,0.7653423230653574,0.181425512881481,0.7905027191949769,0.5770478743596578,-0.6035222003306462,0.043708848213538584,-0.21602505714683023,-0.22864615819851594,0.5001184276638798
m2_def_out,0.030390329400014106,0.14919492734116563,0.45369053321898595,-0.04804294965113663,0.5888525925524286,-0.31498120256937145,0.263054602399042,0.9947734060479222,1.0,-0.04861017719198915,-0.6576879192100158,0.7167667667806902,-0.5546481638663499,-0.16190161230077196,0.5417758966735681,0.7670196787842196,0.16892633928298156,0.8010697650032752,0.5890330787296929,-0.5919809465589525,0.06434334738916474,-0.21043965106898396,-0.1724849804013819,0.4766312225137858
sigma_r2_def_out,0.33110301937095643,0.3960670774421783,0.4882713366266764,-0.1300373394723396,-0.49281403256888157,0.4318568814500398,-0.22868284243247738,-0.13739073817929076,-0.04861017719198915,1.0,0.49828670950320275,-0.5462911618930526,-0.11237609984251341,0.637759229615334,-0.06401849069687028,-0.03354539218313926,-0.14636153462748064,0.08322012743866361,0.10821740274893321,0.15778558705620768,0.2121599063770331,0.12211046850865033,0.5922187374011971,-0.27439942886241925
f_bond_def_out,0.13427191043341763,0.09240278263249824,-0.042369067401173556,0.012325208498875171,-0.829473647561804,0.3517537973108881,-0.39995786506591025,-0.7020025082457663,-0.6576879192100158,0.49828670950320275,1.0,-0.9383581075322058,0.258146734708391,0.376288491459475,-0.4629539598286037,-0.5794362134072634,-0.18783256205664753,-0.6115775857054034,-0.33428287894979103,0.5889229808222116,0.00467948992668501,0.14663817340986643,0.42223257029828737,-0.3545712241962533
f_int_def_out,-0.16020560535356934,-0.11208408666606869,0.04811907446664545,0.04035981993005337,0.8932595273332042,-0.41612558264837896,0.3618649794502201,0.7644759880416493,0.7167667667806902,-0.5462911618930526,-0.9383581075322058,1.0,-0.2901969846012346,-0.43919297917065475,0.49493010951989924,0.6299067472860301,0.20591735295190017,0.6512317008378189,0.38619242342402943,-0.5951302114728746,-0.026410583190452225,-0.18486942680954305,-0.4501819568664655,0.4241167760466958
f_bond_dep_out,-0.03242349534506433,-0.1087581011271485,-0.3018036608446724,-0.04467040003723889,-0.21028173795244806,0.241092540876742,-0.20473294440477308,-0.5350281783065103,-0.5546481638663499,-0.11237609984251341,0.258146734708391,-0.2901969846012346,1.0,0.07761647441423546,-0.25233581653611775,-0.44807580406781283,-0.04992875862340937,-0.4397929318497825,-0.2747412216523266,0.27875512354630333,-0.1055062197978816,0.14705515865583701,-0.05510304555664214,-0.3066001312751217
def_polarity_out,0.7718819417992459,0.7858288260842841,0.6665945031389138,0.32216497717458403,-0.192507300461421,0.6695463570520617,-0.29989671604407425,-0.21650837560372732,-0.16190161230077196,0.637759229615334,0.376288491459475,-0.43919297917065475,0.07761647441423546,1.0,0.21647033973065355,-0.2194904550673155,0.2468326430016939,0.12965335803094724,0.18999292661762243,0.18233218201791923,-0.09169587150928123,0.5299215114581863,0.3870983837722611,-0.4041742385823181
m1,0.5259155906473182,0.5721455681063212,0.6155695472990467,0.5515986104668111,0.6265031993895762,0.1256548625011167,-0.13199393417804986,0.5467849633703271,0.5417758966735681,-0.06401849069687028,-0.4629539598286037,0.49493010951989924,-0.25233581653611775,0.21647033973065355,1.0,0.36080164612214294,0.8606012270307423,0.8105561361404917,0.8433656131427388,-0.30331858781889626,-0.2892446846648764,0.49707242684961545,-0.30982072644365904,0.19106725271824263
sigma_r2,-0.2073385871066579,-0.09959834946250587,0.23094121652929198,-0.19908511581994495,0.5255459020452448,-0.36530428756992367,0.36320217802812915,0.7653423230653574,0.7670196787842196,-0.03354539218313926,-0.5794362134072634,0.6299067472860301,-0.44807580406781283,-0.2194904550673155,0.36080164612214294,1.0,-0.03016532204009342,0.7052060427653484,0.508825162691008,-0.6045497549448546,0.11220012354491747,-0.30647103329641096,-0.19109277201339114,0.33085461165775354
f_bond,0.5750033680377644,0.5585352713728186,0.4392354998724181,0.7505426314764093,0.4015023308459787,0.17833789317890883,-0.26519919596565944,0.181425512881481,0.16892633928298156,-0.14636153462748064,-0.18783256205664753,0.20591735295190017,-0.04992875862340937,0.2468326430016939,0.8606012270307423,-0.03016532204009342,1.0,0.4351548058333743,0.6461135753073265,0.026660736772332924,-0.4132127006864393,0.6715120180876882,-0.31892399552747874,0.0760450325412662
f_int,0.28541982556533874,0.3886225301440671,0.6066896361605096,0.1651934101258161,0.6738056277278742,-0.002317591616687782,0.09796803322663702,0.7905027191949769,0.8010697650032752,0.08322012743866361,-0.6115775857054034,0.6512317008378189,-0.4397929318497825,0.12965335803094724,0.8105561361404917,0.7052060427653484,0.4351548058333743,1.0,0.7950195191302174,-0.5732061555847875,-0.020919497426509486,0.13386102285622248,-0.17752188265268928,0.29085816484175075
ELF_bond_avg,0.34789552333820184,0.42485621334090606,0.5638738558478739,0.3421324344819105,0.44633551477303474,0.02657944174412638,-0.03954482881855911,0.5770478743596578,0.5890330787296929,0.10821740274893321,-0.33428287894979103,0.38619242342402943,-0.2747412216523266,0.18999292661762243,0.8433656131427388,0.508825162691008,0.6461135753073265,0.7950195191302174,1.0,-0.33012219322424197,-0.12029397506482543,0.34712650688969743,-0.28740853981049785,0.2647453982712165
rho_mid_mean,0.13240706449902145,0.04122559768951955,-0.19462781410073368,0.17913904510669262,-0.5242068255862973,0.24081666967753496,-0.24520541104551002,-0.6035222003306462,-0.5919809465589525,0.15778558705620768,0.5889229808222116,-0.5951302114728746,0.27875512354630333,0.18233218201791923,-0.30331858781889626,-0.6045497549448546,0.026660736772332924,-0.5732061555847875,-0.33012219322424197,1.0,-0.09454207485900713,0.4028083494445369,0.05208321204550223,-0.10540460375966364
bond_charge_transfer_pair_std,-0.32528671973344625,-0.2825546994983011,-0.14202145356450718,-0.45140875109620954,-0.19163202830970177,-0.07735932061783361,0.34621296823641373,0.043708848213538584,0.06434334738916474,0.2121599063770331,0.00467948992668501,-0.026410583190452225,-0.1055062197978816,-0.09169587150928123,-0.2892446846648764,0.11220012354491747,-0.4132127006864393,-0.020919497426509486,-0.12029397506482543,-0.09454207485900713,1.0,-0.3081768344849988,0.2270019083326844,-0.021888195980543007
zeta,0.7079603932105517,0.6511552324356696,0.3814836026078654,0.676046458241157,0.032393923675893256,0.503736366548002,-0.4004081386932508,-0.21602505714683023,-0.21043965106898396,0.12211046850865033,0.14663817340986643,-0.18486942680954305,0.14705515865583701,0.5299215114581863,0.49707242684961545,-0.30647103329641096,0.6715120180876882,0.13386102285622248,0.34712650688969743,0.4028083494445369,-0.3081768344849988,1.0,-0.08994469600195071,-0.16988640727879378
delta_chi,0.18305071390193822,0.20925283421139618,0.23544751167181605,-0.1696458281705923,-0.43493183378779154,0.32899525778938177,-0.175604997402817,-0.22864615819851594,-0.1724849804013819,0.5922187374011971,0.42223257029828737,-0.4501819568664655,-0.05510304555664214,0.3870983837722611,-0.30982072644365904,-0.19109277201339114,-0.31892399552747874,-0.17752188265268928,-0.28740853981049785,0.05208321204550223,0.2270019083326844,-0.08994469600195071,1.0,-0.22880926167586926
magpie_mean_NValence,-0.19235679959881236,-0.17611511273086555,-0.09498314848002257,0.04692985007165847,0.26502931299840304,-0.4727472017171883,0.2656015415138022,0.5001184276638798,0.4766312225137858,-0.27439942886241925,-0.3545712241962533,0.4241167760466958,-0.3066001312751217,-0.4041742385823181,0.19106725271824263,0.33085461165775354,0.0760450325412662,0.29085816484175075,0.2647453982712165,-0.10540460375966364,-0.021888195980543007,-0.16988640727879378,-0.22880926167586926,1.0
