p_interstitial,m1_spin,sigma_r2_spin,f_bond_spin,mu_site_std,spin_frustration,spin_charge_correlation,M_abs_per_atom,M_net_per_atom,sum_mu_minus_M,mu@0_Fe,mu@1_Mn,mu@2_Mn,mu@3_Fe,mu@4_Mn,mu@5_Fe,mu@6_Fe,mu@7_Mn
0.0,0.4606550843644792,0.03779670007513242,0.05275625475440568,3.1056492334922947e-15,0.0,0.7414861250068423,0.9999999999999991,0.9999999999999991,4.618527782440651e-14,1.0000000000000073,1.0000000000000082,1.0000000000000075,1.0000000000000084,1.0000000000000016,1.000000000000002,1.0000000000000013,1.000000000000002
0.5,0.5318776667191464,0.13262478604268046,0.05512689494068684,1.7457352445311866e-15,0.0,0.735934313334589,1.0531038277741949,0.937504183433475,1.6697754290362354e-13,0.9375041834334981,0.9375041834334986,0.9375041834334963,0.9375041834334972,0.9375041834334938,0.9375041834334942,0.9375041834334945,0.9375041834334947
1.0,0.5979365039284589,0.21006086191904427,0.059871057854906644,4.512991729206237e-15,0.0,0.730360751067467,1.109279964681729,0.8750083668669509,-8.08242361927114e-14,0.8750083668669351,0.8750083668669363,0.8750083668669363,0.8750083668669385,0.8750083668669426,0.8750083668669446,0.8750083668669457,0.8750083668669473
2.0,0.7125774543122574,0.32274898583034717,0.06983398625104784,1.7646086064862324e-15,0.0,0.7190175452185941,1.2239746615022147,0.750016733733903,-7.105427357601002e-15,0.7500167337339,0.7500167337339011,0.7500167337338998,0.7500167337339005,0.7500167337339032,0.7500167337339039,0.7500167337339038,0.7500167337339042
4.0,0.8880462388950999,0.4429376313982074,0.0875654401523926,4.8155723724576944e-15,0.0,0.6952505678449906,1.4573828683142465,0.500033467467807,4.440892098500626e-15,0.5000334674678029,0.5000334674678037,0.5000334674678019,0.5000334674678026,0.5000334674678121,0.5000334674678126,0.5000334674678121,0.5000334674678126
6.0,1.0150733753868237,0.4907447800799807,0.10182108792717612,1.99232066078282e-15,0.0,0.6699125261577572,1.6934636737685322,0.2500502012017109,1.7319479184152442e-14,0.25005020120171056,0.25005020120171106,0.2500502012017114,0.25005020120171256,0.250050201201713,0.25005020120171395,0.25005020120171556,0.25005020120171645
7.5,1.0892429242351984,0.5034618165705487,0.11065739324379893,2.4444512875504858e-15,0.0,0.6498936806693556,1.871588626942896,0.06256275150213886,1.4432899320127035e-14,0.06256275150213773,0.06256275150213901,0.0625627515021381,0.0625627515021384,0.06256275150214183,0.06256275150214305,0.06256275150214326,0.06256275150214398
8.5,1.1312809328282265,0.5056877775489637,0.11584896047068687,1.800510937062878e-15,0.0,0.636094818538246,1.9907423750561084,0.06242888163090919,1.7430501486614958e-14,-0.062428881630905486,-0.06242888163090492,-0.062428881630906014,-0.062428881630904764,-0.06242888163090947,-0.06242888163090856,-0.06242888163090896,-0.06242888163090798
10.0,1.1856428262552827,0.5032489811785372,0.12270947205607846,2.7713042300927917e-15,0.0,0.6147296070288035,2.1698251922571523,0.24991633133048116,-3.730349362740526e-14,-0.24991633133048952,-0.24991633133048916,-0.2499163313304882,-0.2499163313304872,-0.2499163313304833,-0.2499163313304831,-0.24991633133048352,-0.24991633133048266
