alpha_s,m1_spin,sigma_r2_spin,f_bond_spin,mu_site_std,spin_frustration,spin_charge_correlation,M_abs_per_atom,M_net_per_atom,sum_mu_minus_M,mu@0_Fe,m1_spin_exact,sigma_r2_spin_exact,f_bond_spin_exact,spin_charge_correlation_exact
0.5,1.5957685325777877,0.4535225697871832,0.3652305465907655,0.0,0.0,0.9161397025980743,0.9999999940225041,0.9999999940225041,-7.488454301096681e-13,0.9999999940217552,1.5957691216057308,0.45352091052967447,0.36505009204977423,0.9161397026497354
0.75,1.3029390007384614,0.302349960332178,0.474057364907429,0.0,0.0,0.9847452183355941,0.999999999999386,0.999999999999386,-8.365530490550555e-13,0.9999999999985495,1.3029400317411197,0.30234727368644965,0.47358975941449255,0.9847452183355992
1.0,1.1283775786911523,0.2267640399070905,0.5223749654826026,0.0,0.0,0.9999999999999999,1.0000000000000004,1.0000000000000004,-7.208678098891141e-13,0.9999999999992796,1.1283791670955126,0.22676045526483724,0.5215973769381821,1.0
1.5,0.9213148098723658,0.15117902110984716,0.5101537972935966,0.0,0.0,0.9699514021017125,1.0000000000000002,1.0000000000000002,-4.755085214469545e-13,0.9999999999995247,0.9213177319235614,0.15117363684322482,0.508868140119392,0.9699514021017146
2.0,0.797880055882956,0.11338741642421168,0.43681956818097456,0.0,0.0,0.9156849296963265,0.9999999999999999,0.9999999999999999,-2.3026025530725747e-13,0.9999999999997696,0.7978845608028654,0.11338022763241862,0.43525436783848537,0.9156849296963276
3.0,0.6514617171688625,0.07559763106339767,0.2771982918731973,0.0,0.0,0.8063162395412475,0.9999999999999992,0.9999999999999992,-1.3433698597964394e-13,0.9999999999998649,0.6514700158705599,0.07558681842161241,0.2755964853214544,0.8063162395411886
4.0,0.5641767717611572,0.05670457020515979,0.16409594487112295,0.0,0.0,0.7159958486776727,0.9999999999999987,0.9999999999999987,-1.0402789740737717e-13,0.9999999999998946,0.5641895835477563,0.05669011381620931,0.16277826081682945,0.7159958486776347
6.0,0.460635198838666,0.037815213590863095,0.05378052143705163,0.0,0.0,0.5859589315944116,0.9999999999999976,0.9999999999999976,-3.730349362740526e-14,0.9999999999999603,0.4606588659617807,0.037793409210806206,0.05310357595190096,0.5859589315943909
8.0,0.39890563881442737,0.02837429132205399,0.016921932950540727,0.0,0.0,0.4987711254265627,0.9999999999999967,0.9999999999999967,-4.0523140398818214e-14,0.9999999999999561,0.3989422804014327,0.028345056908104654,0.016632365481437095,0.4987711254265518
