mu_B_sublattice,m1_spin,sigma_r2_spin,f_bond_spin,mu_site_std,spin_frustration,spin_charge_correlation,M_abs_per_atom,M_net_per_atom,sum_mu_minus_M,mu@0_Fe,mu@1_Mn,mu@2_Mn,mu@3_Fe,mu@4_Mn,mu@5_Fe,mu@6_Fe,mu@7_Mn,spin_frustration_exact,mu_site_std_exact
1.0,0.4606550843644792,0.03779670007513242,0.05275625475440568,3.1056492334922947e-15,0.0,0.7414861250068423,0.9999999999999991,0.9999999999999991,4.618527782440651e-14,1.0000000000000073,1.0000000000000082,1.0000000000000075,1.0000000000000084,1.0000000000000016,1.000000000000002,1.0000000000000013,1.000000000000002,0.0,0.0
0.75,0.4606550843644793,0.03779670007513239,0.052756254754405686,0.12499984889024872,0.0,0.7337306242275812,0.8749999999999991,0.8749999999999991,-6.217248937900877e-15,0.9999998488902467,0.7500001511097487,0.7500001511097487,0.9999998488902483,0.7500001511097498,0.9999998488902462,0.999999848890247,0.7500001511097512,0.0,0.125
0.5,0.4606550843644793,0.03779670007513239,0.052756254754405665,0.2499996977804954,0.0,0.7019863361462497,0.7499999999999992,0.7499999999999992,-2.220446049250313e-14,0.999999697780495,0.500000302219505,0.5000003022195052,0.9999996977804959,0.5000003022194965,0.9999996977804888,0.9999996977804877,0.5000003022194975,0.0,0.25
0.25,0.4606550843644792,0.03779670007513242,0.052756254754405665,0.37499954667073626,0.0,0.6323693453958411,0.6249999999999994,0.6249999999999994,-6.039613253960852e-14,0.9999995466707242,0.25000045332925674,0.2500004533292566,0.9999995466707261,0.25000045332925425,0.9999995466707317,0.9999995466707309,0.250000453329255,0.0,0.375
0.0,0.4606550843644793,0.03779670007513239,0.05275625475440567,0.49999939556098677,0.0,0.5189749516855842,0.4999999999999995,0.4999999999999995,-4.707345624410664e-14,0.9999993955609744,6.044390068990648e-07,6.044390068990645e-07,0.9999993955609777,6.044390068990683e-07,0.9999993955609849,0.9999993955609845,6.044390068990703e-07,0.0,0.5
-0.25,0.4606541181643667,0.037795732305695495,0.05275577524527717,0.6249992444512396,0.399999274672317,0.6323693808656144,0.6249994153462939,0.3749999999999996,-1.5987211554602254e-14,0.9999992444512364,-0.2499992444512424,-0.24999924445124241,0.9999992444512391,-0.2499992444512415,0.999999244451237,0.9999992444512361,-0.2499992444512415,0.4,0.625
-0.5,0.46065382510337627,0.037795427782021135,0.05275569572762631,0.7499990933414967,0.6666662637068351,0.7019863820489134,0.7499990933415606,0.24999999999999978,5.950795411990839e-14,0.9999990933415034,-0.49999909334148884,-0.49999909334148857,0.9999990933415057,-0.4999990933414894,0.9999990933415034,0.9999990933415034,-0.499999093341491,0.6666666666666667,0.75
-0.75,0.46065382510321945,0.03779542778176617,0.05275569572763133,0.8749989422317334,0.8571426844457846,0.733730669168514,0.8749989422317376,0.12499999999999989,2.886579864025407e-14,0.9999989422317364,-0.7499989422317337,-0.7499989422317327,0.9999989422317398,-0.7499989422317257,0.9999989422317358,0.9999989422317352,-0.749998942231727,0.8571428571428572,0.875
-1.0,0.4606538251032185,0.03779542778176481,0.05275569572763136,0.9999987911219921,1.0,0.7414861696522299,0.9999987911219852,9.205611245483677e-19,-2.2940909392141827e-16,0.9999987911219965,-0.9999987911219975,-0.9999987911219989,0.9999987911219997,-0.9999987911219856,0.9999987911219862,0.9999987911219859,-0.9999987911219865,1.0,1.0
