id,n_atoms,abs_inside_paw,vol_inside_paw,abs_core,abs_bond,abs_int,negative_share,identity_residual,top_element,top_mu,df_share_of_site_moments,m1_spin,f_bond_spin,mu_site_std,spin_frustration,spin_charge_correlation,f_bond_spin@abs_0.6_1.3,f_bond_spin@abs_1.0_1.8,f_bond_spin@scaled_0.6_1.3,mu_site_std@becke,spin_frustration@becke,mu_site_std@power,spin_frustration@power,mu_site_std@hirshfeld,spin_frustration@hirshfeld
NdB2Rh3_191,6,0.9580034063338893,0.63248046875,0.7699502354599872,0.19765059122035158,0.03239917331966124,0.05642728368694551,-3.197442310920451e-14,Nd,3.312677171319152,0.9965762380986388,0.6424836682560346,0.19765059122035158,1.2437886306024,0.07688169566446967,0.6244607522709935,0.4073915583127566,0.12302716609598305,0.08970224371178415,1.2370022251964725,0.06990762114512539,1.27413932293456,0.10579441782968846,1.2177874717249124,0.04518141557195454
Mn11Pd21_123,32,0.9552179196126941,0.6392489711934156,0.7666304662988763,0.2279032717776847,0.005466261923438969,0.18766160940075977,-1.1013412404281553e-13,Mn,4.109958712849426,1.0,0.6223705746207385,0.2279032717776847,2.1930916788482575,0.35129804113353347,0.48489323319747774,0.4268611448726589,0.12078490503920311,0.20793029946931876,2.1645891460235718,0.34815967841064877,2.1930916788482575,0.35129804113353347,2.060176241595504,0.33356034708635784
Cs2NaErF6_225,10,0.9904759806032255,0.2483588324652778,0.9303139926469084,0.06766003190254744,0.0020259754505443117,0.0035846425835835017,-3.774758283725532e-14,Er,2.903023655891901,0.9674840786166344,0.5071406262499092,0.06766003190254744,0.8677030400367147,0.00019683001774306597,0.6754986928099784,0.30171460552905277,0.014096882105911899,0.021725510554984343,0.8602240071955458,0.00020232625502247803,0.8732250317957505,0.0,0.8643266393183776,0.0
HoNi2B2C_139,6,0.9882822375990142,0.5394699546485261,0.8415022414632529,0.15686558677584417,0.0016321717609027347,0.029080549703045487,-9.325873406851315e-14,Ho,3.695972999907152,0.9862437748468537,0.5753865334048436,0.15686558677584417,1.3849411979401314,0.05315641102995283,0.7515293195020164,0.43139268288667565,0.03467508222900115,0.022159159778247006,1.3810061037183186,0.04873158535855582,1.3754363660131446,0.04242813441192461,1.3671293949338414,0.03373165526409827
CrPd3_221,4,0.9590803196324812,0.7201052295918368,0.6818420523433784,0.3106095647781884,0.007548382878433128,0.09025632200967094,-4.574118861455645e-14,Cr,3.0756415107223343,1.0,0.6907567764934747,0.3106095647781884,1.3690592105686838,0.1548939399765904,0.24259563221053548,0.5091479845322276,0.16801304508886428,0.289189675964833,1.3436573390632471,0.13198319125783098,1.3690592105686838,0.1548939399765904,1.256370084105897,0.042815015626199715
Co_194,2,0.96553767391453,0.6964763374485596,0.8799712831471804,0.11818246978645186,0.0018462470663677866,0.046741026515578106,-1.2878587085651816e-14,Co,1.592774493276502,1.0,0.5500710228896653,0.11818246978645186,1.665484706592224e-06,0.0,0.9990263788570862,0.3459218866592091,0.05019113478605189,0.15788085692017886,1.0048928134054336e-08,0.0,1.665484706592224e-06,0.0,8.426050523979711e-09,0.0
Yb2ZnGa_225,4,0.9230723496470827,0.5442386831275721,0.7469069444433438,0.19629690736113253,0.05679614819552374,0.1522986562596484,1.354472090042691e-14,Yb,0.876423756950179,0.9956785237137323,0.6724012057705626,0.19629690736113253,0.48875131120364396,0.19319746623430611,0.9448890397459474,0.36415748578176826,0.15539275153122273,0.1525572225050994,0.4852194633237617,0.18763093138481934,0.47004720951294376,0.16768723295210386,0.47239617434294234,0.16678068495724663
PuBi_225,2,0.9536890408751507,0.45342506858710563,0.6274437790388645,0.32612873691371747,0.04642748404741789,0.03768260728423198,-7.105427357601002e-14,Pu,5.230700685259945,0.9702304339188582,0.7508644201217894,0.32612873691371747,2.695597098584416,0.05953913216228357,0.9611395208190282,0.5265899947499517,0.18789051987096098,0.1484776566236508,2.6354195675133694,0.03806452000068272,2.7270654664640794,0.07039137202578971,2.5574544238007126,0.00873948599714669
NaSmS2_166,4,0.9603816741847864,0.30234053497942387,0.7984763157467508,0.1868279378259462,0.014695746427302857,0.06840341636131805,7.105427357601002e-15,Sm,5.36054071428919,0.9369799119346617,0.6145015003599291,0.1868279378259462,2.3740219128463376,0.12604017613067664,0.9139339360243768,0.4316085071144234,0.0802804675476212,0.07857919079575607,2.356622823594274,0.1168551409992451,2.3803508869145484,0.1295493334428781,2.338574709173628,0.1069593140697137
DyNi5_191,6,0.970409138426572,0.6472350823045268,0.8146628642161443,0.17765858524429087,0.007678550539564761,0.43482446347379483,-1.4654943925052066e-14,Dy,0.8351437516885467,1.0,0.5943312100332462,0.17765858524429087,0.40297961919246705,0.8302276649282876,0.7990517185675212,0.4104661535356489,0.07414789367132059,0.09351558944854681,0.40170916909580057,0.8297124147640214,0.4203711271528135,0.8366521359154445,0.3969495723426876,0.827912864145117
ErAgSn_186,6,0.9476661968972626,0.5293245598994056,0.7451704938376162,0.2107127038405036,0.04411680232188009,0.17685189797116457,8.881784197001252e-15,Er,0.5302563260207624,0.915872687924561,0.6857343675782304,0.2107127038405036,0.23360165776025332,0.0,0.7196923643488985,0.4644221267201444,0.12473094641452528,0.11855441643484484,0.233953915614525,0.0,0.24209389142371368,0.0,0.23690987520809614,0.0
CaNdZn2_225,4,0.947361122738013,0.464046875,0.7744897939190141,0.1819574248173575,0.043552781263628514,0.0004111784698757474,5.46229728115577e-14,Nd,3.4456511554092377,0.991327292425474,0.6457811674273655,0.1819574248173575,1.472346573382492,0.0,0.31049233703190887,0.39171113528388085,0.1159511948158751,0.076435754166248,1.4632963265220864,0.0,1.5087003687939726,0.0,1.4555616493609282,0.0
PrI3_194,8,0.9408327591334152,0.15542328042328044,0.7474803895459673,0.21260213627015034,0.03991747418388269,0.06503177781883333,1.1102230246251565e-14,Pr,2.1257291752498784,0.9441122225046681,0.6622566762826603,0.21260213627015034,0.9386303397235001,0.11177555499066394,0.72009119731595,0.42125919436662507,0.12040913961203469,0.09895877631230113,0.9315739831645119,0.10202677545626415,0.9481531569096976,0.12460115759735013,0.9235962594212117,0.0907440987669732
YAl_63,8,0.41766370677465925,0.3602054102891156,0.10735453257809069,0.36000318400184134,0.5326422834200678,0.024543525847850894,-1.7208456881689926e-14,Y,0.20556998307861818,0.8987495175346091,1.4448657442095774,0.36000318400184134,0.09120503695746453,0.0,0.30437944162787506,0.2714900866410244,0.5799854654362484,0.6872129316962929,0.0872438427750971,0.0,0.11409491264796978,0.0,0.08112965872185544,0.0
SmC2_139,3,0.9627057615420569,0.37174744897959183,0.8067832968365197,0.17659756437593618,0.016619138787544202,0.007582034408476656,2.7533531010703882e-14,Sm,5.471720470617604,0.9771084956909303,0.6101336549415303,0.17659756437593618,2.5491790032359267,0.0,0.9098118725430989,0.41213898912222174,0.08265018208520007,0.034759888770053295,2.530996927974724,0.0,2.6629085214038373,0.01152559854539248,2.5751056542774804,0.0
Fe3Co_123,4,0.9746926222716179,0.6520601851851852,0.8699864481313629,0.12883932607315826,0.0011742257954785599,0.0280639562260708,2.1316282072803006e-14,Fe,2.622192657283249,1.0,0.5477436530315839,0.12883932607315826,0.3777948170481633,0.0,0.971099271539961,0.34661111356056096,0.04790546489377095,0.14101661117350112,0.3679685620554178,0.0,0.3694710949850952,0.0,0.3280811181011807,0.0
Yb2CuIr_225,4,0.9403298319684487,0.6020501114540466,0.7055376360005905,0.24880979484240345,0.04565256915700613,0.9399558184963241,7.216449660063518e-16,Yb,0.11965976321005072,1.0,0.7127845999716435,0.24880979484240345,0.0513406845640014,0.0,0.9264438247408294,0.5030770757936623,0.1443021298729718,0.14751801746610899,0.050302498288816375,0.0,0.04744747618569345,0.0,0.0486649154021867,0.0
MnSbPt_216,12,0.9323402025009454,0.4281548394097222,0.7347343124672333,0.24598700707234908,0.019278680460417755,0.04433442202916999,2.4868995751603507e-14,Mn,4.072814181435921,0.9733857224659875,0.6513631764130987,0.24598700707234908,1.9314245195667752,0.0532285550680246,0.7090225799543685,0.43329327530534933,0.1449989696270542,0.23801612429259641,1.8988010046865755,0.044434721503283425,1.9310329802067248,0.05400386725112438,1.7646774026859273,0.0
MnSn2_140,12,0.9522636174416712,0.6666775173611111,0.707021596780206,0.2627802849198559,0.030198118299938154,0.10811309405953887,2.842170943040401e-14,Mn,2.5714758719430706,0.9001668261805397,0.67582074226351,0.2627802849198559,1.279425298432442,0.19966634763892066,0.9883642179969154,0.43448149905465405,0.1725641098009203,0.2670673440914423,1.2548368308566995,0.17969571915073046,1.279425298432442,0.19966634763892066,1.1526921260310758,0.08483054277434088
MnInRh2_225,4,0.9662437944380796,0.7618484497070312,0.7618587414056511,0.23000266081576567,0.008138597778583227,0.025913327841607436,-1.3322676295501878e-14,Mn,3.7998936167687107,0.9885252893397883,0.6254727808671044,0.23000266081576567,1.571348848532836,0.022949421320423324,0.6308008466413566,0.43849272639867304,0.11464670240589668,0.20747052882422673,1.550251679902108,0.01911109696654245,1.5704292048942134,0.022818839670270097,1.4293760117217222,0.0
TbCoC2_38,4,0.9945677386750607,0.4909575437317784,0.8587797303676605,0.13982655610673708,0.0013937135256023641,0.9935281319103163,-1.687538997430238e-14,Tb,5.932989541234351,0.9965990770122948,0.5635191218562563,0.13982655610673708,2.5387608805098276,0.006801845975410448,0.8728611412187427,0.41412214925529,0.026642686062321584,0.017617779742588477,2.5307614219960235,0.0013620202900316292,2.535109467256246,0.00559125522313364,2.512032538400583,0.0
YZn_221,2,0.5240578414321365,0.458602860787172,0.13683924374547993,0.476566435741116,0.3865943205134041,0.0,1.6930901125533637e-15,Y,0.11943681575866841,1.0,1.301269053543405,0.476566435741116,0.03650180300086727,0.0,0.18155289007772357,0.3578476453124828,0.7049402391375683,0.5983984127083212,0.03428842625126725,0.0,0.06450134926149649,0.0,0.04401759562251843,0.0
CdCuF4_140,12,0.9490323862347549,0.30997395833333335,0.9156954857027133,0.08178001689971956,0.002524497397567214,0.03343858731713982,-1.6431300764452317e-14,Cu,0.696071468644668,0.704168124752592,0.4918254553225016,0.08178001689971956,0.2379600933635131,0.0,0.5938935047601622,0.2435463667724662,0.039252607289181084,0.21035163750042699,0.23288168969830897,0.0,0.23499044265859892,0.0,0.23351906265996328,0.0
TbNiSb_216,3,0.9436746950583461,0.44786576217421126,0.5403253237864394,0.4259778974181397,0.033696778795421045,0.43508548088972965,3.2612801348363973e-15,Tb,0.19320905534727909,0.9309206965033654,0.7894429796340119,0.4259778974181397,0.11864222732940266,0.7030920692175698,0.718858119430791,0.6546554944443963,0.19269018815113267,0.14234059159108128,0.11890070934840498,0.7018045297673728,0.12714420281904687,0.7236286154566062,0.1155526790872706,0.6875301546333809
MnGaPt_194,6,0.9542309704568033,0.6398111979166666,0.7527840703539056,0.2412330766304552,0.005982853015639107,0.038526444881339536,-7.72715225139109e-14,Mn,3.7972396695732114,0.9764897944220562,0.6314527139587863,0.2412330766304552,1.7945692582859074,0.04702041115588773,0.7132665332045652,0.43754713848003507,0.13017360681932297,0.2237981304738634,1.7720527001366384,0.037355531301987654,1.7962307691582131,0.044886139133610614,1.6407387658939416,0.0
DyPPt_187,3,0.9801496702414723,0.5000446428571429,0.7314967231463522,0.2548649712419351,0.013638305611712595,0.11941053511681754,-3.774758283725532e-15,Dy,1.01252036339677,0.9872347692524616,0.6580574299804719,0.2548649712419351,0.469274245223525,0.0,0.7381573308780294,0.5409439240432117,0.08507917320140428,0.050480362853137055,0.46813350996746544,0.0,0.47452958863974387,0.0,0.46443091112189266,0.0
NdPb3_221,4,0.9576170161454101,0.5820098165294925,0.7742978093069245,0.17878971821970793,0.04691247247336746,0.996282964175013,1.5187850976872141e-13,Nd,3.5058508461690097,0.9733562294124463,0.649433172419389,0.17878971821970793,1.5042264510880892,0.0,0.9087524935283231,0.38831008155980234,0.11351161191473025,0.08815240554563608,1.4969426977945433,0.0,1.5334361483306291,0.0,1.4716321119484743,0.0
Li6IrN4_137,22,0.7908841024716228,0.4372361111111111,0.600494261167856,0.39280029833936214,0.00670544049278178,0.02247394049044958,8.215650382226158e-15,Ir,0.2807559638044776,0.4332774931035406,0.7286643068806749,0.39280029833936214,0.07665891745825897,0.0,0.6704362270033078,0.6112821970810648,0.19379552275326872,0.4937995577834551,0.07264097739756005,0.0,0.07281926759198085,0.0,0.07259711846941364,0.0
NdIr2_227,6,0.951280636491014,0.63212109375,0.7479292295977159,0.20988608682350193,0.04218468357878203,0.1117224785718202,1.1546319456101628e-14,Nd,3.3295052032958035,1.0,0.6620659792363431,0.20988608682350193,1.652250417129811,0.19088115602474232,0.789166663073055,0.42476799515711355,0.1349227256861804,0.12304348622255934,1.641122772296839,0.18390254769909975,1.7008604860986964,0.2200177776590112,1.589540218187282,0.14991479656161188
Rb(CoS)2_139,5,0.9330446236773112,0.4698860012755102,0.8048587724149754,0.16854743727186894,0.026593790313155573,0.014201075290345203,-3.108624468950438e-14,Co,1.782105399526118,0.8813735652380845,0.6120320059011777,0.16854743727186894,0.797231123533392,0.0,0.9278167190347992,0.39171892578010337,0.0887415846412582,0.22424766993472756,0.7930197340152798,0.0,0.7953672158306739,0.0,0.7734758963761119,0.0
ScMn2_194,12,0.9577776262364912,0.7278292181069959,0.7442940978919425,0.24106276620221062,0.01464313590584711,0.1362756374344492,6.661338147750939e-16,Mn,0.34044283089075905,0.9999999999999998,0.6459523916320994,0.24106276620221062,0.12527292332293394,0.22107819230942993,0.7381005916268207,0.4200514320292757,0.14859619146340244,0.21775468719469038,0.12325148549323102,0.21306444491522125,0.12547268018055763,0.23539842986600812,0.10791683333339203,0.12060425772682326
NbSbRh_216,12,0.8525259509579847,0.5316795066550926,0.359165310876606,0.5342786805793834,0.1065560085440106,0.014711574692033099,7.549516567451064e-15,Nb,0.7527598403344254,0.9502334184270489,0.9782155965030818,0.5342786805793834,0.3285879246734032,0.0,0.7194797411087309,0.5842677853971293,0.4286329515712155,0.46770662089382037,0.3105073884107718,0.0,0.348099588090185,0.0,0.27465239603726443,0.0
Ho5Si3_193,16,0.9449600358584089,0.4215965270996094,0.7924312121368586,0.1603367190206533,0.047232068842487984,0.06520326678848981,1.4921397450962104e-13,Ho,3.3373440405534467,0.9966872503634561,0.6424937741968834,0.1603367190206533,1.5690762578733024,0.0,0.9839599540473936,0.40735144776374554,0.07261708155322384,0.06912317331974493,1.5696619809566448,0.0,1.5707603021491072,0.0,1.5714272538568093,0.0
ZrZn2_227,6,0.5886641289293445,0.49823046875,0.21732072729956056,0.568971412112997,0.2137078605874426,0.01339999472747281,-1.1102230246251565e-15,Zr,0.761604820918675,1.0,1.1374973693936357,0.568971412112997,0.330541019406637,0.0,0.14075880708324107,0.4611156782285099,0.6549445909832488,0.5935316401858528,0.31790178676816566,0.0,0.38535331696230285,0.0,0.31429311011983824,0.0
Sc(Al2Fe)4_139,13,0.9192779727479873,0.43864685812114196,0.7674085185150501,0.217495319346359,0.01509616213859095,0.11025280947793512,6.217248937900877e-15,Fe,1.427215699718934,0.9364357674615031,0.6242052475868178,0.217495319346359,0.6875471905510446,0.1793959249679581,0.9861889844689994,0.4004672616585739,0.1300823762180777,0.234807248107513,0.6775306524520242,0.1633058809182435,0.6873403345060715,0.17788720913260458,0.6238941404536894,0.06571239158384767
DyFeSi_129,6,0.9792192405049783,0.4859953703703704,0.7117204884623272,0.2757554602196689,0.01252405131800386,0.7177160326981147,-1.7763568394002505e-15,Dy,0.4839952032030592,0.9832878902112889,0.6855248704870839,0.2757554602196689,0.22713767325640827,0.03342421957742181,0.8037263691628077,0.5981325903827642,0.08774596451113982,0.0488173758624078,0.22709626334479646,0.03326236829615159,0.2209258345847291,0.01805519985553239,0.22426000487249004,0.02462615412436886
Y3Al_221,4,0.5883303503415949,0.4130390517832647,0.14445554771762337,0.47108108473161314,0.3844633675507634,0.024787792623784777,-2.3592239273284576e-15,Y,0.055276357934656496,0.9826979951513767,1.293632662798201,0.47108108473161314,0.022670967995071005,0.0,0.5645832174769898,0.3656127188127405,0.6612443509249738,0.6414844467088237,0.021593027944604864,0.0,0.026148880204040298,0.0354859585346311,0.020189034380622264,0.0
RbErO2_166,4,0.9860808722834873,0.505527,0.9259560836833913,0.07157984937771275,0.0024640669388960087,0.0033628779005077064,2.7533531010703882e-14,Er,2.836451557600997,0.9454904944152198,0.5106331125838639,0.07157984937771275,1.2049988974398311,0.0,0.9129192411472129,0.3048518599309713,0.016421846346679887,0.034922430454808015,1.1973226609743426,0.0,1.2220505941231419,0.0,1.2024201852565253,0.0
ErAl2_227,6,0.9845187599855548,0.33071484375,0.911726328076098,0.08087938741543589,0.007394284508466031,0.9905875594247403,2.842170943040401e-14,Er,2.563566876966831,0.9922989463905539,0.5247664157915032,0.08087938741543589,1.2131511671339283,0.015402107218892125,0.9903091969684579,0.30666935328993755,0.03000047107383532,0.023958205987609605,1.2119261329344508,0.014079784825679842,1.2108477894942105,0.012912856390800975,1.1995866138902374,0.0005594832008956052
ErSe_225,2,0.9624705440806476,0.36544444444444446,0.8992170534089143,0.07261880074830161,0.028164145842783875,0.043233052512228316,5.0182080713057076e-14,Er,2.326564871574141,0.9794696620283677,0.5484391897999473,0.07261880074830161,1.187665612202881,0.04106067594326446,0.9849874745790195,0.3008309663117405,0.036617089832286724,0.03153549997038037,1.1866810030945825,0.040265027921353,1.1471964083858985,0.007232544448356304,1.1738740782609394,0.02979435319120438
Gd2SO2_164,5,0.9912934371026288,0.37441007653061226,0.8495055324546898,0.14673031660854713,0.0037641509367630304,0.0002566623440567865,-3.197442310920451e-14,Gd,6.952046726206825,0.9931481045960369,0.5710861362153138,0.14673031660854713,3.3901310680939405,0.0,0.872539535886235,0.41550693045903014,0.03542105697303338,0.011424981835594155,3.347518069448268,0.0,3.4288067983207373,3.129958904957153e-05,3.385080892306867,0.0
Ce(SiRh)2_139,5,0.874927398463773,0.513449074074074,0.6566562489874679,0.26968507427368954,0.07365867673884237,0.017525032272629408,7.105427357601002e-15,Ce,0.519879974341916,0.9431738900388521,0.7475194060631913,0.26968507427368954,0.20181980968532467,0.0,0.39616905396931307,0.4230855826475064,0.22439595421699518,0.1642814784918038,0.19988719492162837,0.0,0.21979876154502628,0.0,0.19857114129575631,0.0
Tb(CoGe)2_139,5,0.9737044019472879,0.5612929894179894,0.6775320361124652,0.30653472926966724,0.01593323461786751,0.42282728302139483,-1.887379141862766e-15,Tb,0.13536739978626855,0.9345581324622534,0.7220992183996444,0.30653472926966724,0.04848454184129524,0.0,0.5867739559165294,0.6383325104524251,0.10838963307988483,0.06289528002514681,0.04812756003760993,0.0,0.05617616673678192,0.0,0.046882436438768216,0.0
PrBPt3_99,5,0.9408095337248239,0.5591319444444445,0.7492293879319967,0.21245477810374797,0.038315833964255384,0.036475521242995405,2.1760371282653068e-14,Pr,2.0251972910947043,0.9978006343380337,0.658884438358974,0.21245477810374797,0.808427437439147,0.004482472270260329,0.5005753580423259,0.4106024382922547,0.1360737925485455,0.10021287646482908,0.8029784719671872,0.0,0.8420241505388112,0.047019551138583915,0.7929991670425267,0.0
Ba2MnSe3_62,24,0.873374368052611,0.279328231292517,0.6839178385400596,0.255553175132181,0.06052898632775918,0.004425765760095564,-3.552713678800501e-15,Mn,4.493580988510858,0.8987770385133499,0.7161271370067401,0.255553175132181,1.6374388986675472,0.0,0.6254090279519622,0.4227643835657941,0.17898735976042382,0.26612870271127176,1.6082590667915395,0.0,1.6297531412331119,0.0,1.519333084102803,0.0
SrN_12,8,0.4988293285301025,0.2727827380952381,0.4603452074981785,0.3349368434088999,0.2047179490929215,0.010092315452255444,1.1102230246251565e-15,N,0.449271557814112,0.0,0.9948200139313599,0.3349368434088999,0.1743111265143057,0.0,0.32617174168076984,0.4048997350135556,0.31459382059943986,0.5097003261332257,0.1726662339885527,0.0,0.11168593029498558,0.0,0.13149694949928276,0.0
Al2CoIr_225,4,0.8873718817950896,0.5298518518518519,0.7485779112031349,0.24310679510993646,0.008315293686928587,0.8455324596603171,-4.579669976578771e-16,Co,0.07091770204440451,0.8832201355582804,0.6475688804790715,0.24310679510993646,0.03156080737770438,0.23355972888343923,0.9022903767400037,0.4091205901710802,0.14691883409378378,0.277516910505598,0.031424157523999345,0.22596421768406616,0.0316415080604942,0.21436750077400002,0.029375579124549626,0.13027637668608338
ErSnPt2_194,8,0.9697848525805823,0.6057098765432098,0.8076627521255998,0.17321086903762428,0.01912637883677587,0.6943638204540756,-7.771561172376096e-16,Er,0.1589623768286693,0.9859412937939054,0.6399492928983961,0.17321086903762428,0.0701291197692109,0.10687655728928502,0.7684723128640133,0.47075358830304964,0.08074793340580573,0.06778837994631207,0.0702178595735128,0.10850959954144512,0.06832181369833094,0.07231062383559606,0.0697286599999244,0.09945069220125857
Pr(SiOs)2_139,5,0.9054511028480552,0.49251011439732145,0.698392036856381,0.23413266076864012,0.06747530237497902,0.08066321770079905,-1.4654943925052066e-14,Pr,2.094736616149382,0.9780653681090586,0.7107891613743849,0.23413266076864012,0.8455279020396786,0.10404021222232318,0.7177571132300973,0.41987859166689334,0.17344363372079716,0.1380571950527556,0.8387339255111038,0.09448889107793523,0.8926422143066594,0.1401005259350251,0.817312442775763,0.06324507899097076
Ce3AlC_221,5,0.8298613589415372,0.3401491769547325,0.6048447170753058,0.274494652224493,0.12066063070020111,0.0501979121377477,4.440892098500626e-16,Ce,0.6367753238060966,0.9886725207795947,0.8166705036506838,0.274494652224493,0.31620012688660315,0.02265495844081067,0.6872190426521146,0.4046335398172131,0.24432665015492583,0.20326788230504325,0.30486811670515485,0.010044137214132998,0.3345157436172938,0.06619563795283767,0.31673062804149205,0.028138830096805845
YErHg2_225,4,0.9852293283313575,0.4412890625,0.9095627057186898,0.07999850186818047,0.010438792413129689,0.9951039135182876,-3.3306690738754696e-14,Er,2.5073495483004957,1.0,0.5273671655656534,0.07999850186818047,1.0832539490869981,0.0024652502702816603,0.8684378187575077,0.3020704283959865,0.031109746778845367,0.02355783396557935,1.0821603679216836,0.0017454975165281938,1.0881852214683987,0.0,1.0748443755999944,0.0
Eu2TiO4_139,7,0.9785908988292659,0.4452551020408163,0.8259723476133197,0.16537262241658068,0.008655029970099365,0.009179321887452184,-6.217248937900877e-14,Eu,6.764378444444633,0.9924236961051012,0.5907794382313626,0.16537262241658068,3.0270729342185216,0.0,0.7767589185519325,0.41505617753948454,0.061950077747656485,0.029839373843149903,3.005779804146803,0.0,3.0924159011007393,0.01669807062951345,3.043100406844884,0.0010250332867344225
LaNi5_191,6,0.9247319861681917,0.6144225823045267,0.8376557049209518,0.13623925547055438,0.026105039608493818,0.13229621752210555,9.103828801926284e-15,Ni,0.32226234402294746,1.0,0.5838113033907951,0.13623925547055438,0.14393345547531436,0.10889070962421166,0.9636835385537857,0.2807972363959956,0.11669126923002979,0.17260097646865888,0.14312850476780656,0.10679417338492792,0.18119345733259654,0.19775702952314467,0.14553460450882488,0.11318520211468897
GdTaO4_13,12,0.9925010312559486,0.367015625,0.8528989736053753,0.14595457336876205,0.0011464530258627327,0.0005881523508755094,2.4868995751603507e-14,Gd,6.937924648995205,0.9918574151220092,0.5670052846803825,0.14595457336876205,2.580987392275828,0.0,0.6923661663885051,0.41767786126152184,0.03219520962727793,0.009044287691832126,2.5594156937585457,0.0,2.600523447612162,0.0,2.5714131804087357,0.0
YNi3_166,12,0.9241339582115652,0.6403131484985352,0.821447769972541,0.1539095397117938,0.02464269031566511,0.846981593486121,-1.3322676295501878e-15,Ni,0.13756870303650795,0.9999999999999998,0.596033295202998,0.1539095397117938,0.06651223344455001,0.16276733171144242,0.9194304343895083,0.2901609799750934,0.1324398268377706,0.18979772203992512,0.06610450385524569,0.15977134677116078,0.07726642664707621,0.24006502350153114,0.06584756707595042,0.15894061268751358
DyAl3_194,8,0.9805747585703701,0.3408368899498457,0.8325817597729286,0.1611262852656128,0.006291954961458555,0.023621550773659624,-4.796163466380676e-14,Dy,4.816498007896959,0.9778875849987471,0.5846417927459624,0.1611262852656128,2.1013251019273658,0.04422483000250588,0.9905724957912759,0.42174332899103883,0.045155558978356575,0.030554390075049082,2.096897778635076,0.04123938580991626,2.092731810587783,0.0384133303594848,2.065040636896574,0.019195342198544685
TmMgRh2_225,4,0.9914993078290367,0.6330643432784636,0.8629405386060717,0.13197746482721864,0.005081996566709758,0.9836386564504004,4.440892098500626e-15,Tm,1.6168002251394453,0.9988516389184499,0.564594646072979,0.13197746482721864,0.663947635500909,0.0022967221631002843,0.9669629159977136,0.3911277281801747,0.03864422663146038,0.05470906521649226,0.6643280503002277,0.0003156265607119346,0.6578859891726032,0.0012379138177269766,0.6643404986990459,0.0
NdTaO4_13,12,0.9794475643328026,0.3572619047619048,0.8349552671555792,0.16121326964434735,0.003831463200073345,0.018824566450519043,-4.707345624410664e-14,Nd,2.9948597691204513,0.9983838443052603,0.5792903152085584,0.16121326964434735,1.1157420181186462,0.002995831572609964,0.44963375443573134,0.40388819454281244,0.061835551775331586,0.02829368952547918,1.1056619087967305,0.0,1.1361994059477005,0.02867318054912027,1.116716515242395,0.011770375282719514
TmGa2_74,6,0.9847727520484442,0.6087726757369615,0.8798021842887763,0.10770088629782827,0.01249692941339562,0.9782570356562954,3.1530333899354446e-14,Tm,1.421188174683601,0.9909680209722956,0.5558066692112185,0.10770088629782827,0.6730069444546906,0.018063958055408835,0.9935771878568465,0.36508106430534487,0.030736690182651773,0.023035197437601063,0.6727886888950741,0.017641106274596363,0.6668676906049963,0.006029050776438782,0.6675919742387029,0.007464206228357417
Rb2WCl6_225,9,0.8243771360394728,0.3193809378651628,0.37535086908095167,0.5513489335085422,0.07330019741050607,0.04471506651263709,1.4654943925052066e-14,W,1.5978194665907115,0.7988883396040153,0.9438211208003401,0.5513489335085422,0.4868201647722289,0.0,0.16421150246583824,0.6536816659795014,0.3958008865397801,0.43383318211673305,0.46135869056839707,0.0,0.5283259348058083,0.0,0.4321754716788768,0.0
MnSiRu2_225,4,0.9713732995213762,0.6794259259259259,0.7770896885886867,0.22125569673481812,0.001654614676495188,0.027279464968836167,1.7763568394002505e-15,Mn,2.9755142654913813,0.9943820365925974,0.6105430616316259,0.22125569673481812,1.2830421373627439,0.0,0.7004695492023051,0.44268782556678005,0.10283853355448225,0.19780697735397043,1.2635906971230337,0.0,1.2814292193947483,0.0,1.1388671510238884,0.0
HoInIr_189,9,0.9737148261100702,0.6633916323731138,0.6311973899285308,0.3426146487752217,0.026187961296247377,0.5403416792066389,-8.743006318923108e-16,Ho,0.0643843088980758,0.9896283756869136,0.753392941955198,0.3426146487752217,0.0396280381118485,0.6345604340125743,0.7590509514424106,0.6479836267005135,0.14088706725007483,0.10616224045634985,0.03866028789534844,0.6230569449071102,0.04244751486954104,0.6566139218188556,0.03654372362275256,0.5977222514528829
NpSe_225,2,0.8827585028153027,0.3866805555555556,0.5634388181934529,0.3389144327625213,0.09764674904402565,0.016274940376849897,3.2862601528904634e-14,Np,4.255746675271537,0.9584217825919994,0.8279621241275841,0.3389144327625213,2.035562017238149,0.0,0.9097982340761317,0.4920267811551881,0.24537525183386144,0.18717204006254434,1.9739349304908722,0.0,2.2677989585745837,0.020995820798480835,2.047156195781032,0.0
Pr(NiP)2_139,5,0.9357501114062954,0.47671875,0.75386272413309,0.2100743789832183,0.03606289688369174,0.036410870801774645,-8.881784197001252e-16,Pr,1.99532301844746,0.9873456944624595,0.6534930825190586,0.2100743789832183,0.7985022761737559,0.02803499450442426,0.31933009347974484,0.40796300702242494,0.1323498619385954,0.0863724779464763,0.79310496268571,0.02362708976929251,0.8295833541913601,0.06129606719722558,0.7817308131643839,0.012048458949459828
FeGe_191,6,0.962209700748049,0.5083783436213992,0.809107489367156,0.18060668660749965,0.010285824025344337,0.07505606594599401,-2.398081733190338e-14,Fe,1.4939438484700007,0.9341741758346441,0.5901880621412813,0.18060668660749965,0.7994734665708542,0.13165164833071163,0.984696147106946,0.38914785523971857,0.08939857401354645,0.19315500547036046,0.7839605908985826,0.11449705207550454,0.7948090166547398,0.126567984230333,0.7241873150809458,0.04143609664953063
RbErSe2_166,4,0.95898397941722,0.37160648148148145,0.8693385482846471,0.11346233809826252,0.01719911361709052,0.0019448720207148424,-9.947598300641403e-14,Er,2.751448624356724,0.9184888975560964,0.5602952806081188,0.11346233809826252,1.1569311901660906,0.0,0.9697521028805296,0.333849561834276,0.05741966437373166,0.06966191314822802,1.1576067017385319,0.0,1.170719517635288,0.0,1.1605440974174805,0.0
NpH3_139,4,0.8641270755034942,0.3173888888888889,0.5910805975243791,0.4072767497565849,0.001642652719035827,0.02003585744090739,5.773159728050814e-15,Np,3.527757972139725,0.8819614085364282,0.7374538637522844,0.4072767497565849,1.459471669639937,0.0,0.9288117594762997,0.591240184488783,0.23485486086022977,0.06594056224972235,1.4209565957367276,0.0,1.7713494384389976,0.032947043407090315,1.6665548509869161,0.0
HoCu4Pd_216,6,0.9944880584227377,0.6448795438957476,0.84548347971382,0.1526819156484461,0.0018346046377339335,0.9978892995679908,1.1102230246251565e-14,Ho,3.761015239779997,1.0,0.5739570063026814,0.1526819156484461,1.3982321806405518,0.0,0.5493111039659468,0.4242965123094492,0.03395221883566059,0.016875188833245743,1.39587125564353,0.0,1.4041264193650842,0.0,1.3849705529664074,0.0
ErCu_221,2,0.9321531413243425,0.4688297193877551,0.6350333236938739,0.3446923778337688,0.02027429847235715,0.4246152851311959,1.9949319973733282e-17,Er,0.006665455948823512,1.0,0.7652826739517009,0.3446923778337688,0.004481927910408304,0.5128150023688607,0.5475119319153585,0.6481748994347858,0.1809820578139249,0.1539451348586202,0.004543647405892673,0.5194327720977228,0.0036430014523020663,0.40062389021684297,0.003992318351799294,0.4530676549300887
Ca3FeN3_176,14,0.8632469703596319,0.49917242988873645,0.7404558350445215,0.21713397856090502,0.04241018639457336,0.034664515237248214,-1.7763568394002505e-14,Fe,1.8181351519277837,0.7246236708834283,0.665605624094452,0.21713397856090502,0.5977799899540437,0.0,0.5231632748025887,0.3953241577068807,0.1435273812785509,0.2681922115424057,0.5796524985107127,0.0,0.5902967413429936,0.0,0.5564521363706286,0.0
Dy2O3_206,40,0.9925862225660037,0.3738586005830904,0.8524199022762035,0.14610898565330974,0.001471112070486806,0.031739467031502384,-5.684341886080802e-14,Dy,4.932607592344155,0.9773842721830972,0.5669325850037096,0.14610898565330974,2.2697673594854684,0.05485203486809831,0.7859761949977309,0.4222684119868495,0.026402163499299677,0.017407737940944107,2.238301333419088,0.05447243626897791,2.2944748871340472,0.05100444526246817,2.254848821390602,0.05019390003886948
V3Pd_223,8,0.9571520308918668,0.8194069358710563,0.6085748466734878,0.3722421507732702,0.019183002553242054,0.0011910069244889215,-8.881784197001252e-15,V,0.1270497689876231,0.9999999999999999,0.7507814155997815,0.3722421507732702,0.038900782132091666,0.0,0.5486814801895943,0.5357613330553463,0.23323936480608534,0.29323226634107613,0.03745939459835626,0.0,0.039402004755904135,0.0,0.03340548637518896,0.0
Ni3Pt_221,4,0.9645593080897308,0.6946747448979592,0.8691596762932504,0.12809735442028292,0.0027429692864669145,0.04944073656173894,6.661338147750939e-15,Ni,0.6770607433179333,1.0,0.5459751835023656,0.12809735442028292,0.1434293111661162,0.0,0.9915283551299764,0.3248627813133021,0.06164720472232322,0.15578292634736762,0.14715702600873937,0.0,0.14937596760883168,0.0,0.15327737734674357,0.0
VCo2Sn_225,16,0.9814262376064405,0.7382857711226852,0.8031660919723734,0.19101475793811953,0.005819150089507053,0.025555254944817814,1.723066134218243e-13,Co,1.0422200615275758,0.9900296519424644,0.6007213048103314,0.19101475793811953,0.452273480634652,0.019940696115071543,0.9482136346493715,0.40984165875955675,0.08480971311897162,0.19280081223951315,0.45020890161356214,0.016878842032154395,0.45618120661377287,0.0241724921910782,0.4087674840949787,0.0
RbCoN_62,12,0.885139121909264,0.49314081101190477,0.803978634659732,0.14667474833863534,0.049346617001632634,0.07719566705092566,3.552713678800501e-15,Co,0.3185111582703814,0.7717510659178578,0.6283879110876545,0.14667474833863534,0.1385107740100553,0.05264016267203642,0.8668449584547379,0.3548341703922663,0.09307293125072356,0.24930681685530037,0.1358297567860695,0.04805578864462079,0.14262237196925848,0.044800108511305115,0.13660669132012457,0.03835680609664649
Ho(CuSi)2_139,5,0.9755978502376104,0.48488425925925926,0.7371979664157973,0.25040275303677534,0.012399280547427536,0.8238577039934026,-2.609024107869118e-15,Ho,0.47284839938354645,0.9844264660499126,0.6605641351106464,0.25040275303677534,0.19059909780951695,0.05989156040342947,0.6206626917008051,0.5410422893714248,0.08800837815320067,0.05494064695307584,0.19001346931712246,0.055349419972021585,0.19086701096401945,0.06195018346933123,0.18787615727081794,0.03836184219233452
FeNi3_221,4,0.9730366048700656,0.6980457361516035,0.8694557780993096,0.12895725695804652,0.0015869649426437642,0.045602018794760085,9.85878045867139e-14,Fe,2.893829701882762,1.0,0.543891454872392,0.12895725695804652,0.9935627841629537,0.0,0.6823300553433966,0.3236701970043247,0.06638201491338702,0.1480267972744378,0.9778008864325777,0.0,0.9914892903118224,0.0,0.8892201740492796,0.0
Ti2CrIr_225,4,0.9655101320345331,0.7966537475585938,0.6351912133787254,0.35310255608608104,0.01170623053519346,0.2745130612076047,-1.7763568394002505e-14,Cr,1.0336681485050625,1.0,0.7248637195164287,0.35310255608608104,0.50665979264306,0.5288502766227174,0.6696225104385294,0.5328911770253215,0.2028995477467366,0.30073638802892977,0.4940621106611267,0.5132157609955756,0.4907647349204859,0.5156131527068372,0.4101059470484113,0.38717341568806196
Mn2Nb_194,12,0.9724892726947053,0.7001607510288066,0.7872990320367179,0.20381044757126102,0.008890520392021078,0.05979003050321904,-2.708944180085382e-14,Mn,0.7238355140010022,1.0,0.6065870415521241,0.20381044757126102,0.27241147626056095,0.10012523343007917,0.6894540628772505,0.41273090082202835,0.10109016355595994,0.18133493171077217,0.2690902117674448,0.09300586915106757,0.274396003754046,0.10665020729513364,0.24211250919995408,0.02610927207061009
YbCu2_74,6,0.7579750908825115,0.57421484375,0.3940359932414178,0.4733367992865267,0.13262720747205548,0.3956152377720403,1.8041124150158794e-16,Cu,0.0071304168274163365,1.0,1.0076025911214324,0.4733367992865267,0.004105018615972041,0.20543456256625436,0.700721739598822,0.426202671409399,0.49601132742724213,0.51402257571654,0.00493197723187601,0.30794023317489116,0.0005495807324111977,0.0,0.003843683506950195,0.16643683561923928
ErNiSb_216,3,0.9900303921016342,0.4220695495605469,0.914558791091513,0.08155914313984426,0.0038820657686429124,0.9971776588740336,-1.2878587085651816e-14,Er,2.6815746059780965,0.9889737839465098,0.5200090104246845,0.08155914313984426,1.219517984294355,0.0,0.9104642301152165,0.30512577007725006,0.025990886558357133,0.027088500290962575,1.217586779406506,0.0,1.223325648540398,0.0,1.2121040926961146,0.0
TbNi5_191,6,0.9546539974299971,0.6440650720164609,0.8115540120624819,0.17472662519178778,0.013719362745730322,0.23091074198375552,-4.218847493575595e-15,Ni,0.3694763296819272,1.0,0.605147778627787,0.17472662519178778,0.15347660867691051,0.075703441392303,0.8806483501545797,0.39713989779493264,0.08900264350959759,0.11926743923603135,0.1522292540132779,0.07259733930902057,0.18518724783728252,0.1462311898699833,0.14973213692117116,0.06659960653668395
Fe3C_62,16,0.9747317852617889,0.6229722222222223,0.8707919302523455,0.12777659350064682,0.0014314762470078433,0.042879007810331306,1.7763568394002505e-14,Fe,1.9704282751370854,0.972549556874114,0.5439954945610811,0.12777659350064682,0.9040071452265833,0.05490088625177181,0.9806355554322665,0.3521537075796813,0.04096359034377243,0.1433884767116022,0.8764121267756149,0.03942648579239616,0.8849562390957867,0.044258102090562246,0.8274006920850692,0.01066648093697542
PrNiSb_194,6,0.9146954132347785,0.3938407897949219,0.7313322794512261,0.20517242859306484,0.06349529195570909,0.07360761800346825,-2.6645352591003757e-14,Pr,2.2152958035089347,0.9913649714505592,0.6880321675729482,0.20517242859306484,1.062843704864241,0.06817382646061187,0.49592283955762734,0.39610930481564566,0.14628817141255288,0.11161444067123602,1.0541468363682536,0.05800254535458127,1.1170010454347008,0.12616015351487564,1.0457077724543349,0.06851599442330258
K2ReBr6_225,9,0.8372662478875672,0.2920056330335823,0.3851335542692061,0.5360440239772197,0.07882242175357433,0.03831829725661949,-6.661338147750939e-15,Re,2.3791673331435703,0.793022817217662,0.9398939126541331,0.5360440239772197,0.7240155020437872,0.0,0.24665871607471745,0.6486243549816859,0.37650739871179584,0.5019533607893504,0.6838670263315324,0.0,0.7405911413981522,0.0,0.6418340430767167,0.0
Sr(CoP)2_139,5,0.9325892917318861,0.39814187393707484,0.8190339797282779,0.15597642211064908,0.02498959816107314,0.03984131471066556,9.992007221626409e-16,Co,0.4529203241063715,0.9594591799191431,0.6001733680943729,0.15597642211064908,0.21568628995920824,0.0,0.8639740898001779,0.3743506597459435,0.08451860510034089,0.20507236052823985,0.2128186875260804,0.0,0.21445075367078656,0.0,0.20099316577970272,0.0
LiHoGe_189,9,0.9002506246768472,0.44449266975308643,0.6338063241370766,0.3089535489053746,0.05724012695754892,0.9211014252062882,1.887379141862766e-15,Ho,0.17013505256150818,0.8611058855655197,0.7504303178877226,0.3089535489053746,0.07378568835912366,0.0,0.8646604517854325,0.5059040663738619,0.18989532110616458,0.16135725957800662,0.07336676518914942,0.0,0.07970132638278143,0.0,0.0754471726634548,0.0
Sm(SiIr)2_139,5,0.9604145045427783,0.5114054232804233,0.7957172163859518,0.17616108326382998,0.02812170035021785,0.010277666805689865,-9.237055564881302e-14,Sm,5.59451251586734,0.9869840691870494,0.6241738718202334,0.17616108326382998,2.2298235605278696,0.0,0.8642409822935072,0.409484967090683,0.09265734173411368,0.06151246870741179,2.220773562753213,0.0,2.281566035708804,0.009964099297468554,2.1832039540351076,0.0
Mn2N_60,12,0.9736050579069638,0.5322678984788359,0.8269269108577416,0.16859937248449933,0.004473716657759045,0.0381879837187825,-2.842170943040401e-14,Mn,2.194548146346916,0.9777253951160858,0.5738006558980883,0.16859937248449933,1.0814084370310484,0.04454920976782839,0.8532064078958027,0.4012584498742913,0.061735673602116965,0.15554370964025752,1.034389232450814,0.015372670512142972,1.0912214217996987,0.050421648147726095,0.9989641924943048,0.0
Pr(CoB)2_139,5,0.9274988188603402,0.49629874271137026,0.7456677223154844,0.21388121859631037,0.04045105908820519,0.0851249306262584,5.284661597215745e-14,Pr,2.087122342830209,0.9908562361929438,0.664144631519988,0.21388121859631037,0.8461791096832357,0.1139113027119888,0.44245009308580147,0.40658758137358897,0.14797753122271756,0.10082260996650219,0.8388450803029271,0.10747285426537834,0.8861706615721848,0.15876262689497278,0.8332489214529701,0.09490057529630702
LiTbTl2_225,4,0.935094350522188,0.60338671875,0.4121992129189631,0.5209139365830763,0.0668868504979604,0.49979028937036163,-4.449836766423632e-16,Tb,0.05515634684840244,0.5010556049244179,0.9053162426578817,0.5209139365830763,0.031861701821000274,0.9978887901511642,0.5652971663680468,0.7496260570735709,0.2833805857659193,0.193996518538363,0.03192996876459529,0.9978925360614819,0.02618848137213632,0.9974322662471593,0.028824004306212063,0.997628033084482
MnSiTc2_225,4,0.9736213055179158,0.6957550048828125,0.7449365560327451,0.25240058411185995,0.0026628598553949372,0.1688484047479104,-2.375877272697835e-14,Mn,2.353236043258235,0.9935616878796084,0.6332341876417273,0.25240058411185995,1.0896213610994017,0.33269062940637706,0.8373372168264704,0.4639163781216277,0.12525458282560392,0.22082793837685932,1.0717713779581077,0.31691762903388854,1.0918228642529857,0.336838494244063,0.9399209413838802,0.19313202482479563
K2WCl6_225,9,0.8268927958003331,0.30996688131890465,0.37529329845493065,0.5527060559299943,0.07200064561507497,0.044492910521024824,2.9753977059954195e-14,W,1.6117701282357773,0.8058973663858265,0.9428174604201887,0.5527060559299943,0.4916976794025278,0.0,0.14437252646684734,0.6548670782497058,0.40116445043394067,0.44063819197910026,0.46046061496415946,0.0,0.5290106170388376,0.0,0.43073357084845093,0.0
NdCuSe2_14,16,0.9641141409571305,0.363234126984127,0.7923726609660753,0.18820794248556352,0.019419396548361143,0.07077182557551229,1.4210854715202004e-14,Nd,3.2187776716925183,0.9512462000491003,0.6183465346797498,0.18820794248556352,1.425431263115498,0.12727502313772632,0.48061505566148716,0.41663377463718426,0.0931749275765866,0.08193006720621691,1.415550897872266,0.11853780856065976,1.4332132999233258,0.13407953258037586,1.4011845004136214,0.10548078968530161
V3O5_13,32,0.9296976509006623,0.40324652777777775,0.6822538731286544,0.3102985722765342,0.007447554594811333,0.062216256141328495,3.552713678800501e-15,V,1.8638298405839715,0.9812129614265851,0.6815314380384327,0.3102985722765342,0.819672872776463,0.018696566108475032,0.20302216539956747,0.5309242099418848,0.15328062545008292,0.19088525048539196,0.7827044138625644,0.0,0.9053310764379616,0.11590092620671477,0.7701050537864276,0.0
Na2UI6_148,9,0.8977752424344363,0.1876692771911621,0.5852759640860606,0.3406771092385135,0.07404692667542609,0.1110292345501073,-1.2212453270876722e-14,U,2.209063650547364,0.9134519212608783,0.79327197536476,0.3406771092385135,0.7025835520322098,0.17309615747824336,0.6547943165215141,0.4898035029134993,0.2364439831450705,0.200391172971295,0.6921659807540861,0.15253629331574203,0.7180060887095241,0.20181509685184384,0.6832471726689929,0.13401243180444244
K2PuO4_139,7,0.9358509777917601,0.4252392610374435,0.7055507541567685,0.2865293358791557,0.007919909964075862,0.14713395464394238,1.84297022087776e-14,Pu,2.2915108862098905,0.8848330782221194,0.6636336413888813,0.2865293358791557,0.8195965434153865,0.22773278974295474,0.564138429907751,0.5132850949855435,0.13206731571864266,0.12378922152155876,0.7919384326054006,0.18484382533236166,0.814829069466742,0.21911640966593293,0.8185819181305686,0.23462566866222745
NaYbS2_166,4,0.8563006504302846,0.3267016587918508,0.6749303700954187,0.2771254246547192,0.04794420524986191,0.10618283634888792,3.1086244689504383e-15,Yb,0.27353008696917647,0.6970173547588467,0.731848350749222,0.2771254246547192,0.10552504179681348,0.02135863223841783,0.9894470967176466,0.44773181382411525,0.19370947715279285,0.27048799635384874,0.10762619122521296,0.009124497400120002,0.10413162133666957,0.0,0.1106437234688241,0.0
NdPd_63,4,0.92881368933777,0.5042871315192744,0.7497408398437634,0.1885093119260093,0.061749848230227465,0.01551265450880925,-7.815970093361102e-14,Nd,3.5301097803652173,1.0,0.6783549995423753,0.1885093119260093,1.722909777645203,0.0,0.6984875067310088,0.3853971924838029,0.13397402592089513,0.11255003362551226,1.7064904446769937,0.0,1.8258160341127572,0.010196837401755032,1.7463925317404732,0.0
Tm2Cr2C3_12,7,0.9831792350984122,0.5171907552083334,0.878955596536405,0.11433105247024616,0.006713350993348681,0.9636901534349613,-8.43769498715119e-15,Tm,1.5041689042055748,0.9934314877268644,0.5532988916555429,0.11433105247024616,0.6837348882635718,0.04525216459788839,0.9778450048619762,0.37294330084195254,0.030691191109926876,0.02717880843949879,0.6818143286560627,0.04238563196473277,0.6780050474824307,0.0362118232419516,0.6761647074252226,0.03150093409168908
Gd(SiRh)2_139,5,0.983260566440509,0.5431463259907138,0.8305091290513773,0.15870532584686878,0.010785545101753793,0.99655937681795,-7.194245199571014e-14,Gd,7.057288086548233,0.9947604038487919,0.5883404383112532,0.15870532584686878,2.8150026290124357,0.0,0.872553748793359,0.41435441310411114,0.052994240894786625,0.030417785317390537,2.8084392274472365,0.0,2.8413687413551596,0.0005908026455407889,2.77957715270966,0.0
VPt3_221,4,0.96959682767186,0.7423796296296297,0.626123146541615,0.3629877663528501,0.010889087105534824,0.16798864940032454,-1.1324274851176597e-14,V,1.6233531059999065,1.0,0.7320843896467456,0.3629877663528501,0.7463020145037697,0.31236997277561585,0.19386428354571547,0.5498873651571065,0.20370946169586476,0.2839889533273895,0.7297909912392989,0.29130013405458066,0.7561853753799045,0.3243932677646667,0.6271566596485763,0.12455464508973657
TaZnCo2_225,4,0.9711065233164813,0.6935138888888889,0.8082191830201229,0.18656646447888608,0.005214352500991084,0.10551613871708186,7.771561172376096e-16,Co,0.52676433498483,1.0,0.5990186133153942,0.18656646447888608,0.28984839002957585,0.17607770601461226,0.5901456502898772,0.38611124610648434,0.09462173551470975,0.21049295003604507,0.28666335776094093,0.1671944649234819,0.2999323932562366,0.20129089088232544,0.2604782960006278,0.08541593404606762
Ce2InGe2_127,10,0.8847550738026498,0.46092504384566324,0.6616538816533802,0.23854350449172307,0.09980261385489675,0.02620489835776611,3.552713678800501e-15,Ce,0.7496583262738502,0.971456846582157,0.7604405185742374,0.23854350449172307,0.36005808358286007,0.0,0.7033790591134028,0.40709333454223673,0.19711354107952467,0.15838099583641266,0.3550193501485849,0.0,0.3841671712732642,0.039794089483455974,0.35239972668010816,0.0
Ce2SbO2_139,5,0.9063929669369433,0.3274511316872428,0.71024789020799,0.24325028962199363,0.04650182017001638,0.11233247664786133,-2.886579864025407e-15,Ce,0.5542227013087255,0.9112193455703306,0.6926950506583643,0.24325028962199363,0.29112381582220553,0.17756130885933896,0.4500424260389729,0.42801191154581847,0.1655837168327692,0.13710930941381796,0.28494823669586267,0.15704699679181755,0.29182465520694145,0.1822757190888028,0.2858322132167163,0.16366385683060636
CeSnPd_62,12,0.9495741610386402,0.548859126984127,0.7327370494372185,0.22320885553261208,0.04405409503016932,0.09956321003981847,-1.7319479184152442e-14,Ce,0.5432430892285504,0.9668731114510197,0.6765386230591512,0.22320885553261208,0.2690243380952702,0.18263336543065722,0.44696217979487735,0.42031711077696865,0.14327174201806778,0.11937063294785476,0.2669601928488105,0.17451398244217442,0.26732286425110857,0.1760149864595607,0.25981978958145574,0.1452655994195725
MnSbRh_216,12,0.9333723042575591,0.47165708188657407,0.7222560989917755,0.2589416612778075,0.018802239730416916,0.08855781635512311,-7.105427357601002e-15,Mn,3.703333851485002,0.9518006074651076,0.6595880060722532,0.2589416612778075,1.8265495284991158,0.16921271250650904,0.6879361466921263,0.4456890251326358,0.15649804265442702,0.24868370915929322,1.7936391242635923,0.14962545302102925,1.8277077990425046,0.16990077380359925,1.6613056082131001,0.06065524055740523
Pd_225,4,0.9709261660936113,0.7035740740740741,0.7358229930608251,0.25102865604408375,0.013148350895091313,0.03603579790324436,1.021405182655144e-14,Pd,0.3156951010651271,1.0,0.6538207332731447,0.25102865604408375,5.668528485608646e-15,0.0,0.987629666753473,0.5120842403320345,0.09811656677217202,0.2302106616603227,1.9788499658200355e-07,0.0,5.668528485608646e-15,0.0,2.3714374201337736e-16,0.0
TiZn2_194,12,0.8647930269466355,0.6293619791666667,0.44364106605916565,0.46511455631860193,0.09124437762223231,0.026668658891581733,1.5987211554602254e-14,Ti,1.1518479537800026,1.0,0.9095080415581033,0.46511455631860193,0.5269870200635726,0.0,-0.020146880602898494,0.5075280132433226,0.4056364570168979,0.42960200819765787,0.5137953403960844,0.0,0.5599379273734436,0.0031384954987840885,0.45432542466215114,0.0
SrMnN2_14,16,0.9009840310098857,0.3451074440192744,0.7675417752690189,0.21301788859380932,0.0194403361371718,0.04038025432502849,-1.5987211554602254e-14,Mn,0.8369437985746857,0.8998534606155991,0.6284136421496432,0.21301788859380932,0.3496140923455867,0.0,0.5346411216690773,0.41527330809966584,0.11810268070060118,0.2094945222272161,0.33498945397527585,0.0,0.3535800250812737,0.03470150584346543,0.3185181702020228,0.0
Pm2SiAg_225,4,0.9492551623896354,0.42213671875,0.775640544942435,0.18473198564618087,0.03962746941138407,0.012496044407025177,5.684341886080802e-14,Pm,4.6394365429775775,0.9910888922480545,0.644008283080252,0.18473198564618087,2.305924032608643,0.01782221550389096,0.8093576027030334,0.4064701935793199,0.1101082923232229,0.08651924599327447,2.286345599446424,0.012825443987052543,2.35668502489692,0.0214510393898939,2.2706583737877097,0.002161544512397584
PrTeCl_129,6,0.9515437091938964,0.2855356224279835,0.7617623456859117,0.21210094900059415,0.02613670531349412,0.06359017652609884,-6.661338147750939e-15,Pr,2.1272707167767217,0.943548917536314,0.6421568767393214,0.21210094900059415,1.0337040910239617,0.11290216492737204,0.7280425533913142,0.42451183798787806,0.11695929956705788,0.08918497073009257,1.0243590677110685,0.10241781909265213,1.0382906892789556,0.11827770661505232,1.012744602469987,0.08937057178577412
MnAs_62,8,0.9475051475217635,0.4633290816326531,0.7542342804630445,0.23712844114169396,0.008637278395261471,0.0868832754071656,-1.0658141036401503e-14,Mn,2.016634050043834,0.9195676096762013,0.6274501016862135,0.23712844114169396,1.0965121122857406,0.16086478064759724,0.9714179283689078,0.4485426192158975,0.11887212229942874,0.2239225967837935,1.0647222823873819,0.13581039198098477,1.089790320010358,0.1556890211167269,0.9492109404203058,0.030645462790350075
V3Ga_223,8,0.9325432222764942,0.8412771133401921,0.5134375871408703,0.45916565737190496,0.02739675548722472,0.000575768397953409,8.881784197001252e-16,V,0.34619526056107436,0.9742498470714669,0.8311542233471305,0.45916565737190496,0.13737446912489584,0.0,0.9552872633870637,0.5389414787287707,0.33712562963110265,0.39481168113377985,0.13325164866088313,0.0,0.14792075734357477,0.0,0.11057624993719921,0.0
MnNbSi_189,9,0.9356791331130707,0.5527014353918651,0.7035238778271484,0.28172914286482903,0.014746979308022472,0.15738846651664717,4.440892098500626e-15,Mn,1.5083543755079063,0.978192523399376,0.6698823194968454,0.28172914286482903,0.7767603081083053,0.2974708755828994,0.6308479281156969,0.46280409040605347,0.1696424788329913,0.2512304986881379,0.7614605315137736,0.2798751267781787,0.7830436033105331,0.30286857907579146,0.6846756498861717,0.19681285038218643
Sc(MnAl2)4_139,26,0.8592541158150544,0.41704254150390624,0.6692639290576042,0.2987885574966445,0.03194751344575154,0.13515652169010484,7.049916206369744e-15,Mn,0.06257574062592723,0.9339571613732308,0.7063202521332098,0.2987885574966445,0.030149773645190673,0.18264770550059184,0.9793591451542651,0.4478292865196118,0.20941521563029447,0.29660699356838904,0.02952505247283411,0.16792796884695882,0.03021003051102619,0.19090444755056035,0.026396279255762222,0.07644028822091375
CeMgPt_189,9,0.820232268031429,0.4126182504251701,0.6037884663916392,0.26943394470645166,0.12677758890190916,0.028089516732175464,7.993605777301127e-15,Ce,0.6934785779333913,0.9298582349831632,0.819870171229449,0.26943394470645166,0.3047456726509953,0.0,0.5153715676528176,0.39328592188321265,0.2664075458494799,0.23534839680784111,0.30174259135761144,0.0,0.34695889875178865,0.0166510505198445,0.3117106945817464,0.0
Fe3SnC_221,5,0.9671273635972764,0.6404541727405247,0.8229443420763148,0.16826882284000527,0.008786835083679988,0.09603188532553894,-3.1086244689504383e-15,Fe,0.7750111170283561,0.9185050298574916,0.5814373289201438,0.16826882284000527,0.4301989755067423,0.1629899402850168,0.9735882125847531,0.37208253468966396,0.07946192197446436,0.1928213470449295,0.41846651950704084,0.14354061705229226,0.4172783093709542,0.14128183512419656,0.3810566722964249,0.07500909468276307
MnAu2_139,6,0.9501058356995639,0.5262625558035714,0.7605620614215164,0.2296183823125377,0.009819556265945845,0.034069194522199565,-1.0658141036401503e-14,Mn,4.037469660506583,1.0,0.628297052560364,0.2296183823125377,1.900075350523935,0.0,0.49603376153799084,0.4268106675197859,0.12794416244060886,0.21566749926855625,1.8700051566141962,0.0,1.899608953999631,0.0,1.7557939879370301,0.0
LaPrHg2_225,4,0.8268164718053981,0.39137890625,0.5954799948347883,0.25100164661387275,0.1535183585513391,0.00036659144233296766,3.9968028886505635e-15,Pr,2.5540271994323307,1.0,0.8416229862523465,0.25100164661387275,1.033689473882052,0.0,0.4200751081991884,0.3833073227329649,0.24339844532404814,0.20918072350195144,1.023245907207481,0.0,1.0790755230464801,0.0,1.0057526097618306,0.0
Sm2TlAg_225,4,0.9657917144576804,0.52880859375,0.7951087602087041,0.17050808693297492,0.03438315285832094,0.00030157370197005047,-5.5067062021407764e-14,Sm,5.8090934313122045,0.9914286362235538,0.6274715667418012,0.17050808693297492,2.8557983835360488,0.0,0.8522968982708023,0.41156613457839075,0.08671163438454821,0.06531209265114826,2.8401822328943456,0.0,2.9185921886963446,0.0,2.8229095994510733,0.0
HoClO_129,6,0.9934301547846002,0.3581058673469388,0.8537452680417135,0.1452888305200709,0.0009659014382155927,0.0010124227607335465,-1.0835776720341528e-13,Ho,3.8638556619683477,0.965968632627015,0.5656525866366834,0.1452888305200709,1.7896909150339235,0.0,0.9219069760494453,0.42319909148659834,0.023994190135550573,0.025998469622417343,1.7664510416446086,0.0,1.8264651013634292,0.0,1.7836579995440731,0.0
LuCo2_227,6,0.929037907774158,0.6575628000685871,0.7857658690473533,0.18567480875357992,0.028559322199066692,0.15376420333791402,2.6645352591003757e-15,Co,1.0700291281336223,1.0,0.6337310362368926,0.18567480875357992,0.6269103947267575,0.21716773323848648,0.37798402523089064,0.3448896659407608,0.1352004746377043,0.22499175411225086,0.6219462001977374,0.21255960012143627,0.7046274519999158,0.28287092290956173,0.5966297033256076,0.18818823496261228
U2BiN2_139,5,0.8920630940043727,0.455769,0.6033332434169152,0.330288318687586,0.06637843789549873,0.09083877902207181,1.021405182655144e-14,U,1.5717661441955106,0.9625793735325642,0.7790604021905665,0.330288318687586,0.7894863784820771,0.07274988856817777,0.7212175307552932,0.47843485525971885,0.24242957872755358,0.1804431234873377,0.7611105718819473,0.0669877299090803,0.8396760867178582,0.13685385651582993,0.7896606939780573,0.0727584709208412
HfAlCo2_225,16,0.9417991001668345,0.6009611906828703,0.7781584301795741,0.20590382286029885,0.01593774696012704,0.1431642230426226,8.43769498715119e-14,Co,0.5739251523810291,0.9720812134270029,0.6294476607785446,0.20590382286029885,0.3251855255670511,0.22901885134912658,0.9757604669334436,0.37685719211789914,0.12853052091441028,0.24384506658925487,0.32201220471338327,0.2216177912121169,0.3448070082776676,0.2680936638939758,0.2915608226824678,0.14184555344936067
NdMgGa_189,9,0.9512913603264213,0.40618927183356196,0.7769352649884749,0.1832888891831689,0.039775845828356235,0.02095291280703132,-2.6645352591003757e-14,Nd,3.382756633943845,0.9908890257253045,0.643257396387051,0.1832888891831689,1.6015176634713448,0.017543596248546844,0.909432213249109,0.39734173800888023,0.10843783708359193,0.08376931773938064,1.5909011406860318,0.010408580643775367,1.6244747221623825,0.035270038952514016,1.569667383923392,0.004811360446911106
ErInAg2_225,4,0.9881644451658741,0.5843996484910837,0.9104560787928208,0.08012875174318665,0.009415169463992628,0.9972621085382863,-2.3092638912203256e-14,Er,2.590978579099466,0.9936249927142028,0.5274662770414666,0.08012875174318665,1.117742043113291,0.0,0.8775577479447458,0.3116394364217765,0.032616280337694245,0.02618614681010038,1.1160423345382704,0.0,1.12313662525052,0.0,1.1101816497928452,0.0
NdCoC2_9,8,0.9471809862046218,0.46682492441421014,0.7852191871961585,0.1893623883534881,0.02541842445035334,0.10050586347135246,4.973799150320701e-14,Nd,3.230728058948255,0.9846348776941501,0.6293676171739585,0.1893623883534881,1.4379251844029108,0.15985831019361985,0.6655420064372749,0.39861707564636706,0.10979097577451538,0.07537412477091254,1.4255315852071013,0.15609879782105696,1.51305738166918,0.1938278014827437,1.4285583475379133,0.1424922936560773
Ba2NdNbO6_12,10,0.9729636106352448,0.3635050455729167,0.823709811973874,0.169223477267775,0.007066710758350986,0.03270894311222285,-3.108624468950438e-14,Nd,2.9925922567370438,0.987169786337842,0.5889473722658184,0.169223477267775,0.8976066665603966,0.0214435964544738,0.36551409370052496,0.4055624532623878,0.07237539871848975,0.041567752259442745,0.8886763333009051,0.0024416489660710194,0.9112727861710307,0.04812233366518359,0.8921482258422593,0.035480619532502033
PmDyMg2_225,4,0.9270720573507943,0.3315234375,0.7722346349827255,0.16838416454462743,0.05938120047264706,0.4614379266573429,1.8540724511240114e-14,Pm,4.878747753539663,0.9578859318578791,0.6609248925183877,0.16838416454462743,3.3219337301910503,0.9210090680494484,0.9482890197469088,0.400046763199057,0.10079648859079118,0.08984659137696771,3.3115721603189336,0.9208650958940886,3.3515043638763724,0.9200978655017418,3.2644600533398602,0.9189505867087076
DyHoIn2_225,4,0.9336507850633674,0.6166171875,0.6865730799430226,0.2420944881285967,0.0713324319283806,0.03934474723306044,1.6653345369377348e-14,Dy,1.3259616502403893,0.9573713706462784,0.7219627263332973,0.2420944881285967,0.5249643268159995,0.0,0.8528775229733376,0.44392062928629533,0.15856274687848015,0.14111957258001556,0.5215995410551099,0.0,0.5394920939767357,0.0,0.5109080999537722,0.0
Ba3TbRu2O9_194,30,0.7536069487497432,0.3814631960519547,0.6282578331065616,0.2890108330482258,0.08273133384521247,0.2748297268568425,-1.2434497875801753e-14,Tb,1.3795599241781473,0.30785691857992026,0.7682978919943848,0.2890108330482258,0.3197072960972156,0.02904831447062517,0.8510320692984986,0.3968789145236401,0.2597754071604804,0.3763451251921327,0.3166783776595457,0.026541742521054457,0.3280837424223424,0.21911873876248866,0.3283494770231521,0.16076343820584582
TiF3_221,8,0.8984998456433858,0.232484375,0.6175375104333319,0.3768949071612437,0.005567582405424233,0.028359158813394004,-4.440892098500626e-16,Ti,0.92301652890793,0.922482944091741,0.7200177553531096,0.3768949071612437,0.38826079347719933,0.0,0.042999514621841844,0.5835723364227088,0.18893784381672543,0.15413045317039464,0.36983850822244807,0.0,0.4457563299602161,0.04226941745963564,0.36143808672876243,0.0
YCoC_131,6,0.9152004178252561,0.4753165154950869,0.7708945388055843,0.1680989277687827,0.06100653342563305,0.1203288000465082,-5.662137425588298e-15,Co,0.3206874315449196,0.995193984699106,0.6532261971915008,0.1680989277687827,0.15813428828963433,0.16142140502299773,0.7324256996770067,0.3683680137754188,0.1286573791721464,0.2317062472924945,0.15488460704321486,0.14687181222767132,0.16584566349146387,0.2086185811695257,0.14884060373213676,0.12085771439760173
TmBi2BrO4_123,8,0.9833295201393645,0.3643995991253644,0.8954166641105411,0.10303005203381313,0.0015532838556461396,0.006146311371720215,3.708144902248023e-14,Tm,1.8245034053464537,0.9107377817809994,0.5366036758036801,0.10303005203381313,0.5954689235832821,0.0019259172074375108,0.8636373436995713,0.3634025620064403,0.01674355442960953,0.0563231149487791,0.592280848556615,0.001005247731479364,0.6028733006051189,0.0,0.5940122407555635,0.0
Fe3Pt_221,4,0.9790079481734153,0.6374020590379009,0.8476887504164885,0.14715205111051574,0.005159198472995871,0.024113542945418488,-1.474376176702208e-13,Fe,2.722229499415752,1.0,0.5612969760027162,0.14715205111051574,1.0346266482684146,0.0,0.9350819197931509,0.3706617035646311,0.057426055407485764,0.15443732601964058,1.026051633841479,0.0,1.039713576614773,0.0,0.9683644211200901,0.0
Y(FeB)2_139,5,0.9510089260309966,0.5498844068877551,0.8170227904010889,0.1753995676099598,0.007577641988951278,0.10508142337148034,6.661338147750939e-16,Fe,0.8395696639790128,0.9180350122490586,0.5842350525821371,0.1753995676099598,0.4422002462415839,0.20097947067336708,0.8092917688092904,0.39320533457923995,0.07889397544918961,0.19600453914793226,0.42726920583728845,0.16875182744588657,0.4314883068034941,0.1784553142750669,0.3863213161225798,0.06441181127341156
EuHfO3_221,5,0.9826368937461321,0.41718055555555555,0.8301754670969846,0.1618906064996493,0.007933926403366149,0.00641586042849,7.105427357601002e-15,Eu,6.926827331171046,0.9933361690112386,0.5885433372495578,0.1618906064996493,2.763430240235079,0.0,0.7118829730022482,0.4057185784857807,0.059974356295116237,0.02722538855035164,2.753193791347572,0.0,2.8008451907379333,0.011492859641006326,2.7543863615777004,0.0
Ti2CuSb3_115,6,0.8024535833717242,0.47630208333333335,0.4025219613035424,0.48656746418718194,0.11091057450927576,0.06242484509086584,6.106226635438361e-16,Ti,0.12207059633905275,0.9816937077603471,0.9522380577228498,0.48656746418718194,0.05537666194282804,0.0345704843010638,0.11084387841600879,0.5130013764177256,0.4362062736981726,0.4818052716630373,0.05325565349754907,0.009991104966303399,0.05965082907905652,0.060763697436961195,0.04173745154861323,0.0
NdTl_221,2,0.909405707860625,0.5787399781341108,0.6972933803773962,0.20416727581067712,0.0985393438119266,0.0002849541750160623,-8.08242361927114e-14,Nd,3.862647766033648,0.957161161810735,0.7367044721268678,0.20416727581067712,1.8448852824794773,0.0,0.9137836279935523,0.38160121235466926,0.16570112612982937,0.1536081327416233,1.82484402424028,0.0,1.9482742659130596,0.0,1.797614546959604,0.0
FePt_123,2,0.9780897009796043,0.6542410714285715,0.8290228504035574,0.16429968566332268,0.006677463933119946,0.025195294737743543,-7.016609515630989e-14,Fe,2.9763390679927837,1.0,0.5766134998764775,0.16429968566332268,1.3185041250957383,0.0,0.8464558569716547,0.38187515939030436,0.06697604498586318,0.17211146697815363,1.3072891079017936,0.0,1.3220163395931668,0.0,1.2378015766834523,0.0
NdIn3_221,4,0.9554621483365309,0.6661683384773662,0.7608574034772534,0.18583455645928784,0.05330804006345879,0.008482688611915676,-6.261657858885883e-14,Nd,3.4250224707576695,0.9668739962926997,0.6639452911801749,0.18583455645928784,1.466141020298876,0.0,0.9096635330332047,0.39329425472012675,0.1317252780414425,0.10322755953946817,1.4582269424607515,0.0,1.5112410314987628,0.0,1.4396327476965558,0.0
ErNbO4_15,12,0.9911003257123416,0.36512858072916665,0.9280898155404419,0.071053669985273,0.0008565144742850932,0.0034846170955766154,6.217248937900877e-15,Er,2.9006861914141164,0.9666518816393572,0.5083180725093712,0.071053669985273,1.073180166543826,0.00019907683693753953,0.8258941168195356,0.30724714493110117,0.014734795407774687,0.023886477961289208,1.0681813855495212,0.0,1.0795744706753478,0.0,1.069688704677818,0.0
GdAlPd_189,9,0.979461378160928,0.4749099794238683,0.8248597933493017,0.15855454127755159,0.01658566537314664,0.002729633697990451,1.0658141036401503e-13,Gd,7.112074627310442,0.9985978711714601,0.5958554303029182,0.15855454127755159,3.3387489279277425,0.0,0.8850844565959473,0.4108364611872191,0.05780758570397393,0.037416959901081216,3.3278341910755587,0.0,3.3799306160967326,0.002326501152441929,3.314406912261451,0.0
FeNi_123,4,0.9752119937663755,0.6754509839650146,0.8611729176616083,0.13690873693799602,0.001918345400395731,0.03965718131316815,-6.394884621840902e-14,Fe,2.653013268493491,1.0,0.5491656746486038,0.13690873693799602,1.0244690626524136,0.0,0.7402294814010623,0.3380524841303418,0.06271741590446077,0.14765989744660862,1.0052290706907314,0.0,1.0175786396613553,0.0,0.9121097332325875,0.0
KTmO2_166,4,0.9767897147081114,0.5099184204931972,0.8913450067224107,0.10563320629244391,0.0030217869851453163,0.007479879347535859,-1.509903313490213e-14,Tm,1.8010659852980444,0.9005326475459267,0.540308384743741,0.10563320629244391,0.7521228654189582,0.0,0.9236456044907062,0.3615357647176503,0.021382352168324053,0.06151134217712504,0.7449956252193594,0.0,0.7753610210064878,0.0,0.7502483315226953,0.0
Ti2MnRu_225,4,0.9682571387988806,0.7941551208496094,0.6829779456539476,0.3037189320637563,0.013303122282296206,0.332159265282491,6.106226635438361e-15,Mn,0.8019695625724469,1.0,0.6869600212377439,0.3037189320637563,0.41764550426795954,0.6546785762042886,0.8573421524681676,0.48985792333101447,0.17485312884370924,0.2484711052995595,0.40805925852460057,0.6443943667506971,0.4169103067881326,0.6567042690026779,0.346788865058736,0.5654908525518119
YMnSi_129,6,0.9210571279122292,0.459130658436214,0.723139717047788,0.24990169861915568,0.026958584333056153,0.9401780251767659,-4.440892098500626e-14,Mn,2.1394758773435605,0.9579558361382734,0.6631417515226075,0.24990169861915568,1.0220637983878436,0.08408832772345332,0.5979492503057533,0.43934063844348176,0.1492285781058641,0.2459183866961746,1.0009538844327217,0.06006201228964658,1.0122943325198914,0.07061571928898791,0.9049854847247971,0.0
FeNiPt2_123,4,0.9760608978121832,0.6770909256559767,0.8262249731649303,0.16934829640345964,0.004426730431610115,0.026314882012083464,1.3855583347321954e-13,Fe,3.196646913912097,1.0,0.5771283622956654,0.16934829640345964,1.1733182279987113,0.0,0.6899542589542409,0.38671194670611436,0.07017408189532419,0.17964749617880607,1.163281915166133,0.0,1.1743619538988503,0.0,1.0945142867322566,0.0
UTeAs_139,6,0.8872848790562501,0.3453607871720117,0.5777991441706042,0.33272132403520616,0.0894795317941898,0.06553353960482018,-2.2115642650533118e-13,U,2.3699806082546786,0.9714176136107557,0.8085552253888729,0.33272132403520616,1.1336640811316088,0.057164772778488526,0.8388286354644794,0.4760773121946262,0.25618932316399556,0.20864353588855059,1.1089168553400577,0.02930835856905456,1.1970615528611526,0.12171413959405464,1.0887966960609565,0.005781682543541167
