id,descriptor,full,x0.8,rel_change_x0.8
PmCdPt2_225,m1_spin,0.617978147265255,0.617963334097175,2.397037523997434e-05
PmCdPt2_225,sigma_r2_spin,0.0914800916640288,0.0914181075314069,0.0006775696383161
PmCdPt2_225,f_bond_spin,0.1821555802774305,0.1824537159087839,0.0016367087458935
PmCdPt2_225,mu_site_std,1.8759828678852424,1.878794805880204,0.001498914538666
PmCdPt2_225,spin_frustration,0.0461907646003363,0.0486845966094456,0.0539898404082965
PmCdPt2_225,spin_charge_correlation,0.5893140701454526,0.5893135615478916,8.630331205732232e-07
Fe3C_62,m1_spin,0.5439954945610811,0.5439998385609348,7.985359983950803e-06
Fe3C_62,sigma_r2_spin,0.0569508171636174,0.0569474800298611,5.859676686795425e-05
Fe3C_62,f_bond_spin,0.1277765935006467,0.1282522733321591,0.0037227462282435
Fe3C_62,mu_site_std,0.9040071452265832,0.9040023214680803,5.335973867385444e-06
Fe3C_62,spin_frustration,0.0549008862517718,0.0548990860273707,3.27904433609568e-05
Fe3C_62,spin_charge_correlation,0.9806355554322664,0.9806354409029436,1.1679091420958498e-07
Eu(AlGe)2_164,m1_spin,0.6196075697588378,0.6196002403243487,1.1829155818681273e-05
Eu(AlGe)2_164,sigma_r2_spin,0.1009750102717092,0.1009838488499073,8.753233274522734e-05
Eu(AlGe)2_164,f_bond_spin,0.1682084542330821,0.1649539913465429,0.0193477961698022
Eu(AlGe)2_164,mu_site_std,2.7616419691404013,2.7613415150851424,0.0001087954407617
Eu(AlGe)2_164,spin_frustration,0.0031227054384143,0.0029599583640854,0.0521173314417646
Eu(AlGe)2_164,spin_charge_correlation,0.9709631121620154,0.970963113838198,1.7263094005946782e-09
PrNdZn2_225,m1_spin,0.7389405258492144,0.7389785309713209,5.143190930396256e-05
PrNdZn2_225,sigma_r2_spin,0.182110101393659,0.1822082469057367,0.000538935025167
PrNdZn2_225,f_bond_spin,0.2212589017122963,0.2283988474476774,0.032269642848834
PrNdZn2_225,mu_site_std,1.513778300739803,1.5132802092283806,0.0003290386123112
PrNdZn2_225,spin_charge_correlation,0.3788793165919551,0.3788793168644591,7.192369902924014e-10
EuAg5_191,m1_spin,0.620358944302547,0.6203379015406578,3.3920300629899576e-05
EuAg5_191,sigma_r2_spin,0.102073942970317,0.1020501109427126,0.0002334780739424
EuAg5_191,f_bond_spin,0.1612657090562651,0.1644719471817594,0.0198817104036397
EuAg5_191,mu_site_std,2.585510219263178,2.585889274343479,0.0001466074577763
EuAg5_191,spin_charge_correlation,0.5572636769257393,0.5572635316993719,2.606061966525617e-07
Cs2CrCl4_139,m1_spin,0.7092812913599098,0.7092766625877576,6.526003446901557e-06
Cs2CrCl4_139,sigma_r2_spin,0.1156548387353513,0.1156651195403822,8.88921306136196e-05
Cs2CrCl4_139,f_bond_spin,0.3043648216160423,0.3032566902351259,0.0036407997975348
Cs2CrCl4_139,mu_site_std,1.3407150242802064,1.3412923259306442,0.0004305923630174
Cs2CrCl4_139,spin_charge_correlation,0.3713952394274815,0.3713953353892467,2.583817859491384e-07
TiCo2Sn_225,m1_spin,0.5870672200997523,0.5870356078627971,5.384772965159929e-05
TiCo2Sn_225,sigma_r2_spin,0.080654546106724,0.0805734648207819,0.0010052909582398
TiCo2Sn_225,f_bond_spin,0.1626066125236182,0.1622989648155377,0.0018919753834475
TiCo2Sn_225,mu_site_std,0.5463353565352975,0.5463684070984669,6.0495010571851225e-05
TiCo2Sn_225,spin_frustration,0.0836468169223865,0.0836455996859433,1.4552095201968003e-05
TiCo2Sn_225,spin_charge_correlation,0.9795121690239286,0.9795119480251784,2.256212400190043e-07
Tm2AgRu_225,m1_spin,0.5715916762021672,0.5715461077125553,7.972210147403408e-05
Tm2AgRu_225,sigma_r2_spin,0.0697961742279627,0.0697546171412775,0.000595406369259
Tm2AgRu_225,f_bond_spin,0.1258238790970643,0.124118565765024,0.0135531772210328
Tm2AgRu_225,mu_site_std,0.7182446178390326,0.7197997266798514,0.0021651520974812
Tm2AgRu_225,spin_frustration,0.0299899237343966,0.0313118252548146,0.0440781887985215
Tm2AgRu_225,spin_charge_correlation,0.9611749324845092,0.9611751263024249,2.0164686890533537e-07
ZrZn2_227,m1_spin,1.137497369393635,1.1375850357620674,7.706951311818349e-05
ZrZn2_227,sigma_r2_spin,0.1560549740360768,0.1561729711545147,0.000756125328057
ZrZn2_227,f_bond_spin,0.568971412112997,0.5725372922521289,0.006267239554074
ZrZn2_227,mu_site_std,0.330541019406637,0.3304760035123283,0.0001966953887459
ZrZn2_227,spin_charge_correlation,0.140758807083241,0.1407802485591524,0.0001523277751184
ThNi5_191,m1_spin,0.5729154391368382,0.5728865107915477,5.049321996633629e-05
ThNi5_191,sigma_r2_spin,0.1029321529932853,0.1028956485151397,0.0003546460176346
ThNi5_191,f_bond_spin,0.1336420202641829,0.134099692627208,0.0034246142202907
ThNi5_191,mu_site_std,0.1035599608633193,0.1037873175129609,0.0021954107335136
ThNi5_191,spin_frustration,0.1074082702475024,0.108426515463187,0.0094801379199036
ThNi5_191,spin_charge_correlation,0.954846086249566,0.9548462556956412,1.774590457271285e-07
Tl2WCl6_225,m1_spin,0.951630237695777,0.9515136960398748,0.0001224652719994
Tl2WCl6_225,sigma_r2_spin,0.1360099549906112,0.1358857772751109,0.00091300460697
Tl2WCl6_225,f_bond_spin,0.553144646009809,0.551088221427061,0.0037176977081532
Tl2WCl6_225,mu_site_std,0.4858187732615379,0.4769369864781524,0.0182820987417957
Tl2WCl6_225,spin_charge_correlation,0.1890361532109446,0.1890298160756597,3.35234037363753e-05
