id,label,site,element,mu
Fe_229,bcc Fe,0,Fe,2.206821128569708
Fe_229,bcc Fe,1,Fe,2.2068211285695027
Ni_225,fcc Ni,0,Ni,0.6389754270740724
Ni_225,fcc Ni,1,Ni,0.6389754270740723
Ni_225,fcc Ni,2,Ni,0.6389754270740551
Ni_225,fcc Ni,3,Ni,0.6389754270740561
FeNi3_221,FeNi3 (L1_2),0,Fe,2.893829701882762
FeNi3_221,FeNi3 (L1_2),1,Ni,0.599812957715111
FeNi3_221,FeNi3 (L1_2),2,Ni,0.5993051099490372
FeNi3_221,FeNi3 (L1_2),3,Ni,0.5987666245406454
Fe3Si_225,Fe3Si (D0_3),0,Fe,1.3282703688554849
Fe3Si_225,Fe3Si (D0_3),1,Fe,1.3282703688554856
Fe3Si_225,Fe3Si (D0_3),2,Fe,2.566417730884833
Fe3Si_225,Fe3Si (D0_3),3,Fe,1.3282703688554856
Fe3Si_225,Fe3Si (D0_3),4,Fe,1.3282703688554862
Fe3Si_225,Fe3Si (D0_3),5,Fe,2.5664177308848326
Fe3Si_225,Fe3Si (D0_3),6,Fe,1.328270368855485
Fe3Si_225,Fe3Si (D0_3),7,Fe,1.328270368855484
Fe3Si_225,Fe3Si (D0_3),8,Fe,2.5664177308848597
Fe3Si_225,Fe3Si (D0_3),9,Fe,1.3282703688554847
Fe3Si_225,Fe3Si (D0_3),10,Fe,1.3282703688554847
Fe3Si_225,Fe3Si (D0_3),11,Fe,2.566417730884868
Fe3Si_225,Fe3Si (D0_3),12,Si,-0.12564242438822965
Fe3Si_225,Fe3Si (D0_3),13,Si,-0.1256424243882312
Fe3Si_225,Fe3Si (D0_3),14,Si,-0.12564242438822984
Fe3Si_225,Fe3Si (D0_3),15,Si,-0.125642424388231
NiO_225,NiO (FM cell),0,Ni,1.360321360711164
NiO_225,NiO (FM cell),1,Ni,1.3603213607111861
NiO_225,NiO (FM cell),2,Ni,1.3603213607110967
NiO_225,NiO (FM cell),3,Ni,1.3603213607110916
NiO_225,NiO (FM cell),4,O,0.2785544115690523
NiO_225,NiO (FM cell),5,O,0.27855441156905225
NiO_225,NiO (FM cell),6,O,0.2785544115690539
NiO_225,NiO (FM cell),7,O,0.2785544115690543
ErFe2_227,"ErFe2 (Laves, ferrimagnet)",0,Er,-3.0088541155511828
ErFe2_227,"ErFe2 (Laves, ferrimagnet)",1,Er,-3.003797801543484
ErFe2_227,"ErFe2 (Laves, ferrimagnet)",2,Fe,1.8599504193821503
ErFe2_227,"ErFe2 (Laves, ferrimagnet)",3,Fe,1.8599966184391594
ErFe2_227,"ErFe2 (Laves, ferrimagnet)",4,Fe,1.8599966210638128
ErFe2_227,"ErFe2 (Laves, ferrimagnet)",5,Fe,1.8599366647948177
UN_225,UN (5f),0,U,1.2219734467474372
UN_225,UN (5f),1,N,0.034984388295626175
NdHoIn2_225,NdHoIn2 (compensated 4f),0,Nd,-3.6021060223692682
NdHoIn2_225,NdHoIn2 (compensated 4f),1,Ho,3.477198356208664
NdHoIn2_225,NdHoIn2 (compensated 4f),2,In,-0.07326574386490682
NdHoIn2_225,NdHoIn2 (compensated 4f),3,In,-0.0762425651156774
