filename,nmape
Ac2CuIr_225,0.481326853747882
Ac2MgSn_225,1.2499532182286623
Ac2O3_164,0.5673508692694429
AcMg_221,1.0838614387981818
AgO_131,0.4822285978098366
Ag_194,0.20201186589296496
Al(CrB)2_65,0.9096998543980838
Al12Mo_204,0.5777499014344808
Al2HgS4_82,0.3784195677570604
Al3Os2_139,0.8815892961157004
Al3Pd2_164,0.4320473956432113
Al4Cu9_215,0.25033621820683205
AlAgO2_194,0.4480258943775164
AlAgS2_122,0.38783460360705174
AlCuCl4_112,0.48575883483362264
AlFe3C_221,0.6909800945414171
AlFeCo2_225,0.29057253179973963
AlNi3_221,0.2698446268658822
AlOs_221,0.5894764832387899
AlVRu2_225,0.4499556616594409
AsI3_148,0.9018470051214226
AsPdS_198,0.6501416714984837
As_166,0.64405115939315
BIrPd_43,0.6617365103410081
B_166,1.2330089148112557
Ba(AsRu)2_139,0.5345763206771457
Ba(ZnP)2_139,0.3692308604728742
Ba2Hg_139,1.2189328416419387
Ba2Si5N8_31,0.4944286934356848
Ba2YNbO6_225,0.25820985360250226
Ba3(PO4)2_166,0.27522362126201805
Ba3BiN_194,1.0110711718423682
Ba3N_193,2.4234479462457865
Ba4As2O_139,0.583966805045155
BaAlSi_187,0.5982687707464642
BaBr2_62,0.5278831332375458
BaCd2_74,0.4682144676056648
BaClF_129,0.23720499279835197
BaGa4_139,0.6160987563180981
BaHg2_191,0.5764317504118404
BaIrF6_148,0.4489700518041734
BaNiSn3_107,0.5503996568646299
BaRh2_227,0.9072536469410487
BaSi2_62,1.0126727067686476
BaSnO3_221,0.19088457135390038
BaTiF6_166,0.3386200063975741
BaUO4_57,0.5378620313918359
BaY2F8_12,0.2923054335621008
Be12Pt_139,0.70650259788887
Be12W_139,0.7209001271139537
Be2CuIr_225,0.389079484347456
Be3Nb_166,0.8822567014540579
BeAlB_216,0.9360433212744187
BeCo_221,0.28707760702296004
BeGeP2_122,0.532421418209977
BeO_186,0.4880074779910964
BeSe_216,0.6852053458511901
BeSiAs2_122,0.6636747345881983
BeSiOs2_225,0.47078619943090577
Bi2O3_14,0.5992020565195186
Bi2PdO4_130,0.6134591440899478
Bi2Ru2O7_227,0.8626456558977305
BiF5_87,0.4006949347788693
BiI3_148,0.8625355685677768
BiO2_15,0.6522254108205586
C_166,0.5959253671507401
Ca(BC)2_140,1.0237625102680807
Ca(CoGe)2_139,0.30279249830122823
Ca2ZnN2_139,0.39859574759892696
Ca3Al3N5_2,0.5595747510946822
Ca3AlN3_14,0.4999429697706724
Ca3AsN_62,0.46815982587398164
Ca3BN3_123,0.7274022659477605
Ca4P2O_139,0.5566698037480327
Ca5Al2(SiN4)2_60,0.576858104063364
CaNdCd2_225,0.990678232563129
CaNdZn2_225,1.0539066277943283
CaO_225,0.2675235536867736
CaP_189,0.689909357275508
CaPd3O4_223,0.397286249497192
CaPdF6_148,0.3459321665233763
CaPd_221,0.3709367089721885
CaPmHg2_225,0.8919588697837161
CaSO4_63,0.3451712247284107
CaSi2_164,0.6200893008973626
CaSi_63,0.572495374092555
CaSmHg2_225,0.4604822979997178
CaSn2Ir_63,0.846410035044453
CaSn2Pd_63,0.57295848500625
CaTiF6_225,0.45459320121065744
Cd(AgI2)2_121,0.48167164252352224
Cd(GaTe2)2_82,0.39979135381907704
Cd(InS2)2_227,0.42916231352684914
Cd2GeO4_62,0.34558852400632795
CdCu2GeSe4_121,0.40091776289504083
CdCuF4_140,0.4138747943938032
CdGeP2_122,0.5271485501451644
CdI2_156,0.33967983539537355
CdO_225,0.26913528066775905
CdSiP2_122,0.498169718183983
Ce2MgGe2_127,1.2394217555183522
Ce2Mo2C3_12,1.5031562492741817
CeAl4Ni_63,0.7944330969464046
CeAlNi_189,0.7022364373025859
CeAs_225,0.8882530012119952
CeB6_221,0.3948474976530385
CeCoC2_9,0.938295660767428
CeMgPt_189,0.7511300990586444
CeSi_62,1.082988705548309
CeSn3_221,0.8244117695374729
Co2P_62,0.5077030310123506
Cr5O12_60,0.8712003828535961
Cs2CaH4_139,1.0215215695037547
Cs2NaAlH6_225,0.7729194458131532
Cs2SnBr6_225,0.35674187733476165
Cs2TlInBr6_225,0.6274016630774135
CsCSN_62,0.8349061140275578
CsCdBr3_194,0.4728994062448001
CsTi6O12_87,0.48391464040333126
CsTiCl3_194,0.8762222127039384
Cu2GeSe3_44,0.3665398876893218
Cu3Pd_221,0.20609893236523671
CuTe_59,0.4779916728667137
DyAsO4_141,0.56686291598092
DyGeAu_186,0.8163317753971068
DyGe_63,1.0600653322322497
DyIr2_227,0.5462807376864334
DyNi5_191,0.5631554674606521
DyP_225,0.9287090889830257
Er(SiPd)2_139,0.7424753900277218
Er2Pt_62,0.9113213527147634
ErCdPd2_225,0.6891827059749741
ErPt3_221,0.7627417264209202
ErTlTe2_166,1.2311302045798858
Eu(AlGe)2_164,0.42037740884082603
Eu(SiPd)2_139,0.21665964202761132
Fe13Co3_123,0.46355205788069676
Fe15Co_221,0.5079394942167738
Fe2Si_164,0.9865110016303078
Fe3Ge_221,0.5362298232412079
Fe3Mo3N_227,0.9736911488784518
Fe3Pt_221,0.6638449003156269
Fe7W6_166,0.7770198674202203
FeAs2_58,0.9709354889692817
FeP2_58,1.0891985483799342
FeP4_15,1.0528748665149514
FePt3_221,0.4140004516634428
FeS2_58,1.0402189595198146
Ga2Au_225,0.5654016833690726
Ga2HgTe4_82,0.4445597292432474
GaCl2_52,0.7007868238901949
GaCuPt2_123,0.3551197523522495
GaN_225,0.7067812821396063
GaP_186,0.5224181852927053
GaRh_221,0.4281730536835296
GdAlPd_189,0.5148050849716438
GdS_225,0.4428374080661709
GeO2_136,0.42277101892676655
GePdS3_12,0.8219769498998913
Ge_227,0.523153367929131
H2O_36,0.8460661115268954
Hf(CoSi)2_139,0.5300031366235233
Hf2CoTc_225,0.4133306110522209
Hf2In5_127,1.893127740200779
Hf3Sb_82,1.8038758486470272
Hf4Al3_191,1.1425985532929035
HfAlCu2_225,0.28334930597842894
HfBRh3_221,0.7365142979076039
HfC_225,0.5227263537037367
HfGaCo2_225,0.2512822984711057
HfOs2_194,0.8831008219993228
HfPaTc2_225,0.4384241891721643
HfSe2_164,0.4037110181557855
HgPPd5_123,0.25459309475631897
Ho(CoB)2_139,0.6033040200248093
Ho(CoSi)2_139,0.5693156270303552
Ho(SiOs)2_139,0.7910684173458501
Ho2MgAl_225,0.9802671537730462
Ho2TlAg_225,0.8313130463579461
Ho2TlCd_225,0.5319995030457664
HoCd2_191,0.7223352085514227
HoCdCu4_216,0.20775407229415352
HoGa2Pd_63,0.8893782388086552
HoGa2_191,1.0327630525913385
HoP_225,0.8561300156558899
HoTaRu2_225,0.9530110737275057
HoZnRh2_225,0.4397120244779627
I_64,1.0589187600849157
InAgTe2_122,0.4701070852043513
InBr3_12,0.5405604257840136
InCl3_194,0.6883706648818707
InCuSe2_122,0.30165201719113965
InSe_194,0.880763868861827
In_225,0.7043399778041289
Ir3Ru_139,0.3815656889820628
K2CN2_12,0.4171495858267915
K2Cu(ClF)2_64,0.5653524904026425
K2Cu(PO3)4_9,0.40587697635765935
K2MnCl6_225,0.5624268394859794
K2UO4_139,0.4429803189889542
K3AuO_221,0.7658225106564355
K3BN2_14,0.6164455249239025
K3PO4_62,0.3275569373491037
K4ZnP2_166,0.6850107836602941
KAgF4_140,0.4026649732182325
KCd13_226,0.4119562967010811
KClO4_62,0.4601128665811994
KGe2N3_36,0.5685928739553476
KHgAs_194,0.4851312228848448
KIO4_88,0.4906839537250284
KMgSb_129,0.4764284073561371
KRuF6_166,0.33868361960125887
KSb(PS3)2_4,0.8193354318348273
KUO3_221,1.0423330956511847
LaB2Rh2C_139,0.6423638723042491
LaC2_139,0.5820073822283724
LaCd_221,0.2946700585524047
LaCoGe3_107,0.6008320942219426
LaF3_165,0.3359646086303324
LaGa3Pd2_191,0.4115381313625187
LaGa6_125,0.7897936149975499
LaSi_63,0.9262598817064994
LaZn_221,0.3426788086186837
Li2AgAu_225,0.3349403911821731
Li2AgSn_216,0.48203257244094366
Li2CaSi_225,0.3865302162356679
Li2CeN2_164,0.6245508041503953
Li2InPd_216,0.49795069633879735
Li2LaIn_225,0.6458605501012629
Li2NdIn_225,2.7089506087795616
Li2TiF6_136,0.5337987125369916
Li3Al2_166,0.9378096312196734
Li3LaP2_164,0.641115648524863
Li5Tl2_166,1.6707881013701735
Li8SiO6_185,0.623392061007315
LiAg2Sn_225,0.31061579225347363
LiAg3_139,0.2616890222038356
LiAg_221,0.3815762744065427
LiAl2Pt_225,0.7149078528319569
LiAl2Rh_225,0.38542797093557013
LiAlAg2_225,0.33796671748978624
LiAl_227,1.1211965079082489
LiBC_194,0.7685943963845686
LiB_194,2.615998339132526
LiBr_186,0.6754633224652496
LiCa2Al_225,0.6756102430999398
LiCaPb_187,0.8881739700334368
LiCdPd2_225,0.3243687353218479
LiCo2Si_225,0.3091392354086681
LiCuO_139,0.4818873796854141
LiErTl2_225,0.6961333196370848
LiFeP_129,0.63914449095774
LiFeRh2_225,0.43516238097865534
LiGa2Pt_225,0.5455426597828342
LiGaAu2_225,0.2550402262460041
LiHfIr2_225,0.41405548501190753
LiHoSe2_166,0.6768283561594207
LiInAu2_225,0.2847937800316579
LiIr3_44,1.0503795768018231
LiMgAu2_225,0.2986277229058894
LiMnPt2_225,0.3174494846218247
LiN3_12,0.7907937505474062
LiNbO2_194,0.7712782617513382
LiPm2Si_225,1.8910592854666595
LiSbPd2_225,0.2632411377298108
LiSc2Ir_225,0.41581007327515346
LiSi_88,1.3872459124562713
LiSn2N3_36,0.8387662876496893
LiTaIr2_225,0.4794613446333032
LiTi2N3_63,0.8822177884210205
LiTl2InCl6_225,0.5452097800477465
LiTlPd2_139,0.4643998956579561
LiVRh2_225,0.4873474351208853
Li_229,1.0281225450724971
Lu(CoGe)2_139,0.3361586580686823
Lu(CuSi)2_139,0.3000514197936773
Lu(SiRu)2_139,0.3537870056352402
Lu2Fe14B_136,1.0310779141759938
Lu3AlN_221,0.4481203124723287
LuAlB4_55,0.6796713272164632
LuNi2_227,0.3072234983744382
LuTlTe2_166,0.5100378045255152
LuZnPd2_225,0.2894308188657914
LuZn_221,0.28201224050700746
Mg2AgAu_225,0.2965906084360674
Mg2As2O7_12,0.5055528859494413
Mg2Cu_70,0.5767857787379652
Mg2VN3_36,0.5806157211948433
Mg3B7ClO13_29,0.5447995946950471
Mg3Hg_155,0.7278757364064852
Mg3Rh_185,0.6834907739617906
Mg3Tl_194,1.2501208415412812
MgAl2O4_227,0.2928023809109646
MgB4_62,1.4042745399858299
MgInAg2_225,0.4742423689167154
MgInRh2_225,0.24127744255995823
MgMnGe_129,1.0166211695113598
MgPSe3_148,0.8241291616241727
MgPd5_155,0.46550369030468036
MgScPd2_225,0.24724986202984156
MgSiN2_33,0.3936446764195735
MgSnAu_216,0.43616343178912537
MgTaRu2_225,0.3952655427375141
MgTi2O5_63,0.5207213005185691
MgZrPd2_225,0.2973587566199537
Mn(CrSe2)2_12,0.5720518817340047
Mn2Nb_194,0.48473245159346684
Mn2P_189,0.8624554344673414
Mn2Sb_129,2.099473806768982
Mn3PtN_221,2.2281825687118277
MnAlPt_194,0.5668012327923367
MnCuPd2_225,0.4228615713594893
MnGaCo2_225,0.43826481494874425
MnGeRu2_225,0.4427320294266747
MnSbIr_216,0.5096399829908653
MnSbRh2_123,0.6113545813972051
MnSiRu2_225,0.5350156768455153
MnSnRh2_225,0.48046688899851026
Na(BH)6_14,0.8803902191824655
Na2H4Pd_139,0.8865950103598413
Na2H6Pt_225,1.0887438457881868
Na3AlP2_72,0.8862119132914984
Na3BN2_14,0.9666184276745575
Na4I2O_139,0.9871496235422611
Na6ZnS4_186,0.5063655609401536
NaAlGe_129,1.033953496040756
NaBeAs_194,1.8060288261013624
NaBrO3_198,0.5542868497764734
NaLi2Sb_225,0.8715933134312894
NaNiN_62,0.9287620244734731
NaSbS2_15,0.7593317703006146
NaSi2N3_36,0.40213361696869004
NaSmO2_141,0.49433633918658637
NaSnSb_186,1.288192153300613
NaTiS2_166,0.5459312121887674
NaTl2GaF6_225,0.423784319270304
NaTmS2_166,0.45060928677879897
NaZnN_186,0.6398017677854729
Nb2PC_194,0.48474630253415696
Nb2SnC_194,0.4504087305400519
Nb3Au2_139,0.5717273692002075
Nb3B2_127,0.5378116672571694
Nb3Ru_225,0.2395030212585677
Nb6C5_12,0.5954388162473516
NbBO4_141,0.570842457489115
NbCrSi_189,0.787046200129131
NbSe2_194,0.9621577297713223
NbTl3Se4_217,1.0306634681864821
NbZn3_221,0.276580185036806
Nb_229,0.24017843396536395
Nd2TeO2_139,1.5822715327223662
NdAl2_227,0.648614433044929
NdAs_225,2.3905148753284067
NdMgZn2_225,0.9735311692771136
NdNiC2_38,1.3928552950265023
NdPO4_14,1.2458542974006523
Ni3Sn4_12,0.5792160398104407
NiSe2_205,0.49911511933324987
Ni_225,0.3899656727918762
NpSe_225,1.3403190347311067
OsO2_136,0.7854424972338058
OsRu_187,0.4491756544270645
PaAgO3_221,0.9224362883414667
PaAs_225,1.1977345985518613
PaO3_139,1.4815490528416009
PdO_131,0.38776957227860154
Pm2NiIr_225,1.030325943490231
Pm2TlCd_225,1.4916136363078176
Pm2ZnGa_225,1.3587557594001247
PmAl3_194,1.5607859742375307
PmB3_194,1.5518631966228558
PmI3_194,1.4526288060631363
Pr(MnGe)2_139,1.9624264937629132
Pr(SiNi)2_139,0.9263526504632327
Pr2CBr_194,1.7973433680282105
Pr2TlAg_225,1.3928538764487768
PrAl3_194,1.5342306666469097
PrGa2_191,1.9185122637293446
PrNi5_191,0.5150904763218799
PrPb3_221,1.8794184290974953
PrSi2Ni_63,1.0931991195376165
PrZn_221,0.6868180275822579
Rb2NaErF6_225,0.5308763498887529
Rb2Pt3S4_69,0.5726050258025204
Rb2PtSe2_71,0.5269587831025762
Rb3H(SeO4)2_9,0.45309810523305866
RbGdO2_166,0.3328766045112458
RbGeI3_221,0.6958565122834314
RbLuO2_166,0.33837495531405365
RbMgF3_221,0.20786241627146024
Ru3W_194,0.3821061971966947
RuS2_205,0.485659124903538
Ru_194,0.21340032666138067
SbIrS_198,0.6603686320896619
SbPbClO2_63,0.5660423649311022
SbRu_62,0.6731024409460736
Sc(MnSn)6_191,0.7572169075371263
Sc2AlAg_225,0.5888435556658747
Sc2Co3Si_194,0.6393985173074673
Sc2NiOs_225,0.45974084934866505
Sc2Pt_62,0.8778384414075955
Sc2Sb_129,1.374184542516753
Sc2Si2O7_12,0.46028996378911735
Sc3Al_194,1.5458558687320263
Sc5Ge3_193,1.152772409731947
Sc6NiTe2_189,1.59114476801719
Sc6Si7Ni16_225,0.4806441745754735
ScAlAu2_225,0.2989744086947748
ScAlCo2_225,0.4941567493615551
ScAu_221,0.48190441378944987
ScBRh3_221,0.42021862009634664
ScCu2_139,0.3137432970938722
ScGa2Ni_63,0.5732715346773442
ScGa5Ni_123,0.6510326809089891
ScH2_225,1.605892960915139
ScInIr2_225,0.32859409340230017
ScIr3_221,0.4523207530541885
ScP_225,0.8653870791310452
ScPd_221,0.432102418535504
ScSiCu_189,0.548454579333503
ScTc2W_225,0.6467173046153664
ScZnRh2_225,0.3840110903992032
Si2Os_64,1.0461746561439489
Si2Pd9_62,0.42293663216927446
Si3Pt2_194,0.7339616199111884
Si4P4Ru_1,1.0791059524561102
SiB3_74,1.349493537399956
SiC_216,0.41303304815301306
SiRh_198,0.6402922754474601
SiSnPt5_123,0.3466825005025233
Sm(PRu)2_139,0.643309770522325
Sm(SiIr)2_139,0.6287955138626644
Sm2GeRh3_166,0.7321567502926486
Sm2Ti2S2O5_139,0.7427836655412505
Sm2TlCd_225,0.7088986510149122
SmBrO_129,0.593191912519936
SmC2_139,0.8447451652087733
SmCd3_194,0.41077886177223955
SmMgHg2_225,0.44585215710778353
SmRh2_227,0.38433868666490195
SmSi2Ni_63,0.60600150679241
Sn2Ir_225,0.46175081577037524
SnPt3_221,0.35838300075659907
SnS2_164,0.520983399879373
SnS_62,0.7748286528435422
SnSb_225,0.6248543604595296
Sr(AlSi)2_164,0.4482913141031799
Sr(CdSb)2_164,0.3725071956898294
Sr(CoP)2_139,0.38975659496896076
Sr(Li2P)2_166,0.8276493314755065
Sr2CdIn_225,0.49006321684228005
Sr2IrO4_142,0.5681293892010654
Sr2TbIrO6_14,0.6952443312964712
Sr2TlCd_225,0.5775653301985875
Sr3(AlGe)2_71,0.5879801309679135
Sr3GaN3_176,0.7122357770929651
Sr3PN_221,0.5455738444102757
Sr3SbN_221,0.571943310090463
Sr3TaGa3(SiO7)2_150,0.41120395083898237
SrAcHg2_225,0.6533600780170192
SrAlSi_187,0.5537864499396894
SrCuAs_194,0.2656776414776918
SrHI_129,0.7293275570477005
SrHfO3_62,0.360211198000985
SrHgPb_186,0.618536873917403
SrI2_62,0.6231577466357597
SrPIr_198,0.7284754408872023
SrPt5_191,0.3069609109443286
SrRuO3_62,0.5729503288033992
SrSn_63,0.6395243629786846
SrZn_62,0.5653019990893399
Sr_194,2.108467578468054
Ta2FeMo_225,0.8257430155029434
Ta2MoOs_225,0.5759999810529621
Ta2PdS6_12,1.0166507652258898
Ta3O7F_65,0.7599039487851935
TaCoSb_216,0.849940021006061
TaCu3Se4_215,0.4226361779655116
TaCuS3_62,0.8678763650684972
TaGa3_139,0.888330300754522
TaIr3_221,0.4630907779128916
TaV2_227,1.1728163691770208
TaZnCo2_225,0.28152512282506453
TbGa2Co3_191,0.8855579074387462
TbNiGe2_63,0.8315061202763147
TbTiGe_129,2.9365707689270946
TbTl_221,0.9042988532342424
TcOs3_194,0.5076721635493037
Te2W_31,1.519163944925714
Te4Mo3_148,1.3743189525855364
Te4Pt3_166,0.7163956083483818
TeO3_167,0.5542736390118671
Th(GeRh)2_139,0.5487588849488572
Th2S5_60,0.8938285440574878
Th2TeN2_139,0.6554778111257964
ThAg2_191,0.6513290693618748
ThAl3Ni2_191,0.43127652027751434
ThB2Ir3_191,0.5024743171508929
ThBe13_226,0.608511274587894
ThC_225,0.8336047961942566
ThCd2_191,0.450549131092456
ThCoC2_38,0.7677215293339242
ThGe_225,0.8743774311821217
ThN_225,0.7452534535945903
ThPt3_194,0.6728843111631441
ThSi2_191,0.8677601548251279
ThSiAu_187,0.7126619194476067
ThSiO4_141,0.45279748956958954
Ti(CuS)4_121,0.3449293292060706
Ti2AlMo_225,0.6976618425035027
Ti2GeC_194,0.6476436033354895
Ti2NiMo_225,0.4911303777072699
Ti2OsRu_225,0.5321032496867724
Ti2ReRh_225,0.5673866034893138
Ti2S_58,1.4699240714130468
Ti2TcNi_225,0.3646716395778802
Ti5Si3_193,1.1866411406211386
TiBe12_191,1.3935501369329684
TiBeRh2_225,0.5003316560419327
TiCr2_227,0.5756501399364184
TiCu_129,0.38922781936788803
TiGaNi_189,0.6349801221548537
TiH2_139,1.8253642852799183
TiHg_123,0.7607877492826268
TiN_225,0.6955977793317447
TiPRu_189,0.6982090174216826
TiPd3_221,0.4270847033879545
TiPt3_164,0.6230895189299536
TiSbRu_216,0.48573774196778274
TiSiNi_62,0.7199665952610128
Ti_194,1.5366897033966722
Tl(MoSe)3_176,1.1364935893228925
TlClO4_216,0.7149434225001181
TlSbS2_2,0.8430395988287052
Tm2AgRu_225,0.484920741074294
Tm2Cr2C3_12,0.621742541746797
TmAlB4_55,0.7198711688360098
TmCuPb_186,0.5128169192422641
TmGa2_74,0.6706911291169497
TmGaRh2_225,0.6404059671231614
TmPd_221,0.43437134689330703
U(ClO)2_62,0.9696049399543142
UBr3_176,2.4372889484007914
UGeTe_139,1.3371759947489401
UO2_225,0.5579198616446773
USi3_221,1.6761848829986874
V2C_60,1.177739901281663
V2MoOs_225,0.6672313542677893
V3Au_223,0.49053243823957376
V3Ru_225,0.707734465886364
V3Si_223,0.3626729477999036
V3Sn_223,0.7829491729890953
VCo2Si_225,0.5593134027758245
VCoB3_63,0.8939049266438295
VCoSb_216,0.7977749321723024
VGeRu2_225,1.3120304836182857
VN_187,1.0288592058650796
VPt3_221,0.5280303103091
VRh_123,0.4858122556920616
VTc2Ge_225,0.4781177196627944
VZnRu2_225,0.326093169483863
Y(BH4)3_205,1.0378805853189126
Y(SiCu)2_139,0.2663820082750616
Y2Al_62,0.8443237675010651
Y2Cr2C3_12,0.5542325199574167
Y3Al_221,0.8785446590764601
Y4C5_55,0.8815727917836013
Y5Sn3_193,0.6873564647401111
YAu_221,0.5591480119801809
YB4_127,0.6273948884066681
YCo2_227,0.6164191976604687
YCu2_74,0.3438435761417698
YCu5_191,0.23154483127493758
YCuSn_186,0.30573285620399615
YFe5_191,0.495106958651691
YInPt2_194,0.5034523602045237
YMgCu4_216,0.34780985118577135
YRh3C_221,0.6828451485863941
YRh_221,0.4699084615335721
YSnPt_62,0.6799648900607331
Yb(MnSi)2_139,1.2407781447510062
Yb2MgIn_225,5.503143355750404
YbCu2_74,0.33799807528119963
YbPrZn2_225,10.349671376623776
Zn(InTe2)2_82,0.5012230542437794
Zn3N2_206,0.3834414836149823
Zn3Pt_139,0.3445841406673593
Zn4B6O13_217,0.4898318729661148
ZnCu_221,0.20976819170607205
ZnGeN2_33,0.3647808461701942
ZnO_225,0.4147076260270012
ZnPt_123,0.24378790181296817
ZnRh_221,0.2549054177055017
ZnSiRh2_225,0.2855844074216977
Zr(TiGa2)2_139,0.9233494103945727
Zr2Ag_139,0.5162099235508819
Zr2CoTc_225,0.4432084146284417
Zr2CuOs_225,0.48984551385891056
Zr2InCo2_127,0.7449058183103823
Zr2SN2_194,0.6589598123071964
ZrBi_63,1.0381161381194903
ZrIn2_141,0.9167440569327284
ZrOs2_194,0.7547085290037876
ZrTe5_63,1.1743809784361878
ZrZnRh2_225,0.3513097605139626
