filename,scratch,finetuned,mp_as_is
Ac2CuIr_225,0.4637875010967892,0.5050317815184009,14.533370668932468
Ac2MgSn_225,1.5890416256755886,1.2975484337183516,63.95412612628608
Ac2O3_164,1.4790560151459498,0.5865110472805203,0.5910887311122417
AcMg_221,1.079571143293693,1.0464050750330427,27.4696261073712
AgO_131,1.371327725005658,0.4634305589805835,0.358152148239838
Ag_194,0.5062414413771142,0.1795459839288422,0.2006247702847179
Al(CrB)2_65,1.2453184908222896,0.8639300663144895,53.24287209564146
Al12Mo_204,0.7506831371633642,0.5767950635350252,19.51754834509156
Al2HgS4_82,0.5401378990121408,0.4152028551985188,0.3840902978585438
Al3Os2_139,0.7363871098750928,0.8505810386752846,50.59233359714289
Al3Pd2_164,0.7070712887410461,0.4377382574440989,0.5144971898555663
Al4Cu9_215,0.2891949394232676,0.2485109675264097,52.15313581626767
AlAgO2_194,0.78209659799646,0.4454590124532668,0.314998091199184
AlAgS2_122,0.4698650026402069,0.3898921141717954,0.3229597145319773
AlCuCl4_112,0.952862011427727,0.4466634623673127,26.66029850011083
AlFe3C_221,0.8180473487274945,0.7117256897543248,63.52438809150011
AlFeCo2_225,0.6135382943627086,0.3264478625130022,22.42226289000645
AlNi3_221,0.4443991309049488,0.2683009609592052,53.80017501829714
AlOs_221,0.6238582642880975,0.5874459067912347,50.407397727256765
AlVRu2_225,0.4958884866306079,0.4454452438638864,73.5236461392953
AsI3_148,1.2734182077104907,0.8774770795961851,0.6993639517298028
AsPdS_198,1.1215906468489862,0.6649237057241755,0.786034300634916
As_166,0.8075568498759224,0.6426286558001943,0.5854085302888232
BIrPd_43,1.1383478597470635,0.6945242721056404,0.5974434258228917
B_166,2.2939719691613263,1.280489605507686,1.0673057617944688
Ba(AsRu)2_139,0.6819576981050554,0.5436147785124653,32.69988089794925
Ba(ZnP)2_139,0.4232964012574354,0.3720608116864483,0.3692476018102479
Ba2Hg_139,0.9178457776877936,1.183085385153943,0.9629051415165056
Ba2Si5N8_31,1.0551012342439705,0.47595680215335,0.384333151155771
Ba2YNbO6_225,0.391074793561719,0.3817100002076434,0.4303045012497193
Ba3(PO4)2_166,0.55691460754996,0.2654615482993872,0.2938667447179658
Ba3BiN_194,1.0965974204123103,0.9890771771422556,1.035106498050708
Ba3N_193,2.043268440266174,2.517445291596707,2.406410254524144
Ba4As2O_139,1.0906586543902286,0.6266580990798205,0.8254789446828101
BaAlSi_187,0.7739135677385753,0.5559758028031485,0.5748502691711699
BaBr2_62,0.7233520174471004,0.5377021251462893,0.4578779308303851
BaCd2_74,0.5523670244040656,0.5106550413776367,0.4654174203653096
BaClF_129,0.4059170223820179,0.2655032847875139,0.2369734110362702
BaGa4_139,0.8181104244938993,0.6289960943013414,211.60106888445785
BaHg2_191,0.5641468496558293,0.5901519892205679,0.5481328342147639
BaIrF6_148,0.6625411597421144,0.4388381027950941,0.3230722163346151
BaNiSn3_107,0.8210755880758533,0.572732930673757,124.81721970970985
BaRh2_227,1.0616691756935837,0.936934259767196,42.79066338749438
BaSi2_62,1.781945823846498,0.9624651806529794,0.9994959302318768
BaSnO3_221,0.5387707426702592,0.1912756074182595,30.033339085592285
BaTiF6_166,0.6380714935319379,0.3515710729954858,13.705959167638726
BaUO4_57,0.8967265837842989,0.4898909659119966,0.3325190000505593
BaY2F8_12,0.3438855077434804,0.2918671110596697,0.6915621471894128
Be12Pt_139,0.875388061819911,0.6772475258380042,81.87774815705434
Be12W_139,1.02161317150136,0.7062846548192319,94.304063752355
Be2CuIr_225,0.2926210547184876,0.4065915377584547,40.67997453848706
Be3Nb_166,0.9153490165831084,0.8488180317200155,32.99462398765908
BeAlB_216,2.4485695978341204,0.9269229370467074,22.937493912243053
BeCo_221,0.7958162652227071,0.2525224276169852,15.766961312594056
BeGeP2_122,0.8908873483149057,0.5513869380583851,83.9340913630793
BeO_186,0.7806379523172188,0.4689775481763933,18.298210448238525
BeSe_216,0.8976723587295808,0.6244320624716398,31.6124903997769
BeSiAs2_122,0.9497760763881312,0.6485134449163381,11.414563072515843
BeSiOs2_225,0.4524606245876619,0.475774153241739,62.23000649504529
Bi2O3_14,1.0852636749271352,0.570218023038199,0.3507679346486271
Bi2PdO4_130,0.9718229851273994,0.6454373039115524,0.5982564525199223
Bi2Ru2O7_227,1.4985638352789603,0.8744760074494675,18.19279015943166
BiF5_87,0.932531416036932,0.3790683744866412,0.3549389313053582
BiI3_148,0.7770650045843106,0.8622458627930254,0.6713548208876421
BiO2_15,1.4860215060543185,0.6490906739112476,0.4105489513422714
C_166,0.5712207846890593,0.5972833541799287,0.1953488699159673
Ca(BC)2_140,1.1668731407596638,0.986132751850164,10.741994992320048
Ca(CoGe)2_139,0.3932953110947766,0.3186790146549833,67.28529125716855
Ca2ZnN2_139,0.6788042145960661,0.3999526585895213,11.474838926395384
Ca3Al3N5_2,0.8726112516516812,0.5322044550792412,11.091986445132262
Ca3AlN3_14,0.9088654748132023,0.4612608221994638,15.151237566961534
Ca3AsN_62,0.6078987008877009,0.4528872361941004,18.880633733562608
Ca3BN3_123,1.513744973215017,0.7030469207429191,14.761430237740113
Ca4P2O_139,0.5722987755641464,0.5271068877201873,17.837948319369254
Ca5Al2(SiN4)2_60,1.029150814232783,0.5832860620862947,9.986678908648296
CaNdCd2_225,0.6572900803385808,1.040322996651425,9.665926900057505
CaNdZn2_225,1.3986629562710966,1.1417914232270223,11.244830431448884
CaO_225,0.2643069479551312,0.2647320649337829,15.523995752292002
CaP_189,1.166469512284172,0.7092193845432887,14.449799596997224
CaPd3O4_223,0.8723050083245756,0.3899147197347536,3.649021746648612
CaPdF6_148,0.4546771865113142,0.2908394315215379,4.036066635156281
CaPd_221,0.7663903975036109,0.358603292885495,11.37036595723445
CaPmHg2_225,0.3583003224928207,0.7860393573138731,14.6591169654068
CaSO4_63,0.4883364638628011,0.3429724377296856,4.403258472846059
CaSi2_164,1.1706234809374394,0.6337800896542448,10.583092295167582
CaSi_63,0.7418936261805211,0.5323090441435421,18.297906984373338
CaSmHg2_225,0.3155920222888356,0.4751365027569468,12.667804736694151
CaSn2Ir_63,0.8197286062102993,0.8446026423566488,72.89552584081446
CaSn2Pd_63,0.8556857583907957,0.5671531016053785,74.72930873700865
CaTiF6_225,1.0472278590320645,0.5249056118895088,19.927541071600515
Cd(AgI2)2_121,0.6462166675604349,0.4800190170426136,0.3361489406448972
Cd(GaTe2)2_82,0.8215517736450508,0.4266860435124261,48.71804777030904
Cd(InS2)2_227,0.8452913174861518,0.4733930008821638,53.820441122769466
Cd2GeO4_62,0.6636698682462203,0.3449091794498564,12.725847141535358
CdCu2GeSe4_121,0.4902684610349889,0.4243599904828609,51.99954719485548
CdCuF4_140,0.4929770850868428,0.4004225607291547,10.170385601539667
CdGeP2_122,0.744005723116973,0.5367745688857074,36.32964448397439
CdI2_156,0.587268605453607,0.3442603360338472,0.3314644877258474
CdO_225,0.3597254129299155,0.2726899840548383,0.1891508023916683
CdSiP2_122,0.641350108860128,0.4939187607935451,0.4704404854476192
Ce2MgGe2_127,1.318557789568554,1.2969818738288836,86.08798818273203
Ce2Mo2C3_12,2.2232759365092303,1.4840021542229145,27.433120550683388
CeAl4Ni_63,0.8977978421353446,0.7662933862082985,22.6717012056276
CeAlNi_189,0.7677507406437192,0.6585710492326803,35.3484752265669
CeAs_225,0.7679933297465419,0.8359051798746634,1.0227160234929815
CeB6_221,0.909647778576104,0.4017222598839688,0.6206096147239796
CeCoC2_9,1.1088909351909553,0.8738542440877067,0.9525375813373802
CeMgPt_189,0.6979431375528521,0.679397671111114,17.584929416759984
CeSi_62,1.5547212050510073,1.024204990540995,1.0947900504590846
CeSn3_221,0.949152174785848,0.7804500497492667,92.68823706379092
Co2P_62,0.6957929789239836,0.4853308220928489,0.3898776504255851
Cr5O12_60,3.1437763984043388,0.9136627504970188,35.39459180806992
Cs2CaH4_139,1.360621058752138,0.9977697995108517,6.96927085109497
Cs2NaAlH6_225,1.6260399450882912,0.7308942181621961,14.9552845876262
Cs2SnBr6_225,0.6596729063987963,0.3246631929537065,5.908394838149319
Cs2TlInBr6_225,0.7981734494446752,0.5923279428617334,28.10782141551004
CsCSN_62,2.704159413148347,0.8051385388311278,0.4873982885101007
CsCdBr3_194,0.6033357153900328,0.4577599375217849,0.4344146755571346
CsTi6O12_87,0.86467918393955,0.4766033148056324,29.38020329709205
CsTiCl3_194,2.070202542398776,1.03635292787402,30.439520076795866
Cu2GeSe3_44,0.5795683093493886,0.3869223942261752,46.62169473516245
Cu3Pd_221,0.250416523573683,0.2029719030109745,35.5428755919832
CuTe_59,0.614107162196752,0.4366405034698326,38.31788044609214
DyAsO4_141,0.6765966604553251,0.5840460867639594,22.454984388000994
DyGeAu_186,0.574423027220224,0.8079177853026629,65.66710114755752
DyGe_63,1.0488761403181392,1.032217898186774,97.6128081079231
DyIr2_227,0.6616800644899432,0.5601328319954301,31.233317012202196
DyNi5_191,0.5318943283699394,0.4635093121909109,59.29732980416093
DyP_225,0.7078828111431131,0.9597498579372692,41.98994540153323
Er(SiPd)2_139,0.7261520561978559,0.6538894337394,28.13047173124803
Er2Pt_62,0.9067336684021854,0.9434557991616154,49.900227769850986
ErCdPd2_225,0.7009634030896353,0.6911434672781746,22.12579967700899
ErPt3_221,0.895569022594439,0.8904027812481006,22.84829487701223
ErTlTe2_166,0.7413268020861129,0.762173125828145,68.14636499132345
Eu(AlGe)2_164,0.5891424361548617,0.4035507491405098,58.15199482466007
Eu(SiPd)2_139,0.3613431798794289,0.2255115142484493,0.3182201079232774
Fe13Co3_123,0.3665563935310139,0.459237812322938,59.57620009776261
Fe15Co_221,0.3633836020829541,0.5125581100536736,68.85995775778423
Fe2Si_164,1.508868817247237,0.9879021315049056,58.56716406529977
Fe3Ge_221,0.7634098053059536,0.5622018960703843,109.26773684228976
Fe3Mo3N_227,1.695261369463312,0.9768160050127556,76.14378479865485
Fe3Pt_221,1.0663102560699431,0.6494268858596681,56.92460826080878
Fe7W6_166,0.8877608361186917,0.7903666083534467,84.6325981427804
FeAs2_58,1.4287457394000356,0.9637684653360328,38.64161451970212
FeP2_58,1.5979499671388242,0.9804218162460048,38.51945729423904
FeP4_15,1.4534349540485725,1.0958175388327374,22.44616174283159
FePt3_221,0.3758184226734732,0.4018440953427165,17.744558775223883
FeS2_58,2.0303086376046893,1.0254541210924613,30.332095576179697
Ga2Au_225,0.3476544521738472,0.577990149007836,114.16988858146664
Ga2HgTe4_82,0.8221515453912439,0.4802376769093971,60.83534278551909
GaCl2_52,1.1806588848405104,0.7377334155901502,68.37112882861156
GaCuPt2_123,0.4310570696309711,0.3406561511350707,50.554235711754615
GaN_225,2.003273351047865,0.6929881753306204,116.44026628718063
GaP_186,0.4154581962536663,0.5155634061386374,109.71563304796494
GaRh_221,0.1849224403411817,0.4344710014967956,122.56313737273412
GdAlPd_189,0.539040301669096,0.504206428181435,0.3689356811479696
GdS_225,0.6237107502025327,0.4700791626094138,0.2004693961092594
GeO2_136,1.082077827056841,0.4143687209819335,64.26600281316686
GePdS3_12,1.190895694304025,0.8081399739994805,25.164779521385828
Ge_227,0.5739046190648222,0.5159397561279202,256.31045100910933
H2O_36,1.6283629215545492,0.88444929671178,0.2582927968629377
Hf(CoSi)2_139,0.4748655777801392,0.4675851898506034,18.24951035842151
Hf2CoTc_225,0.71902400089609,0.4088947253512281,80.86546255675955
Hf2In5_127,1.6922906434606402,1.824962911017568,270.0447777854101
Hf3Sb_82,2.055208272130214,1.82953496854348,124.27357681360044
Hf4Al3_191,1.52357130443249,1.1504897343061415,108.82385682010168
HfAlCu2_225,0.2639285769113045,0.2362285959339436,66.30591912788533
HfBRh3_221,0.8843350254645199,0.7057914577072144,78.115070443889
HfC_225,0.6545443029418978,0.5333504515012174,78.17487633262891
HfGaCo2_225,0.1648131006753343,0.2473073392636511,63.63331635772295
HfOs2_194,0.6965743931214937,0.9445675780267908,88.62858051746684
HfPaTc2_225,1.3569663637127565,0.435112878697372,51.72403597168987
HfSe2_164,0.9170976570717578,0.399972248563609,32.57664404737738
HgPPd5_123,0.3808971429591271,0.2435672532992139,0.3589693048535394
Ho(CoB)2_139,0.5964386063413607,0.6065263251451902,29.189785717101103
Ho(CoSi)2_139,0.6515256125074425,0.6160839973074177,33.591892187317484
Ho(SiOs)2_139,0.8435426674095265,0.7992044968303345,48.87419568757898
Ho2MgAl_225,0.7759153409234719,0.9714714203495636,71.11715052266572
Ho2TlAg_225,0.7394120632946427,0.9237087185727988,60.15515382115871
Ho2TlCd_225,0.9466839642802324,0.5216096218409649,63.4549222194581
HoCd2_191,0.7938517085849042,0.7502834962544631,28.96005971201761
HoCdCu4_216,0.2314524859564805,0.1988455964425762,46.2658593089306
HoGa2Pd_63,0.9656728650125748,0.8837272706034491,87.79028010672833
HoGa2_191,1.17319942011788,1.1506632555723688,125.32926684593193
HoP_225,0.7748351223377292,0.8828275434879616,44.75198196553396
HoTaRu2_225,0.8088943664469873,0.9386290073537192,70.50751990950475
HoZnRh2_225,0.5380849081795689,0.4899571055264586,49.42906820421641
I_64,1.4455696864740242,1.0155419642849606,0.9751776370718496
InAgTe2_122,0.7404573728017074,0.4799853880802274,33.44850850594271
InBr3_12,0.7203508055319802,0.5204214349680875,27.214568809111185
InCl3_194,0.975266294066666,0.6415993705497474,35.99400613363943
InCuSe2_122,0.399804262676553,0.3204324145426047,52.49610432138317
InSe_194,0.9903722252138416,0.8707734282799457,86.6577372290562
In_225,1.650705766482167,0.6535906440681112,326.5873159285623
Ir3Ru_139,0.6171345903635366,0.4244481565582367,21.638193179850685
K2CN2_12,0.5764466260474957,0.4053707637973641,16.45714008348704
K2Cu(ClF)2_64,0.6807266293903922,0.5370659630706031,15.2071106121684
K2Cu(PO3)4_9,0.9031025583969396,0.4255083772998493,4.618500626136232
K2MnCl6_225,0.5481338073648435,0.5458142726099272,15.27909353849965
K2UO4_139,0.8240391504533842,0.4988891832523001,8.652599318233346
K3AuO_221,0.871194602390016,0.7282866690159248,16.583564583999067
K3BN2_14,1.0796525879000043,0.6388600678971672,16.132111072074785
K3PO4_62,0.4768888024481653,0.3122197176227069,13.739994201804873
K4ZnP2_166,0.9699749204636527,0.6744855182265737,14.142919964056858
KAgF4_140,0.960060365457698,0.3798598615441994,5.563716156909896
KCd13_226,0.3413735601777862,0.3957329233686915,1.359819571377629
KClO4_62,0.6441514974767193,0.4306774923873042,5.406520503609379
KGe2N3_36,0.7917346768102141,0.5297453320098319,66.61750067669291
KHgAs_194,0.5517267995067293,0.5042497458064397,7.471983684109186
KIO4_88,1.6031940032965764,0.5051858632919827,6.35923919262771
KMgSb_129,0.8566067236184608,0.5204653329392351,34.33793403309142
KRuF6_166,0.4597088652589285,0.326515773610089,14.873697606772067
KSb(PS3)2_4,1.313015958542232,0.8716687386378161,3.773095413938559
KUO3_221,1.0367806085576474,0.860948670007026,6.136739534575483
LaB2Rh2C_139,1.3010030263243564,0.636972513172185,25.73230662005692
LaC2_139,1.045039889604007,0.5696170713339617,0.4334143824190617
LaCd_221,0.281322680886339,0.2947907620016126,0.1387664287813145
LaCoGe3_107,0.8065360097564827,0.5714598770627525,72.76990639462697
LaF3_165,0.6711599793320341,0.4610845434107314,0.2054598692333563
LaGa3Pd2_191,0.4342257403403082,0.4315378879594891,65.23586941971482
LaGa6_125,1.0601921336937536,0.8068131121755582,204.1326490138585
LaSi_63,0.9882790410051908,0.8976331155905947,0.7730277935623712
LaZn_221,0.6075755312088593,0.3467998376886916,0.1954306321449393
Li2AgAu_225,0.2713160665486699,0.3413837449967142,20.70541279511721
Li2AgSn_216,0.4400348455181156,0.4617668397706031,81.48588165832803
Li2CaSi_225,0.9174580052400731,0.3850631005558748,44.88642714288854
Li2CeN2_164,1.4875435866170743,0.5710659619254125,11.95020258042912
Li2InPd_216,0.348256983724707,0.4886359227373343,102.2363856010011
Li2LaIn_225,0.7228662292478372,0.618175229847133,99.6403040245906
Li2NdIn_225,2.7232465002164816,2.764601267336203,102.96717546883092
Li2TiF6_136,0.8152342149795142,0.5592098650628674,24.218066797834865
Li3Al2_166,1.4236608894277147,0.9635048751620872,67.06742094187747
Li3LaP2_164,1.0864443129714538,0.6296458059632668,18.617232048861556
Li5Tl2_166,1.7926310692317229,1.6559714467908493,270.09412073372806
Li8SiO6_185,0.8100021007695721,0.6199656981287365,37.63704341853013
LiAg2Sn_225,0.4576559409485018,0.31479322230438,53.12987678553783
LiAg3_139,0.2989948962734789,0.2659222834939724,7.378940244251055
LiAg_221,0.2429626847977972,0.3635672648871018,16.71681175294001
LiAl2Pt_225,0.9824204792698796,0.7160215301241115,10.446548429745423
LiAl2Rh_225,0.3832164612173983,0.3688384754416636,49.40712509996714
LiAlAg2_225,0.1961451529669396,0.3184823513469314,3.8393275544626646
LiAl_227,1.8641558203838973,1.1353114909510436,56.933635700161375
LiBC_194,1.122643796003316,0.7573341123761439,24.815357215701688
LiB_194,1.883082646771162,2.664290605488641,39.29417058939861
LiBr_186,0.9762100202451568,0.6524855191021331,26.24934109573012
LiCa2Al_225,0.3281187432039876,0.7076169039889306,23.18020511558996
LiCaPb_187,0.94277515250012,0.8355616453319478,94.651174483075
LiCdPd2_225,0.4735916087397497,0.3206880843851812,6.847837721698645
LiCo2Si_225,0.382600304382562,0.2994077556655061,9.166060963717063
LiCuO_139,0.6125111968872826,0.4772485904955166,40.24977737776106
LiErTl2_225,0.7041766505597307,0.7245725520404639,108.15102312528876
LiFeP_129,1.2136395637408872,0.5895055958119175,59.7864003460827
LiFeRh2_225,0.7839188205314889,0.4120718231077259,71.63709781299879
LiGa2Pt_225,0.8088656142826309,0.5293293411133573,119.17275719136526
LiGaAu2_225,0.209771718456016,0.2591827570142522,61.7721318375494
LiHfIr2_225,0.6913548006368657,0.4018601144635891,37.10224895682751
LiHoSe2_166,0.6538109657427286,0.6814099018967391,39.4985788008985
LiInAu2_225,0.3427342909961636,0.2836941648267337,44.05142333013299
LiIr3_44,1.0954640912984608,1.0086679893341368,4.865205597868513
LiMgAu2_225,0.2471769193047186,0.2981278633888544,35.39076425462151
LiMnPt2_225,0.3831649476470031,0.3085812823373594,25.828763653386844
LiN3_12,1.8038231562445044,0.7894730746902568,5.65929368926136
LiNbO2_194,0.9081996343676824,0.8099488136697213,12.20736432427869
LiPm2Si_225,0.5276212979428985,1.882863099120011,30.01990349061865
LiSbPd2_225,0.5601580256280495,0.2751609033445781,10.9063482584909
LiSc2Ir_225,0.4426603212262713,0.3966366820872879,112.54812312228692
LiSi_88,2.117398548714308,1.3709691334943128,32.241159527507435
LiSn2N3_36,1.3286398899127303,0.8089614567354387,84.3792547141367
LiTaIr2_225,0.4048312833274058,0.475196302354357,36.55600646908127
LiTi2N3_63,1.2709576762651922,0.8987941989934842,58.7414654967922
LiTl2InCl6_225,0.5650834639454009,0.5067029965580684,41.04443869027512
LiTlPd2_139,0.552961473288083,0.4986398847529045,51.99624571319649
LiVRh2_225,0.5392181671602323,0.5206781344171658,87.00002096674484
Li_229,3.8511411048212,0.974873229575232,207.90156602449156
Lu(CoGe)2_139,0.3716240502380423,0.3386773963150391,88.22191529257464
Lu(CuSi)2_139,0.3779880419503744,0.2899024603279339,50.01914773686608
Lu(SiRu)2_139,0.2660050985056039,0.3291123193121589,59.262132839885936
Lu2Fe14B_136,1.0977690108207565,1.084766631064223,72.01404436955269
Lu3AlN_221,0.4146557394794923,0.4410626584732201,60.04490869080582
LuAlB4_55,0.7178071749328996,0.6482525798884317,45.695939693937774
LuNi2_227,0.2613910454233911,0.2939664517316538,60.81730354381334
LuTlTe2_166,0.4955770463130163,0.5150510235243612,69.90069449720603
LuZnPd2_225,0.2568329954893491,0.3218975193845271,32.701429846125315
LuZn_221,0.2197335073084172,0.2561171420321516,51.65776671612672
Mg2AgAu_225,0.239988998439708,0.2963758229456963,49.28605010639045
Mg2As2O7_12,0.943954726887328,0.4875980525014998,18.96975512677548
Mg2Cu_70,0.7518296404521353,0.5479283169809582,121.41272905172276
Mg2VN3_36,0.9125649258903116,0.5916001116580719,97.0364186326074
Mg3B7ClO13_29,1.3697680686276583,0.5769751008212652,19.43949050756496
Mg3Hg_155,0.9438065430433148,0.7247306613075838,114.7424467177944
Mg3Rh_185,0.588731661410578,0.6834043532872558,183.82764120004933
Mg3Tl_194,1.909040316945491,1.342235812107876,350.03495310225253
MgAl2O4_227,0.6725696226816309,0.3740732329354054,21.90253528529889
MgB4_62,3.314290042659268,1.4021794696979393,39.19576990970964
MgInAg2_225,0.2620542191034783,0.4931680196644675,83.34160751103323
MgInRh2_225,0.2006431983829602,0.2359320210804743,132.5445090103876
MgMnGe_129,1.2512615043529238,1.0621797957581829,176.15980116665412
MgPSe3_148,1.7407762406691645,0.8306328767917527,37.426045262402816
MgPd5_155,0.4720020580676262,0.4895894042979054,6.882094838597102
MgScPd2_225,0.3428365765340594,0.2655203994387317,83.81656612203732
MgSiN2_33,0.9638384680658844,0.3866325645151927,31.46044629585889
MgSnAu_216,0.5576905185010427,0.4362516933286656,111.4094521986636
MgTaRu2_225,0.2090230777548234,0.4287908100047756,107.51596905036978
MgTi2O5_63,0.7549506736846625,0.6029915829202451,46.71000730568326
MgZrPd2_225,0.3395001150877939,0.2934982112403416,12.882454606591248
Mn(CrSe2)2_12,1.1589060983809414,0.5669873177217629,42.01287439731264
Mn2Nb_194,0.648220513242195,0.46697791192835,40.75611843389003
Mn2P_189,1.7818075433722689,0.8350278330421712,60.29327336373693
Mn2Sb_129,2.064237088127621,2.1258061006067965,57.67258916955179
Mn3PtN_221,2.2220864313142386,2.198838133183846,54.08431500861561
MnAlPt_194,1.0538150554085637,0.5810748355972363,27.597304044552644
MnCuPd2_225,0.4702751581586748,0.4247257440955465,29.871886826377917
MnGaCo2_225,0.5710275573623776,0.4237360130364986,47.19814267900124
MnGeRu2_225,0.4895716516345573,0.4483662345361293,100.19190652141307
MnSbIr_216,0.5526264619027395,0.5201453099700046,26.410308586472063
MnSbRh2_123,1.3204036398398031,0.6269090399363084,57.63767524112986
MnSiRu2_225,0.9763619868147836,0.531703797816318,62.20953771152221
MnSnRh2_225,0.4411056838016484,0.456834429174063,88.14437098958187
Na(BH)6_14,2.885163166142043,0.9034810246899436,23.36591305591115
Na2H4Pd_139,1.544337931534104,0.9328028038452432,94.87444031762747
Na2H6Pt_225,1.1368840242048788,1.0883068796444288,49.86768502450104
Na3AlP2_72,1.492124833655305,0.894030349868499,103.02492086323385
Na3BN2_14,1.5229708591459798,0.964485996534797,128.22086291559404
Na4I2O_139,3.0432907557074245,1.132814341987376,96.8666967720081
Na6ZnS4_186,0.8252197572064404,0.5293958373158715,112.86513713156263
NaAlGe_129,0.8740177354557812,0.9408477246425831,164.06952459900327
NaBeAs_194,2.524725435761608,1.796054483477814,109.66860958891743
NaBrO3_198,1.6846721448658322,0.5530867455655456,26.76185847322341
NaLi2Sb_225,1.2701469793354243,0.866859380192401,130.2742199057
NaNiN_62,1.6856274705676486,0.944593082812163,80.98968470720762
NaSbS2_15,1.3647447440692446,0.7755233639253795,29.469344727127705
NaSi2N3_36,0.8679684444752218,0.3655347931322008,21.55597698443686
NaSmO2_141,0.4267529729469594,0.5099735416077378,43.51185268623078
NaSnSb_186,1.687275073236572,1.329079156665646,194.703159342814
NaTiS2_166,1.2385332977635837,0.5637912035554171,61.970142453544405
NaTl2GaF6_225,0.3217527453197558,0.3694099265032239,51.83188825068669
NaTmS2_166,0.4241863273179986,0.4080549811467318,50.16298063353031
NaZnN_186,1.1146952404696813,0.6697343460933549,31.95117596748257
Nb2PC_194,0.538692908964466,0.5063291765771256,0.3696902035345885
Nb2SnC_194,0.6790005806436776,0.4391607347568335,32.402855566003026
Nb3Au2_139,0.7712006799520993,0.5989768292576814,0.4841106810615149
Nb3B2_127,0.9338950302571628,0.5212058039426622,0.4054409864898294
Nb3Ru_225,0.5715009858639741,0.2408076736729193,14.849150070581915
Nb6C5_12,0.7052862273244034,0.6272995413481867,0.4162663636236959
NbBO4_141,1.5052851138642178,0.5345037033135683,0.3305681757460499
NbCrSi_189,1.280043047224236,0.762575702335218,29.306274672163838
NbSe2_194,1.7666465912920426,0.9883596108238252,0.5331395024605506
NbTl3Se4_217,1.2291959048036225,1.0566423484767054,75.26328384486712
NbZn3_221,0.3990587263740738,0.2697318028941267,0.1517370274085819
Nb_229,0.8299418497830148,0.250232149811818,0.081612141326539
Nd2TeO2_139,1.8065068561984687,1.7840916930595825,13.17106491596827
NdAl2_227,0.8367700495346977,0.6628693142203433,17.0711400182011
NdAs_225,2.5178925796222917,2.690617197536467,18.926210895720256
NdMgZn2_225,1.0185539479107566,0.9863229196326776,17.361620386513483
NdNiC2_38,1.1095429231616245,1.1975926065051643,32.90754223287672
NdPO4_14,1.2943206525318507,1.0358087398614937,7.890204596070998
Ni3Sn4_12,0.5494333720089551,0.5903644023817983,126.45991715700006
NiSe2_205,0.5767923249049346,0.4940058995009922,24.713129632200072
Ni_225,0.368482452379155,0.3780643096480747,65.4931975664651
NpSe_225,1.9840691609942784,1.4414365624764482,1.323279318822015
OsO2_136,1.6272369509035327,0.7818970605108718,26.71437076176895
OsRu_187,0.379881061366043,0.4420578300607236,78.15388823474359
PaAgO3_221,1.5745152303781949,0.921473624978503,0.6336055473904069
PaAs_225,2.108948434411312,1.237285125238387,1.066141840564523
PaO3_139,3.193811955062145,1.502125369602942,0.7216258870063444
PdO_131,0.6796423136993486,0.4078375162216601,0.5129255947994235
Pm2NiIr_225,0.5923168212123083,1.051419843555731,31.355019930664955
Pm2TlCd_225,0.4216855246395127,1.4745594438601568,46.41405592498632
Pm2ZnGa_225,0.4473761588974815,1.5905060165118945,50.04662044748909
PmAl3_194,1.88195174523046,1.492809061353199,15.54603948240104
PmB3_194,2.7695737209842046,1.5339740218963471,17.80355233978311
PmI3_194,2.2010268175631507,1.9608436882715996,11.50530742054243
Pr(MnGe)2_139,1.9050950724954487,1.8915890160913675,89.97171263811204
Pr(SiNi)2_139,0.8857263352681496,0.987868616138918,25.66228516268686
Pr2CBr_194,2.241776126409865,1.640335423259862,10.569453122486545
Pr2TlAg_225,0.4153995556097881,1.263410244398262,35.943399858563815
PrAl3_194,1.5410273935518166,1.6180424384005718,10.659284542430532
PrGa2_191,1.9350675150930257,1.855599918765365,80.33774971101948
PrNi5_191,0.5307298687220587,0.4682944492920445,56.89117648705967
PrPb3_221,1.3651158594427342,1.915057756503368,130.34769919362896
PrSi2Ni_63,1.130660049234717,1.0691194999768965,24.11415553867608
PrZn_221,0.4507076130951323,0.6858762552750838,8.271077855232162
Rb2NaErF6_225,0.4853006259186314,0.5504038845742119,28.338810098827903
Rb2Pt3S4_69,0.747085522966063,0.5510506229034428,7.192438844404079
Rb2PtSe2_71,0.6506499848079542,0.5229480050324606,12.294581401882288
Rb3H(SeO4)2_9,0.8400167411091009,0.4658692761039364,7.293177526007737
RbGdO2_166,0.4598051016737046,0.3269975456732542,5.2822977970177725
RbGeI3_221,1.1237385251717478,0.7864035292640811,70.3853723701465
RbLuO2_166,0.3797744923226703,0.3273404039444067,41.40603727759251
RbMgF3_221,0.4289310591428384,0.2114021922529306,22.56206753850993
Ru3W_194,0.5047927452270397,0.4178274489061879,81.8162855764352
RuS2_205,1.4322348730091323,0.4929218788043142,32.393336434336625
Ru_194,0.2340955710521166,0.2049715842021745,76.47395381788826
SbIrS_198,1.446475286515107,0.7020103301774151,0.5862559291576258
SbPbClO2_63,1.000346549612841,0.6018225130094017,41.81178901339677
SbRu_62,1.3240694460898013,0.6977918427700169,41.30869921054171
Sc(MnSn)6_191,0.7497461711721871,0.7494487057977371,144.3566568961487
Sc2AlAg_225,0.7740996341846244,0.6143795714623603,100.99110307516584
Sc2Co3Si_194,0.8795227312768275,0.5876571609327952,39.39844961240311
Sc2NiOs_225,0.7569829333271878,0.5134604623571163,130.87524904897262
Sc2Pt_62,1.2058220872135774,0.8473090300552569,86.94256306119829
Sc2Sb_129,2.5126780880655017,1.4306371571201268,150.28815975019293
Sc2Si2O7_12,0.8155554273387513,0.4727800334441343,29.033804843794385
Sc3Al_194,1.8828316631374449,1.4774238283880898,178.103206931402
Sc5Ge3_193,1.4354199860334491,1.1782466001325704,265.92876482820566
Sc6NiTe2_189,2.4259057070653847,1.7744774030055783,159.4692949089895
Sc6Si7Ni16_225,0.5218117562893156,0.4659092383650507,72.80906083048257
ScAlAu2_225,0.2539821208188921,0.2758945853461558,24.48864127406074
ScAlCo2_225,0.6168993893638985,0.4529424705313549,28.33857118293893
ScAu_221,0.3471066449931457,0.505989601799419,51.207709493058495
ScBRh3_221,0.6267355076363674,0.4145670567698862,84.01141649386842
ScCu2_139,0.4997271475426322,0.3474865745872582,79.23813405979487
ScGa2Ni_63,0.6628299359082124,0.6456882515649363,177.25540352114766
ScGa5Ni_123,0.7796059721563854,0.7119210944098864,223.3406738871793
ScH2_225,3.4802081907928515,1.6417057461828162,167.29391280274558
ScInIr2_225,0.3778243480039061,0.3355495103771836,82.93433604703685
ScIr3_221,0.696142517455818,0.4400306832556493,24.69171889822371
ScP_225,2.1785214965632216,0.8739432298871345,95.67899060286751
ScPd_221,0.3771420559053056,0.4347811752681795,55.2849964292219
ScSiCu_189,0.8924812832868535,0.5767133262892892,65.91963861990698
ScTc2W_225,0.6287977717155995,0.6205510440731814,101.01747323996628
ScZnRh2_225,0.3950858960146752,0.422825025118135,68.53791102056121
Si2Os_64,1.0569125344391574,1.016668680396919,44.28448653247062
Si2Pd9_62,0.5727262850075788,0.4139978752897142,0.4161916583197699
Si3Pt2_194,0.8253111746540029,0.753817591103174,0.6848167154613646
Si4P4Ru_1,1.691888768237259,1.0669190832631852,14.759582938260094
SiB3_74,2.5778744405430785,1.3273616899066554,1.2018303748095176
SiC_216,0.3647872653477338,0.3968428661664461,0.1923730917584847
SiRh_198,0.8915652180568032,0.6635272651548312,43.64957747953191
SiSnPt5_123,0.5283126813570149,0.332114567115513,22.326882372341256
Sm(PRu)2_139,0.7109871641165999,0.6428461514642316,39.58444132450308
Sm(SiIr)2_139,0.7127022155716914,0.6120451731719795,13.362527932239528
Sm2GeRh3_166,0.8902107640192093,0.7139923290782101,62.930794988286806
Sm2Ti2S2O5_139,0.8304895433477215,0.7189875116683777,32.230677673313416
Sm2TlCd_225,0.2887241606183252,0.6092400069199513,41.92263632907917
SmBrO_129,0.55832597545762,0.5983276303848714,21.623520894585724
SmC2_139,0.9432164140623344,0.8132158210092086,20.263256724015736
SmCd3_194,0.453382972611858,0.4313019786410895,15.54569684604244
SmMgHg2_225,0.3484434802875575,0.4073342343994905,28.400676712006334
SmRh2_227,0.3705672343237766,0.3952548625743915,56.02442531422324
SmSi2Ni_63,0.6835628129263743,0.651235554738779,32.14588777502577
Sn2Ir_225,0.8806034092750449,0.4356797079120209,132.41877623531445
SnPt3_221,0.557602791931379,0.3484791721635956,25.856245008861677
SnS2_164,1.2562759829059469,0.5261120302689571,68.3085425873464
SnS_62,1.460553998571026,0.7916254587241517,112.01221065687442
SnSb_225,0.656778257356904,0.6521676538946217,142.87509708814812
Sr(AlSi)2_164,0.5193415325294954,0.4395000874534501,0.458483994490292
Sr(CdSb)2_164,0.4282691977923667,0.37165709314663,0.277296579735311
Sr(CoP)2_139,0.4567405691064732,0.3904375388991709,0.2625088486509398
Sr(Li2P)2_166,0.7555621161778926,0.7745913298720074,34.157369854419294
Sr2CdIn_225,0.4839502498183774,0.4669950790174683,17.933306672068774
Sr2IrO4_142,1.2795876286925527,0.5718552454290847,0.5069471602699169
Sr2TbIrO6_14,1.2123970518405347,0.6607572263244074,11.10085979870295
Sr2TlCd_225,0.4615482837383415,0.5855431325740752,28.014091745447622
Sr3(AlGe)2_71,0.8230154001422675,0.5855323690720925,32.04980310688533
Sr3GaN3_176,0.828495108287285,0.7215761464408472,16.23754210015226
Sr3PN_221,0.5437193902775704,0.5280473503149066,0.4423658410287543
Sr3SbN_221,0.6110599805436197,0.5953381316771061,0.6658871922954591
Sr3TaGa3(SiO7)2_150,0.7755326122840115,0.4156603957413352,29.62830818280356
SrAcHg2_225,0.5672144589788777,0.6523585427122821,0.4768217574297477
SrAlSi_187,0.6480020392230649,0.5643383991908069,0.5428753249027072
SrCuAs_194,0.2362760774326772,0.2580544868773076,19.09957067054625
SrHI_129,0.8851105755136843,0.7270431446721081,0.6934321594605812
SrHfO3_62,0.3976267935352812,0.353555627781812,18.172254599739738
SrHgPb_186,0.5077503419732329,0.6133543257684958,37.37483486468549
SrI2_62,0.7176351195559788,0.6260717049234661,0.4937316423389817
SrPIr_198,0.8682550734826874,0.7053978012340552,0.5544192832195481
SrPt5_191,0.3221578458215136,0.3144610936589569,0.3764509648961316
SrRuO3_62,1.1294192929874682,0.5401029131071359,17.954708790892887
SrSn_63,0.978644327440114,0.5967350254926851,57.58867587086654
SrZn_62,0.7177443281199535,0.5591104467136092,0.4623233916640251
Sr_194,2.420108193475069,2.3146979613066274,1.382185234003234
Ta2FeMo_225,0.8343171151297575,0.863656570557648,103.67524528812156
Ta2MoOs_225,0.449605512371755,0.6020053566934949,102.08654865577311
Ta2PdS6_12,1.6000749624517054,1.072878372524664,22.22810752507069
Ta3O7F_65,1.242535133627105,0.7509931084687143,28.70036079482185
TaCoSb_216,0.6846478259568215,0.796022606023753,29.97340685579171
TaCu3Se4_215,0.4424705760738783,0.4450091941510685,40.79415859746679
TaCuS3_62,1.436238628673973,0.81666986221832,39.366683179153945
TaGa3_139,0.6115799262156084,0.9100695938124216,245.705690977778
TaIr3_221,0.4164486572422786,0.4509940538641664,15.915949318805886
TaV2_227,1.9234304460046057,1.2386936552692849,119.5522600254199
TaZnCo2_225,0.3398455846974708,0.2808241060919703,15.128285236337932
TbGa2Co3_191,1.0548693328606549,0.8464368370115912,47.91769903780329
TbNiGe2_63,0.7298456449014185,0.8124897796764218,101.29181200102605
TbTiGe_129,3.247903581751524,3.257718313062896,85.07368347487864
TbTl_221,1.2165413086572228,0.9330664570765548,93.366942509249
TcOs3_194,0.3508957549348501,0.5236390279717078,79.66628979768305
Te2W_31,2.2678930054619824,1.6328644857828143,35.74853600132767
Te4Mo3_148,2.3003358256455995,1.3908693555219862,43.94477017060072
Te4Pt3_166,0.8647626899073283,0.7520272855759187,0.6369374160252458
TeO3_167,0.8244946468311521,0.5464754480141063,0.2132554656475683
Th(GeRh)2_139,0.484983137948025,0.5594465858727947,90.82673106669102
Th2S5_60,1.4040286802834714,0.8545216206022577,0.7976629148831701
Th2TeN2_139,0.9453647782597504,0.6525496235741887,0.7098581996886539
ThAg2_191,0.7129998166510465,0.6347697894727573,0.4019396898807543
ThAl3Ni2_191,0.4906276358388289,0.3917740319567964,35.614305914478486
ThB2Ir3_191,0.8780711798410529,0.4907534755669515,0.4571138174059118
ThBe13_226,1.2424316921666625,0.5793142216522673,75.04849598703255
ThC_225,2.1628056581010098,0.8181472941657032,0.4464938767672156
ThCd2_191,0.6416643290176186,0.4147577723153894,0.3827821391608792
ThCoC2_38,1.113601425578143,0.8062714101931218,0.7463070432234251
ThGe_225,0.7943412483877419,0.8088364442817344,36.24121392059913
ThN_225,1.1920076610682795,0.8159006956675702,0.475171859484547
ThPt3_194,0.7715603911786473,0.6534291126644584,0.4959561390870878
ThSi2_191,1.258111101511827,0.8663159370136586,0.9207777111869389
ThSiAu_187,0.8129865489006629,0.6959374306787395,0.692713070366988
ThSiO4_141,0.8523636225256523,0.4244621520515025,0.2495423272077903
Ti(CuS)4_121,0.6011406374635675,0.3692980091601621,40.05846368911838
Ti2AlMo_225,1.139232706536345,0.677540576663802,112.01258542847718
Ti2GeC_194,0.7615435179209336,0.6362322759353287,131.21339348835238
Ti2NiMo_225,0.8120131707044472,0.5212462254808393,100.51369380115008
Ti2OsRu_225,0.2859597255008088,0.5353048833567837,109.29788246915236
Ti2ReRh_225,0.3293377651982777,0.5739201472546829,100.25410142913994
Ti2S_58,2.435767044295043,1.576619688185144,92.97655940138236
Ti2TcNi_225,0.4394619072458319,0.3674652146745391,106.34533284444412
Ti5Si3_193,2.0072112519858067,1.1555637050260348,86.4780965267801
TiBe12_191,1.7625112428924885,1.382741462760918,108.06094365096916
TiBeRh2_225,0.3358008196545363,0.4994618293479928,82.12437112533941
TiCr2_227,0.5351182452612601,0.5524822227727404,112.49061333905472
TiCu_129,0.4071305778937075,0.4045211839653752,78.3578025876772
TiGaNi_189,0.9187417506065128,0.6727753203798812,140.08214502638475
TiH2_139,3.0755893176430407,1.8987676975470449,97.51763473670746
TiHg_123,0.716950312516343,0.7199392691230508,31.20110133647666
TiN_225,1.3274973922564988,0.7292825313947452,71.46061789265742
TiPRu_189,1.2985673873552772,0.7146358171598692,78.2957006247054
TiPd3_221,0.3739301646665444,0.4529105424927026,18.18063128480238
TiPt3_164,0.6733992169635307,0.6071153702594955,24.10396457495493
TiSbRu_216,0.8714845511895799,0.4959313434840101,67.6200048495127
TiSiNi_62,0.6788902164885886,0.7244535879130533,65.38338683659943
Ti_194,2.0667838883989824,1.5326191824467288,159.34310125604554
Tl(MoSe)3_176,1.8337317423709756,1.1107700112894838,77.22259465070283
TlClO4_216,1.02040291773342,0.7652679422538861,27.37065008355738
TlSbS2_2,1.153218583607507,0.9184219386158216,61.589221881501786
Tm2AgRu_225,0.5445895235490976,0.4958541024309306,52.35491723874242
Tm2Cr2C3_12,0.8347222192092258,0.6559301553693765,58.09938693960075
TmAlB4_55,0.8908493489242543,0.6956798511153683,37.32369919838149
TmCuPb_186,0.4674317538962083,0.4394794388903086,74.97642470609605
TmGa2_74,0.8876211061963039,0.6714734907088348,105.97882986188922
TmGaRh2_225,0.5767030398498514,0.6208688355984907,80.61350292960185
TmPd_221,0.4296468137550131,0.4400253576446651,38.268459359688016
U(ClO)2_62,1.7153132705127738,0.9908812726013566,0.6569615183303487
UBr3_176,2.9117358304985186,2.3542818574314874,2.367308898405895
UGeTe_139,2.2354212063942733,1.4040397733690086,43.7245921304248
UO2_225,0.9588257034125202,0.5742199961067327,0.3042739438492999
USi3_221,1.4565570527340357,1.7370594326175337,1.3920316063781193
V2C_60,1.6912557879652628,1.1477529699216755,80.95514866720367
V2MoOs_225,0.4754087268902788,0.6642199979216119,104.00860608178245
V3Au_223,0.8125073559215719,0.4927075201277341,78.23076407348577
V3Ru_225,0.6473047726742575,0.7407214543641794,84.11073487509708
V3Si_223,0.862987427319319,0.3458413006815673,103.7393630771882
V3Sn_223,1.3134167500772775,0.755165554729627,127.14988886762735
VCo2Si_225,0.7177378150012067,0.5667585167032054,25.568949565571685
VCoB3_63,1.601903391743019,0.8386764495346785,28.723495359591748
VCoSb_216,1.6665141409772604,0.859332648619283,32.34441116728979
VGeRu2_225,0.8116329438544977,1.3056901808699986,95.6047479991486
VN_187,2.107118486067372,1.0443287092794624,70.24721990592552
VPt3_221,0.4303866431992575,0.4970258740120754,14.00125669879162
VRh_123,0.4077943151352513,0.4598846767016341,84.93905490969817
VTc2Ge_225,0.4136477838532137,0.4679045439232712,116.49683995760722
VZnRu2_225,0.4378135165694881,0.3109683091893125,50.54828645620309
Y(BH4)3_205,3.085655585315637,0.958661630857128,1.2527759252874506
Y(SiCu)2_139,0.4180542222390808,0.2511246598873135,33.269317907824664
Y2Al_62,0.8992562760321711,0.8670078323403696,2.2967919490415984
Y2Cr2C3_12,0.8643280319533462,0.5359295136887751,25.931166505498737
Y3Al_221,0.952821029366397,0.7982686329464241,2.0787214823097213
Y4C5_55,1.338606791622113,0.8622872618524929,2.267793132954006
Y5Sn3_193,0.9176751117939432,0.70728360648532,48.437319548178806
YAu_221,0.500100424621098,0.5769509605076469,1.1408406673136855
YB4_127,0.9554553529805652,0.6334790125555467,1.4419691145328914
YCo2_227,0.4152360049921471,0.6222653446077536,1.4073573438592974
YCu2_74,0.3320076621229318,0.3403894213238895,38.516083183656384
YCu5_191,0.3457254445326535,0.2288966278619343,48.279917321812974
YCuSn_186,0.4255638725279561,0.3164387840166095,61.65345631192455
YFe5_191,0.4066549964196853,0.4865741882485165,58.51328091421843
YInPt2_194,0.4475982235603029,0.4953646335552331,29.551159741330075
YMgCu4_216,0.309296996973918,0.3936284689252036,53.806773836774425
YRh3C_221,0.4418236326353057,0.6401217558907609,44.39958373566474
YRh_221,0.4243071423846633,0.4443280046965809,27.567769217490163
YSnPt_62,0.9393282710958464,0.6990082481185301,43.06177092005453
Yb(MnSi)2_139,1.6450606538402317,1.290938033481798,62.22052238237011
Yb2MgIn_225,5.997404605165703,5.54990824075926,97.15047917866929
YbCu2_74,0.4776465563949141,0.3345304227657723,59.87891417726301
YbPrZn2_225,10.004482208844689,10.04682025600886,39.99201873970252
Zn(InTe2)2_82,0.7741766867955786,0.4917454704051843,48.895807421476015
Zn3N2_206,0.5155454790326411,0.3873036785501986,0.2425497909535565
Zn3Pt_139,0.3440458945980453,0.3707902188655807,0.2588281907250603
Zn4B6O13_217,0.8711603664425074,0.4679472380113246,0.2071211126960512
ZnCu_221,0.2907864657204543,0.2010053081593537,21.202815982204896
ZnGeN2_33,0.6540983345805922,0.3601983189569759,53.33783135657049
ZnO_225,0.6318484033544385,0.3978527644068678,0.0826784529942185
ZnPt_123,0.2536220982419993,0.2439572390616777,0.1687381415019237
ZnRh_221,0.3260498961638081,0.2505483311005012,24.507372371887413
ZnSiRh2_225,0.3577544043463702,0.3022335132604831,33.54126736675182
Zr(TiGa2)2_139,1.0061156226651926,0.8607978392539819,154.064832896063
Zr2Ag_139,0.4063685182952838,0.549479018937836,1.6417396992550102
Zr2CoTc_225,0.5080918874218875,0.4005898151097709,13.879327673535023
Zr2CuOs_225,0.491029349558087,0.4905648097861219,31.13282518863518
Zr2InCo2_127,0.607959268734785,0.7387317675557458,20.7476280351015
Zr2SN2_194,0.6836984868421189,0.6613450137605612,1.29683844433163
ZrBi_63,1.2952440422902056,1.086368648197383,2.177342558959532
ZrIn2_141,1.4718697989563998,0.994236457847351,117.4598624194717
ZrOs2_194,0.5793292148673782,0.7560365282742766,44.56154961763145
ZrTe5_63,1.5697078484655982,1.1792988071366035,1.316071602408075
ZrZnRh2_225,0.2380825799858128,0.3454653945509309,28.9960588721364
