filename,time
Ac2CuIr_225,28.25141143798828
Ac2MgSn_225,26.894967794418335
Ac2O3_164,25.35437297821045
AcMg_221,15.699681043624878
AgO_131,17.13863444328308
Ag_194,23.64691925048828
Al(CrB)2_65,25.544612884521484
Al12Mo_204,110.55165433883667
Al2HgS4_82,40.81331777572632
Al3Os2_139,47.069469690322876
Al3Pd2_164,34.30163764953613
Al4Cu9_215,219.8761031627655
AlAgO2_194,63.246830463409424
AlAgS2_122,52.74197554588318
AlCuCl4_112,73.25652074813843
AlFe3C_221,21.096903324127197
AlFeCo2_225,63.69835686683655
AlNi3_221,28.626145362854004
AlOs_221,10.259854078292847
AlVRu2_225,25.352266311645508
AsI3_148,106.16134691238403
AsPdS_198,64.97998285293579
As_166,16.722662925720215
BIrPd_43,60.943658113479614
B_166,88.49994349479675
Ba(AsRu)2_139,24.808948516845703
Ba(ZnP)2_139,24.65263605117798
Ba2Hg_139,17.741816997528076
Ba2Si5N8_31,128.46257519721985
Ba2YNbO6_225,76.5086178779602
Ba3(PO4)2_166,150.2525293827057
Ba3BiN_194,56.20540809631348
Ba3N_193,55.13605856895447
Ba4As2O_139,48.5472526550293
BaAlSi_187,16.70900297164917
BaBr2_62,71.48417925834656
BaCd2_74,34.43818020820618
BaClF_129,26.192853212356567
BaGa4_139,32.27576684951782
BaHg2_191,41.3645806312561
BaIrF6_148,36.7489287853241
BaNiSn3_107,48.402578592300415
BaRh2_227,43.64407825469971
BaSi2_62,129.09870982170105
BaSnO3_221,19.182361602783203
BaTiF6_166,33.78717827796936
BaUO4_57,116.07939863204956
BaY2F8_12,54.0038480758667
Be12Pt_139,108.01397657394409
Be12W_139,108.66482329368591
Be2CuIr_225,30.094012022018433
Be3Nb_166,198.87220430374146
BeAlB_216,21.34111976623535
BeCo_221,8.98179292678833
BeGeP2_122,45.94475269317627
BeO_186,19.481453895568848
BeSe_216,15.239823341369629
BeSiAs2_122,50.24009108543396
BeSiOs2_225,25.285392999649048
Bi2O3_14,98.46178269386292
Bi2PdO4_130,129.9696762561798
Bi2Ru2O7_227,151.77049922943115
BiF5_87,29.158228635787964
BiI3_148,75.32171440124512
BiO2_15,131.8443088531494
C_166,30.633644342422485
Ca(BC)2_140,59.44381093978882
Ca(CoGe)2_139,28.98025417327881
Ca2ZnN2_139,28.01707100868225
Ca3Al3N5_2,97.06237936019897
Ca3AlN3_14,141.87686562538147
Ca3AsN_62,123.160888671875
Ca3BN3_123,32.82931065559387
Ca4P2O_139,40.161938190460205
Ca5Al2(SiN4)2_60,327.7254729270935
CaNdCd2_225,27.46461248397827
CaNdZn2_225,34.07968282699585
CaO_225,37.77761125564575
CaP_189,60.58172035217285
CaPd3O4_223,67.87829971313477
CaPdF6_148,57.35825276374817
CaPd_221,12.977109432220459
CaPmHg2_225,31.560739994049072
CaSO4_63,56.84989285469055
CaSi2_164,14.392343044281006
CaSi_63,37.573466539382935
CaSmHg2_225,27.30740213394165
CaSn2Ir_63,68.79362201690674
CaSn2Pd_63,80.65968680381775
CaTiF6_225,97.26171064376831
Cd(AgI2)2_121,59.27888584136963
Cd(GaTe2)2_82,55.15370535850525
Cd(InS2)2_227,84.10001945495605
Cd2GeO4_62,118.99820828437805
CdCu2GeSe4_121,102.10436272621155
CdCuF4_140,66.65605330467224
CdGeP2_122,47.198200941085815
CdI2_156,54.177454710006714
CdO_225,10.44610047340393
CdSiP2_122,43.29064178466797
Ce2MgGe2_127,45.295652627944946
Ce2Mo2C3_12,47.463067054748535
CeAl4Ni_63,74.23588705062866
CeAlNi_189,42.71712136268616
CeAs_225,13.566783905029297
CeB6_221,26.274465560913086
CeCoC2_9,34.154132604599
CeMgPt_189,45.483163356781006
CeSi_62,39.1736159324646
CeSn3_221,20.015226364135742
Co2P_62,52.92790865898132
Cr5O12_60,302.19302129745483
Cs2CaH4_139,174.65408873558044
Cs2NaAlH6_225,72.80189418792725
Cs2SnBr6_225,72.62658286094666
Cs2TlInBr6_225,93.34307551383972
CsCSN_62,75.14499568939209
CsCdBr3_194,63.036580085754395
CsTi6O12_87,216.49349856376648
CsTiCl3_194,57.47224712371826
Cu2GeSe3_44,34.655001401901245
Cu3Pd_221,19.298593044281006
CuTe_59,18.492732763290405
DyAsO4_141,85.5235345363617
DyGeAu_186,28.912031650543213
DyGe_63,19.5503146648407
DyIr2_227,39.553900480270386
DyNi5_191,37.05524969100952
DyP_225,12.965038776397705
Er(SiPd)2_139,24.67331051826477
Er2Pt_62,75.87586283683777
ErCdPd2_225,28.48699641227722
ErPt3_221,16.621912479400635
ErTlTe2_166,23.982375383377075
Eu(AlGe)2_164,37.26231050491333
Eu(SiPd)2_139,25.052001953125
Fe13Co3_123,92.04888772964478
Fe15Co_221,64.56367492675781
Fe2Si_164,29.815753936767578
Fe3Ge_221,18.072408199310303
Fe3Mo3N_227,177.73312902450562
Fe3Pt_221,18.436922311782837
Fe7W6_166,334.00934171676636
FeAs2_58,32.103068590164185
FeP2_58,24.567280530929565
FeP4_15,103.12171840667725
FePt3_221,15.647714376449585
FeS2_58,27.235031127929688
Ga2Au_225,18.84005832672119
Ga2HgTe4_82,70.38931679725647
GaCl2_52,110.3059561252594
GaCuPt2_123,21.383418321609497
GaN_225,44.13626027107239
GaP_186,19.740844011306763
GaRh_221,10.39103651046753
GdAlPd_189,46.2825653553009
GdS_225,13.493563890457153
GeO2_136,26.371586084365845
GePdS3_12,53.38278150558472
Ge_227,34.31198334693909
H2O_36,95.51413106918335
Hf(CoSi)2_139,42.26246404647827
Hf2CoTc_225,30.216546535491943
Hf2In5_127,78.03266072273254
Hf3Sb_82,88.18188428878784
Hf4Al3_191,35.98807406425476
HfAlCu2_225,77.43479037284851
HfBRh3_221,30.621654987335205
HfC_225,38.528024196624756
HfGaCo2_225,24.8391330242157
HfOs2_194,63.77250528335571
HfPaTc2_225,26.915176391601562
HfSe2_164,16.39559245109558
HgPPd5_123,32.017897844314575
Ho(CoB)2_139,39.71774482727051
Ho(CoSi)2_139,27.369337797164917
Ho(SiOs)2_139,27.67737579345703
Ho2MgAl_225,39.71704888343811
Ho2TlAg_225,30.295893669128418
Ho2TlCd_225,32.69307327270508
HoCd2_191,23.193868398666382
HoCdCu4_216,43.7918906211853
HoGa2Pd_63,44.72542095184326
HoGa2_191,14.988120794296265
HoP_225,13.92978811264038
HoTaRu2_225,29.488994359970093
HoZnRh2_225,32.6317720413208
I_64,31.271604776382446
InAgTe2_122,63.16180205345154
InBr3_12,45.397247552871704
InCl3_194,48.321075201034546
InCuSe2_122,43.805959939956665
InSe_194,57.36270451545715
In_225,8.872383117675781
Ir3Ru_139,33.254754304885864
K2CN2_12,22.167430877685547
K2Cu(ClF)2_64,91.83090090751648
K2Cu(PO3)4_9,173.53503942489624
K2MnCl6_225,56.17164707183838
K2UO4_139,49.533162117004395
K3AuO_221,25.98510718345642
K3BN2_14,140.70170783996582
K3PO4_62,151.4563024044037
K4ZnP2_166,121.76123762130737
KAgF4_140,63.918015241622925
KCd13_226,186.63261318206787
KClO4_62,101.54729056358337
KGe2N3_36,70.93942785263062
KHgAs_194,40.83890175819397
KIO4_88,57.99677038192749
KMgSb_129,28.90103507041931
KRuF6_166,32.845744132995605
KSb(PS3)2_4,93.5865330696106
KUO3_221,21.512083053588867
LaB2Rh2C_139,86.1467821598053
LaC2_139,17.676269054412842
LaCd_221,12.46442461013794
LaCoGe3_107,24.53085470199585
LaF3_165,120.2655782699585
LaGa3Pd2_191,29.450327396392822
LaGa6_125,88.80701494216919
LaSi_63,41.05065989494324
LaZn_221,9.547240257263184
Li2AgAu_225,23.146151542663574
Li2AgSn_216,37.91889810562134
Li2CaSi_225,28.838871002197266
Li2CeN2_164,26.11742067337036
Li2InPd_216,30.601348876953125
Li2LaIn_225,30.873844146728516
Li2NdIn_225,23.73884081840515
Li2TiF6_136,78.92305207252502
Li3Al2_166,41.85749578475952
Li3LaP2_164,29.88233757019043
Li5Tl2_166,91.25735783576965
Li8SiO6_185,142.91182827949524
LiAg2Sn_225,36.03128242492676
LiAg3_139,29.30954670906067
LiAg_221,9.314321517944336
LiAl2Pt_225,80.19414806365967
LiAl2Rh_225,115.3329930305481
LiAlAg2_225,22.160557746887207
LiAl_227,40.02204704284668
LiBC_194,28.11198592185974
LiB_194,19.687877416610718
LiBr_186,20.125885486602783
LiCa2Al_225,26.36197543144226
LiCaPb_187,64.70496439933777
LiCdPd2_225,22.1151762008667
LiCo2Si_225,24.8608078956604
LiCuO_139,76.81017017364502
LiErTl2_225,30.133543491363525
LiFeP_129,29.60279941558838
LiFeRh2_225,21.311152696609497
LiGa2Pt_225,24.163048267364502
LiGaAu2_225,22.172158241271973
LiHfIr2_225,22.55259871482849
LiHoSe2_166,61.1190767288208
LiInAu2_225,27.999353408813477
LiIr3_44,21.87365198135376
LiMgAu2_225,31.97287154197693
LiMnPt2_225,25.87501883506775
LiN3_12,19.8755202293396
LiNbO2_194,47.289511919021606
LiPm2Si_225,34.673096656799316
LiSbPd2_225,40.60896706581116
LiSc2Ir_225,28.52223563194275
LiSi_88,144.47127866744995
LiSn2N3_36,87.27313947677612
LiTaIr2_225,23.551162481307983
LiTi2N3_63,61.077064514160156
LiTl2InCl6_225,69.5127444267273
LiTlPd2_139,30.01067280769348
LiVRh2_225,22.13764238357544
Li_229,11.909987688064575
Lu(CoGe)2_139,23.056907892227173
Lu(CuSi)2_139,22.41166377067566
Lu(SiRu)2_139,23.20619773864746
Lu2Fe14B_136,329.3389687538147
Lu3AlN_221,29.08017873764038
LuAlB4_55,113.82129216194153
LuNi2_227,33.68558621406555
LuTlTe2_166,23.821502685546875
LuZnPd2_225,32.44662070274353
LuZn_221,11.846679210662842
Mg2AgAu_225,27.893778085708618
Mg2As2O7_12,54.01085042953491
Mg2Cu_70,66.74248266220093
Mg2VN3_36,59.45709490776062
Mg3B7ClO13_29,446.03819394111633
Mg3Hg_155,255.7199969291687
Mg3Rh_185,122.92137169837952
Mg3Tl_194,45.9850218296051
MgAl2O4_227,219.39395999908447
MgB4_62,88.58979678153992
MgInAg2_225,26.966285943984985
MgInRh2_225,31.603711366653442
MgMnGe_129,26.010300159454346
MgPSe3_148,96.4494559764862
MgPd5_155,36.03253102302551
MgScPd2_225,28.93606472015381
MgSiN2_33,63.9914984703064
MgSnAu_216,52.279157876968384
MgTaRu2_225,22.64649248123169
MgTi2O5_63,94.18209624290466
MgZrPd2_225,30.60506010055542
Mn(CrSe2)2_12,42.390403509140015
Mn2Nb_194,78.11766028404236
Mn2P_189,47.587369441986084
Mn2Sb_129,25.648632049560547
Mn3PtN_221,22.17720890045166
MnAlPt_194,29.36637854576111
MnCuPd2_225,24.701236486434937
MnGaCo2_225,24.699388027191162
MnGeRu2_225,25.421810150146484
MnSbIr_216,61.29453158378601
MnSbRh2_123,16.482922554016113
MnSiRu2_225,21.463712453842163
MnSnRh2_225,22.127097368240356
Na(BH)6_14,314.76052618026733
Na2H4Pd_139,36.959821462631226
Na2H6Pt_225,74.77130365371704
Na3AlP2_72,72.47966194152832
Na3BN2_14,117.18400621414185
Na4I2O_139,45.36727952957153
Na6ZnS4_186,176.29814457893372
NaAlGe_129,25.030468225479126
NaBeAs_194,31.701690912246704
NaBrO3_198,81.46282696723938
NaLi2Sb_225,27.97735023498535
NaNiN_62,84.5403265953064
NaSbS2_15,54.7134735584259
NaSi2N3_36,53.70766854286194
NaSmO2_141,43.36370515823364
NaSnSb_186,34.17951273918152
NaTiS2_166,74.47079181671143
NaTl2GaF6_225,84.53971028327942
NaTmS2_166,78.78355526924133
NaZnN_186,34.08892774581909
Nb2PC_194,35.91096901893616
Nb2SnC_194,40.101569175720215
Nb3Au2_139,66.62322616577148
Nb3B2_127,56.196919679641724
Nb3Ru_225,31.35368251800537
Nb6C5_12,90.63545894622803
NbBO4_141,70.36024689674377
NbCrSi_189,62.94318342208862
NbSe2_194,37.91650104522705
NbTl3Se4_217,51.5529146194458
NbZn3_221,19.778048515319824
Nb_229,8.305443048477173
Nd2TeO2_139,24.489355325698853
NdAl2_227,39.51180911064148
NdAs_225,14.270265579223633
NdMgZn2_225,25.041014909744263
NdNiC2_38,16.829145193099976
NdPO4_14,137.33068442344666
Ni3Sn4_12,34.31738781929016
NiSe2_205,65.94784021377563
Ni_225,23.866090059280396
NpSe_225,12.043877124786377
OsO2_136,28.524581909179688
OsRu_187,9.916812181472778
PaAgO3_221,21.351799249649048
PaAs_225,12.404138565063477
PaO3_139,26.09586191177368
PdO_131,19.528767108917236
Pm2NiIr_225,24.157196760177612
Pm2TlCd_225,26.036266326904297
Pm2ZnGa_225,29.27431893348694
PmAl3_194,44.330716371536255
PmB3_194,48.138248682022095
PmI3_194,55.22913455963135
Pr(MnGe)2_139,28.51107168197632
Pr(SiNi)2_139,25.574445486068726
Pr2CBr_194,40.34864020347595
Pr2TlAg_225,28.32902455329895
PrAl3_194,43.58100366592407
PrGa2_191,15.905975580215454
PrNi5_191,28.80131697654724
PrPb3_221,19.352054834365845
PrSi2Ni_63,34.97190070152283
PrZn_221,9.925782918930054
Rb2NaErF6_225,73.89529609680176
Rb2Pt3S4_69,64.93096113204956
Rb2PtSe2_71,26.08496069908142
Rb3H(SeO4)2_9,145.3485050201416
RbGdO2_166,76.96525597572327
RbGeI3_221,32.54461932182312
RbLuO2_166,83.63852548599243
RbMgF3_221,20.37001872062683
Ru3W_194,37.002387046813965
RuS2_205,58.96369671821594
Ru_194,9.444976091384888
SbIrS_198,63.78133845329285
SbPbClO2_63,58.65480089187622
SbRu_62,35.981642961502075
Sc(MnSn)6_191,67.42857098579407
Sc2AlAg_225,25.378634929656982
Sc2Co3Si_194,72.08982563018799
Sc2NiOs_225,30.26361346244812
Sc2Pt_62,59.713446855545044
Sc2Sb_129,34.333194971084595
Sc2Si2O7_12,58.42803478240967
Sc3Al_194,45.161118268966675
Sc5Ge3_193,93.01053595542908
Sc6NiTe2_189,50.504164934158325
Sc6Si7Ni16_225,255.04345655441284
ScAlAu2_225,79.97010064125061
ScAlCo2_225,26.19915509223938
ScAu_221,18.169384002685547
ScBRh3_221,19.864399433135986
ScCu2_139,14.249960660934448
ScGa2Ni_63,39.19172549247742
ScGa5Ni_123,28.021906852722168
ScH2_225,23.550679922103882
ScInIr2_225,29.20967698097229
ScIr3_221,19.385992288589478
ScP_225,12.807257413864136
ScPd_221,8.16982889175415
ScSiCu_189,45.89654064178467
ScTc2W_225,32.231449127197266
ScZnRh2_225,23.237236976623535
Si2Os_64,126.93203043937683
Si2Pd9_62,230.65257620811462
Si3Pt2_194,51.82922959327698
Si4P4Ru_1,44.745758295059204
SiB3_74,176.60150003433228
SiC_216,31.068738222122192
SiRh_198,36.142086029052734
SiSnPt5_123,45.07335090637207
Sm(PRu)2_139,28.154993534088135
Sm(SiIr)2_139,23.504047393798828
Sm2GeRh3_166,40.45204138755798
Sm2Ti2S2O5_139,46.70339250564575
Sm2TlCd_225,27.91445755958557
SmBrO_129,28.957834005355835
SmC2_139,18.570159435272217
SmCd3_194,41.8531129360199
SmMgHg2_225,29.884473085403442
SmRh2_227,37.12470865249634
SmSi2Ni_63,36.37916326522827
Sn2Ir_225,54.48914289474487
SnPt3_221,16.885201454162598
SnS2_164,24.324835777282715
SnS_62,40.99132013320923
SnSb_225,43.612287282943726
Sr(AlSi)2_164,26.847493410110474
Sr(CdSb)2_164,32.88495135307312
Sr(CoP)2_139,25.014458894729614
Sr(Li2P)2_166,130.2786512374878
Sr2CdIn_225,33.27966523170471
Sr2IrO4_142,118.10284852981567
Sr2TbIrO6_14,139.48193097114563
Sr2TlCd_225,26.970282316207886
Sr3(AlGe)2_71,37.83879375457764
Sr3GaN3_176,69.687668800354
Sr3PN_221,32.98658871650696
Sr3SbN_221,26.59387731552124
Sr3TaGa3(SiO7)2_150,122.4802496433258
SrAcHg2_225,28.769672632217407
SrAlSi_187,16.887685537338257
SrCuAs_194,53.292306900024414
SrHI_129,29.345460653305054
SrHfO3_62,104.5571403503418
SrHgPb_186,39.24201846122742
SrI2_62,72.60917544364929
SrPIr_198,71.96187090873718
SrPt5_191,28.80929970741272
SrRuO3_62,84.37411904335022
SrSn_63,25.33553671836853
SrZn_62,45.82986402511597
Sr_194,14.866031646728516
Ta2FeMo_225,24.75414490699768
Ta2MoOs_225,39.52880597114563
Ta2PdS6_12,64.6659893989563
Ta3O7F_65,54.13115739822388
TaCoSb_216,66.49599838256836
TaCu3Se4_215,35.79198718070984
TaCuS3_62,95.94371843338013
TaGa3_139,20.8716938495636
TaIr3_221,18.988926649093628
TaV2_227,113.40400576591492
TaZnCo2_225,22.309894323349
TbGa2Co3_191,31.337785720825195
TbNiGe2_63,34.703717947006226
TbTiGe_129,27.593412399291992
TbTl_221,10.176222324371338
TcOs3_194,41.87653613090515
Te2W_31,62.33697748184204
Te4Mo3_148,69.79109406471252
Te4Pt3_166,39.35254955291748
TeO3_167,126.49915027618408
Th(GeRh)2_139,26.65549921989441
Th2S5_60,132.33571934700012
Th2TeN2_139,29.730770349502563
ThAg2_191,15.393014192581177
ThAl3Ni2_191,32.605010986328125
ThB2Ir3_191,27.668508529663086
ThBe13_226,156.83936643600464
ThC_225,17.67705464363098
ThCd2_191,20.321847200393677
ThCoC2_38,16.82436776161194
ThGe_225,13.365126132965088
ThN_225,13.659442901611328
ThPt3_194,72.45482850074768
ThSi2_191,21.6290340423584
ThSiAu_187,16.705446243286133
ThSiO4_141,113.17362141609192
Ti(CuS)4_121,46.66282033920288
Ti2AlMo_225,30.099642753601074
Ti2GeC_194,42.548110485076904
Ti2NiMo_225,24.24985980987549
Ti2OsRu_225,24.987126111984253
Ti2ReRh_225,23.304092407226562
Ti2S_58,154.41388702392578
Ti2TcNi_225,24.0511953830719
Ti5Si3_193,77.46591353416443
TiBe12_191,61.62930393218994
TiBeRh2_225,21.466260194778442
TiCr2_227,93.79856300354004
TiCu_129,21.446354150772095
TiGaNi_189,46.016035079956055
TiH2_139,18.930875062942505
TiHg_123,12.16339373588562
TiN_225,14.195517778396606
TiPRu_189,66.91272020339966
TiPd3_221,18.421839475631714
TiPt3_164,131.11478209495544
TiSbRu_216,60.17676591873169
TiSiNi_62,56.51809000968933
Ti_194,12.820489168167114
Tl(MoSe)3_176,83.49744153022766
TlClO4_216,43.64860415458679
TlSbS2_2,104.20010280609131
Tm2AgRu_225,29.04053044319153
Tm2Cr2C3_12,34.77280592918396
TmAlB4_55,116.21762800216675
TmCuPb_186,38.60133218765259
TmGa2_74,30.1024386882782
TmGaRh2_225,32.567501068115234
TmPd_221,12.554798126220703
U(ClO)2_62,93.53078436851501
UBr3_176,43.63106083869934
UGeTe_139,176.43830513954163
UO2_225,16.440600395202637
USi3_221,17.7060067653656
V2C_60,54.12324333190918
V2MoOs_225,25.084158897399902
V3Au_223,38.715251207351685
V3Ru_225,29.927793741226196
V3Si_223,38.73981046676636
V3Sn_223,31.108524084091187
VCo2Si_225,76.15180158615112
VCoB3_63,46.77628827095032
VCoSb_216,51.87684917449951
VGeRu2_225,25.545292377471924
VN_187,9.134454727172852
VPt3_221,19.017455101013184
VRh_123,8.355690956115723
VTc2Ge_225,24.814245462417603
VZnRu2_225,28.441810846328735
Y(BH4)3_205,557.5712397098541
Y(SiCu)2_139,48.09528636932373
Y2Al_62,58.75389814376831
Y2Cr2C3_12,34.33075022697449
Y3Al_221,19.86748170852661
Y4C5_55,92.34675860404968
Y5Sn3_193,103.21438527107239
YAu_221,10.697289943695068
YB4_127,85.36009359359741
YCo2_227,105.9917368888855
YCu2_74,49.89478826522827
YCu5_191,27.917699813842773
YCuSn_186,48.09944200515747
YFe5_191,34.3067512512207
YInPt2_194,48.59977602958679
YMgCu4_216,122.0354995727539
YRh3C_221,22.909393548965454
YRh_221,12.496816635131836
YSnPt_62,62.6670618057251
Yb(MnSi)2_139,74.50080108642578
Yb2MgIn_225,28.578638315200806
YbCu2_74,39.78576731681824
YbPrZn2_225,30.319694995880127
Zn(InTe2)2_82,45.30778098106384
Zn3N2_206,256.35171484947205
Zn3Pt_139,34.1089506149292
Zn4B6O13_217,128.94905471801758
ZnCu_221,15.151337623596191
ZnGeN2_33,86.50610518455505
ZnO_225,32.429898500442505
ZnPt_123,11.633663654327393
ZnRh_221,10.233736038208008
ZnSiRh2_225,21.318044900894165
Zr(TiGa2)2_139,40.248724937438965
Zr2Ag_139,14.413371324539185
Zr2CoTc_225,29.234421491622925
Zr2CuOs_225,34.53074550628662
Zr2InCo2_127,63.767502784729004
Zr2SN2_194,53.71527862548828
ZrBi_63,65.35968613624573
ZrIn2_141,56.30419373512268
ZrOs2_194,63.58365273475647
ZrTe5_63,66.91857147216797
ZrZnRh2_225,22.155957221984863
