id,i,j,pair,length,rho_mid
Si_227,0,1,Si-Si,2.367971096504281,0.5616402728411839
Si_227,0,3,Si-Si,2.367971096504281,0.5616402728411841
Si_227,0,5,Si-Si,2.367971096504281,0.5616402728411841
Si_227,0,7,Si-Si,2.3679710965042813,0.5616402728411842
Si_227,1,2,Si-Si,2.367971096504281,0.5616402728411841
Si_227,1,4,Si-Si,2.367971096504281,0.561640272841184
Si_227,1,6,Si-Si,2.3679710965042813,0.5616402728411842
Si_227,2,3,Si-Si,2.367971096504281,0.5616402728411843
Si_227,2,5,Si-Si,2.3679710965042813,0.5616402728411846
Si_227,2,7,Si-Si,2.367971096504281,0.561640272841184
Si_227,3,4,Si-Si,2.3679710965042813,0.5616402728411846
Si_227,3,6,Si-Si,2.367971096504281,0.5616402728411841
Si_227,4,5,Si-Si,2.367971096504281,0.5616402728411843
Si_227,4,7,Si-Si,2.367971096504281,0.5616402728411841
Si_227,5,6,Si-Si,2.367971096504281,0.5616402728411841
Si_227,6,7,Si-Si,2.367971096504281,0.5616402728411839
GaAs_216,0,4,As-Ga,2.488939689968401,0.43307152658262005
GaAs_216,0,5,As-Ga,2.488939689968401,0.4330715265783019
GaAs_216,0,6,As-Ga,2.4889396899684004,0.43307154259845937
GaAs_216,0,7,As-Ga,2.488939689968401,0.43307152658262005
GaAs_216,1,4,As-Ga,2.4889396899684013,0.43307152657830167
GaAs_216,1,5,As-Ga,2.488939689968401,0.43307152658262005
GaAs_216,1,6,As-Ga,2.488939689968401,0.4330715265826348
GaAs_216,1,7,As-Ga,2.488939689968401,0.4330715425984588
GaAs_216,2,4,As-Ga,2.488939689968401,0.43307154259845876
GaAs_216,2,5,As-Ga,2.488939689968401,0.43307152658262027
GaAs_216,2,6,As-Ga,2.4889396899684013,0.43307152658262066
GaAs_216,2,7,As-Ga,2.4889396899684013,0.4330715265783015
GaAs_216,3,4,As-Ga,2.4889396899684013,0.4330715265826197
GaAs_216,3,5,As-Ga,2.488939689968401,0.43307154259845904
GaAs_216,3,6,As-Ga,2.4889396899684013,0.43307152657830134
GaAs_216,3,7,As-Ga,2.4889396899684013,0.43307152658263237
ZnO_186,0,2,O-Zn,2.01063149427,0.5415504546545958
ZnO_186,0,3,O-Zn,2.0030889956425955,0.5498852156670865
ZnO_186,0,3,O-Zn,2.0030943326346415,0.5499043366479233
ZnO_186,0,3,O-Zn,2.003088939017778,0.5498734389801361
ZnO_186,1,2,O-Zn,2.003088939017778,0.5498803476419357
ZnO_186,1,2,O-Zn,2.0030943326346415,0.5499033057436974
ZnO_186,1,2,O-Zn,2.0030889956425955,0.5498685707926008
ZnO_186,1,3,O-Zn,2.0106314942699997,0.541550419410129
NaCl_225,0,4,Cl-Na,2.8491785,0.12481696420621027
NaCl_225,0,4,Cl-Na,2.8491785,0.12481696420621094
NaCl_225,0,5,Cl-Na,2.8491785,0.12481696420621029
NaCl_225,0,5,Cl-Na,2.8491785,0.1248169642062109
NaCl_225,0,6,Cl-Na,2.8491785,0.12481696420621011
NaCl_225,0,6,Cl-Na,2.8491785,0.12481696420621079
NaCl_225,1,4,Cl-Na,2.8491785,0.1248169642062109
NaCl_225,1,4,Cl-Na,2.8491785,0.1248169642062115
NaCl_225,1,5,Cl-Na,2.8491785,0.124816964206211
NaCl_225,1,5,Cl-Na,2.8491785,0.12481696420621155
NaCl_225,1,7,Cl-Na,2.8491785,0.12481696420621065
NaCl_225,1,7,Cl-Na,2.8491785,0.12481696420621127
NaCl_225,2,4,Cl-Na,2.8491785,0.12481696420621136
NaCl_225,2,4,Cl-Na,2.8491785,0.12481696420621198
NaCl_225,2,6,Cl-Na,2.8491785,0.124816964206211
NaCl_225,2,6,Cl-Na,2.8491785,0.12481696420621155
NaCl_225,2,7,Cl-Na,2.8491785,0.12481696420621022
NaCl_225,2,7,Cl-Na,2.8491785,0.12481696420621084
NaCl_225,3,5,Cl-Na,2.8491785,0.12481696420621087
NaCl_225,3,5,Cl-Na,2.8491785,0.12481696420621144
NaCl_225,3,6,Cl-Na,2.8491785,0.12481696420621095
NaCl_225,3,6,Cl-Na,2.8491785,0.12481696420621156
NaCl_225,3,7,Cl-Na,2.8491785,0.12481696420621027
NaCl_225,3,7,Cl-Na,2.8491785,0.12481696420621094
MgO_225,0,4,Mg-O,2.126798,0.30133259653586525
MgO_225,0,4,Mg-O,2.126798,0.30133259653586497
MgO_225,0,5,Mg-O,2.126798,0.30133259653586475
MgO_225,0,5,Mg-O,2.126798,0.3013325965358647
MgO_225,0,7,Mg-O,2.126798,0.30133259653586486
MgO_225,0,7,Mg-O,2.126798,0.3013325965358648
MgO_225,1,4,Mg-O,2.126798,0.3013325965358647
MgO_225,1,4,Mg-O,2.126798,0.3013325965358647
MgO_225,1,5,Mg-O,2.126798,0.3013325965358649
MgO_225,1,5,Mg-O,2.126798,0.30133259653586464
MgO_225,1,6,Mg-O,2.126798,0.3013325965358644
MgO_225,1,6,Mg-O,2.126798,0.3013325965358646
MgO_225,2,5,Mg-O,2.126798,0.30133259653586447
MgO_225,2,5,Mg-O,2.126798,0.3013325965358644
MgO_225,2,6,Mg-O,2.126798,0.30133259653586514
MgO_225,2,6,Mg-O,2.126798,0.30133259653586486
MgO_225,2,7,Mg-O,2.126798,0.3013325965358647
MgO_225,2,7,Mg-O,2.126798,0.3013325965358647
MgO_225,3,4,Mg-O,2.126798,0.3013325965358647
MgO_225,3,4,Mg-O,2.126798,0.30133259653586486
MgO_225,3,6,Mg-O,2.126798,0.30133259653586475
MgO_225,3,6,Mg-O,2.126798,0.3013325965358647
MgO_225,3,7,Mg-O,2.126798,0.301332596535865
MgO_225,3,7,Mg-O,2.126798,0.30133259653586475
LiF_225,0,4,F-Li,2.040743,0.24392821084829178
LiF_225,0,4,F-Li,2.040743,0.2439282108482911
LiF_225,0,5,F-Li,2.040743,0.24392821084829253
LiF_225,0,5,F-Li,2.040743,0.24392821084829053
LiF_225,0,7,F-Li,2.040743,0.24392821084829386
LiF_225,0,7,F-Li,2.040743,0.2439282108482926
LiF_225,1,4,F-Li,2.040743,0.2439282108482916
LiF_225,1,4,F-Li,2.040743,0.24392821084829006
LiF_225,1,5,F-Li,2.040743,0.2439282108482915
LiF_225,1,5,F-Li,2.040743,0.24392821084829086
LiF_225,1,6,F-Li,2.040743,0.24392821084829208
LiF_225,1,6,F-Li,2.040743,0.24392821084829128
LiF_225,2,5,F-Li,2.040743,0.2439282108482911
LiF_225,2,5,F-Li,2.040743,0.24392821084828986
LiF_225,2,6,F-Li,2.040743,0.24392821084829208
LiF_225,2,6,F-Li,2.040743,0.2439282108482914
LiF_225,2,7,F-Li,2.040743,0.24392821084829153
LiF_225,2,7,F-Li,2.040743,0.24392821084828986
LiF_225,3,4,F-Li,2.040743,0.2439282108482929
LiF_225,3,4,F-Li,2.040743,0.24392821084829208
LiF_225,3,6,F-Li,2.040743,0.24392821084829272
LiF_225,3,6,F-Li,2.040743,0.24392821084829094
LiF_225,3,7,F-Li,2.040743,0.24392821084829122
LiF_225,3,7,F-Li,2.040743,0.24392821084829056
Al_225,0,1,Al-Al,2.855546791125038,0.20273975174999315
Al_225,0,1,Al-Al,2.855546791125038,0.2027397517499931
Al_225,0,1,Al-Al,2.855546791125038,0.20273975174999315
Al_225,0,1,Al-Al,2.855546791125038,0.2027397517499931
Al_225,0,2,Al-Al,2.855546791125038,0.20273975174999315
Al_225,0,2,Al-Al,2.855546791125038,0.20273975174999312
Al_225,0,2,Al-Al,2.855546791125038,0.20273975174999315
Al_225,0,2,Al-Al,2.855546791125038,0.20273975174999312
Al_225,0,3,Al-Al,2.855546791125038,0.20273975174999323
Al_225,0,3,Al-Al,2.855546791125038,0.20273975174999323
Al_225,0,3,Al-Al,2.855546791125038,0.20273975174999323
Al_225,0,3,Al-Al,2.855546791125038,0.20273975174999323
Al_225,1,2,Al-Al,2.855546791125038,0.20273975174999323
Al_225,1,2,Al-Al,2.855546791125038,0.20273975174999323
Al_225,1,2,Al-Al,2.855546791125038,0.20273975174999323
Al_225,1,2,Al-Al,2.855546791125038,0.20273975174999323
Al_225,1,3,Al-Al,2.855546791125038,0.20273975174999312
Al_225,1,3,Al-Al,2.855546791125038,0.20273975174999315
Al_225,1,3,Al-Al,2.855546791125038,0.20273975174999312
Al_225,1,3,Al-Al,2.855546791125038,0.20273975174999315
Al_225,2,3,Al-Al,2.855546791125038,0.2027397517499931
Al_225,2,3,Al-Al,2.855546791125038,0.20273975174999315
Al_225,2,3,Al-Al,2.855546791125038,0.2027397517499931
Al_225,2,3,Al-Al,2.855546791125038,0.20273975174999315
Cu_225,0,1,Cu-Cu,2.569176322919079,0.2570025577636302
Cu_225,0,1,Cu-Cu,2.569176322919079,0.25700255776363
Cu_225,0,1,Cu-Cu,2.569176322919079,0.25700255776363
Cu_225,0,1,Cu-Cu,2.569176322919079,0.2570025577636302
Cu_225,0,2,Cu-Cu,2.569176322919079,0.2570025577636284
Cu_225,0,2,Cu-Cu,2.569176322919079,0.25700255776362935
Cu_225,0,2,Cu-Cu,2.569176322919079,0.2570025577636293
Cu_225,0,2,Cu-Cu,2.569176322919079,0.25700255776362846
Cu_225,0,3,Cu-Cu,2.569176322919079,0.25700255776362996
Cu_225,0,3,Cu-Cu,2.569176322919079,0.25700255776362696
Cu_225,0,3,Cu-Cu,2.569176322919079,0.2570025577636312
Cu_225,0,3,Cu-Cu,2.569176322919079,0.25700255776362974
Cu_225,1,2,Cu-Cu,2.569176322919079,0.2570025577636274
Cu_225,1,2,Cu-Cu,2.569176322919079,0.2570025577636292
Cu_225,1,2,Cu-Cu,2.569176322919079,0.2570025577636316
Cu_225,1,2,Cu-Cu,2.569176322919079,0.2570025577636294
Cu_225,1,3,Cu-Cu,2.569176322919079,0.2570025577636291
Cu_225,1,3,Cu-Cu,2.569176322919079,0.25700255776362874
Cu_225,1,3,Cu-Cu,2.569176322919079,0.2570025577636287
Cu_225,1,3,Cu-Cu,2.569176322919079,0.25700255776362896
Cu_225,2,3,Cu-Cu,2.569176322919079,0.2570025577636302
Cu_225,2,3,Cu-Cu,2.569176322919079,0.25700255776363
Cu_225,2,3,Cu-Cu,2.569176322919079,0.25700255776363
Cu_225,2,3,Cu-Cu,2.569176322919079,0.2570025577636302
SrTiO3_221,0,2,O-Sr,2.787793940672086,0.1361652869971111
SrTiO3_221,0,2,O-Sr,2.787793940672086,0.13616528699711158
SrTiO3_221,0,2,O-Sr,2.787793940672086,0.1361652869971116
SrTiO3_221,0,2,O-Sr,2.787793940672086,0.13616528699711114
SrTiO3_221,0,3,O-Sr,2.787793940672086,0.1361652869971125
SrTiO3_221,0,3,O-Sr,2.787793940672086,0.1361652869971111
SrTiO3_221,0,3,O-Sr,2.787793940672086,0.13616528699711095
SrTiO3_221,0,3,O-Sr,2.787793940672086,0.1361652869971126
SrTiO3_221,0,4,O-Sr,2.787793940672086,0.13616528699711145
SrTiO3_221,0,4,O-Sr,2.787793940672086,0.13616528699711103
SrTiO3_221,0,4,O-Sr,2.787793940672086,0.13616528699711128
SrTiO3_221,0,4,O-Sr,2.787793940672086,0.1361652869971115
SrTiO3_221,1,2,O-Ti,1.971268,0.5210860561375442
SrTiO3_221,1,2,O-Ti,1.971268,0.521086056137544
SrTiO3_221,1,3,O-Ti,1.971268,0.5210860561375439
SrTiO3_221,1,3,O-Ti,1.971268,0.5210860561375436
SrTiO3_221,1,4,O-Ti,1.971268,0.5210860561375418
SrTiO3_221,1,4,O-Ti,1.971268,0.5210860561375417
Al2O3_167,0,14,Al-O,1.9897004697599125,0.48925694053070345
Al2O3_167,0,15,Al-O,1.8727865801283898,0.621668131980616
Al2O3_167,0,20,Al-O,1.9897002433733446,0.48922446197074415
Al2O3_167,0,23,Al-O,1.989700292161678,0.4892323722476989
Al2O3_167,0,24,Al-O,1.872786258974856,0.6217020485614684
Al2O3_167,0,27,Al-O,1.8727863683797872,0.6216802242248691
Al2O3_167,1,12,Al-O,1.9897057439909167,0.48925482338552695
Al2O3_167,1,16,Al-O,1.8727825459678824,0.6216679462191146
Al2O3_167,1,18,Al-O,1.989707294229938,0.4892211108148602
Al2O3_167,1,21,Al-O,1.9897091196330168,0.48922769562605906
Al2O3_167,1,25,Al-O,1.872780337268053,0.6217036699634415
Al2O3_167,1,28,Al-O,1.8727780566166634,0.621684162658355
Al2O3_167,2,13,Al-O,1.989700469759912,0.4892502410036422
Al2O3_167,2,17,Al-O,1.8727806584226019,0.6216700926811944
Al2O3_167,2,19,Al-O,1.9896984667493407,0.48921899723248397
Al2O3_167,2,22,Al-O,1.9896967389072109,0.48922823228624324
Al2O3_167,2,26,Al-O,1.8727822248131494,0.6217022094403831
Al2O3_167,2,29,Al-O,1.8727847242743758,0.6216780610393422
Al2O3_167,3,14,Al-O,1.9897004697599123,0.489230846420281
Al2O3_167,3,17,Al-O,1.872786320008425,0.6216702153064633
Al2O3_167,3,20,Al-O,1.9897002433733444,0.4892472238909184
Al2O3_167,3,23,Al-O,1.989700292161678,0.4892353881391165
Al2O3_167,3,26,Al-O,1.8727865905528502,0.6217016593687966
Al2O3_167,3,29,Al-O,1.8727862969217586,0.6216608479310934
Al2O3_167,4,12,Al-O,1.9896969165046026,0.4892267071407932
Al2O3_167,4,15,Al-O,1.8727803983018136,0.6216721769661715
Al2O3_167,4,18,Al-O,1.9896984667505015,0.489241758775018
Al2O3_167,4,21,Al-O,1.9897002921616787,0.489228688897138
Al2O3_167,4,24,Al-O,1.8727849464489759,0.6216994968897384
Al2O3_167,4,27,Al-O,1.872782262758791,0.6216610087186785
Al2O3_167,5,13,Al-O,1.989709297230464,0.48922616984906836
Al2O3_167,5,16,Al-O,1.8727822858472478,0.6216700302529472
Al2O3_167,5,19,Al-O,1.9897072942287792,0.4892438725685153
Al2O3_167,5,22,Al-O,1.9897055663943148,0.48923327119649224
Al2O3_167,5,25,Al-O,1.8727782787908218,0.6217055991763547
Al2O3_167,5,28,Al-O,1.8727803752150753,0.621662469448001
Al2O3_167,6,13,Al-O,1.8727862969217592,0.6217131411969095
Al2O3_167,6,16,Al-O,1.9897002433733442,0.4892237763039871
Al2O3_167,6,19,Al-O,1.8727863200084256,0.6216663497920343
Al2O3_167,6,22,Al-O,1.8727865905528507,0.6216356714774924
Al2O3_167,6,25,Al-O,1.9897002921616778,0.489231317603624
Al2O3_167,6,28,Al-O,1.9897004697599119,0.48923567800240775
Al2O3_167,7,14,Al-O,1.8727803752150747,0.6217147623740512
Al2O3_167,7,17,Al-O,1.989707294228779,0.48922042515515474
Al2O3_167,7,20,Al-O,1.8727822858472478,0.6216661648498986
Al2O3_167,7,23,Al-O,1.8727782787908216,0.6216396105009483
Al2O3_167,7,26,Al-O,1.989705566394314,0.48922920055646657
Al2O3_167,7,29,Al-O,1.9897092972304633,0.48923100107070056
Al2O3_167,8,12,Al-O,1.8727822627587911,0.6217133021192707
Al2O3_167,8,15,Al-O,1.9896984667505013,0.4892183116661605
Al2O3_167,8,18,Al-O,1.8727803983018156,0.6216683116705741
Al2O3_167,8,21,Al-O,1.872784946448976,0.6216335096633225
Al2O3_167,8,24,Al-O,1.9897002921616778,0.4892246183371194
Al2O3_167,8,27,Al-O,1.9896969165046017,0.489231538061133
Al2O3_167,9,12,Al-O,1.872786368379788,0.621674739525938
Al2O3_167,9,16,Al-O,1.989700243373343,0.48924623267167183
Al2O3_167,9,18,Al-O,1.8727865801283905,0.6216863149069592
Al2O3_167,9,21,Al-O,1.872786258974857,0.621672262491079
Al2O3_167,9,25,Al-O,1.9897002921616767,0.4892346574357811
Al2O3_167,9,28,Al-O,1.9897004697599106,0.48920983116197186
Al2O3_167,10,13,Al-O,1.8727847242743763,0.6216725765815104
Al2O3_167,10,17,Al-O,1.9896984667493411,0.4892407676640872
Al2O3_167,10,19,Al-O,1.8727806584226026,0.621688276238419
Al2O3_167,10,22,Al-O,1.8727822248131487,0.6216724233479867
Al2O3_167,10,26,Al-O,1.9896967389072104,0.4892305176164474
Al2O3_167,10,29,Al-O,1.9897004697599119,0.48920313176638364
Al2O3_167,11,14,Al-O,1.8727780566166634,0.6216786779875981
Al2O3_167,11,15,Al-O,1.9897072942299392,0.48924288127106524
Al2O3_167,11,20,Al-O,1.8727825459678826,0.6216861285961225
Al2O3_167,11,23,Al-O,1.872780337268053,0.6216738836166552
Al2O3_167,11,24,Al-O,1.989709119633017,0.48922998062856793
Al2O3_167,11,27,Al-O,1.9897057439909172,0.4892077140261508
