targets,features,n,rmse,loo_rmse,spearman_loo
verified,legacy default: f_int/lnf + V_spread,32,0.1741204569120387,0.1893262127999305,0.7996701217702619
verified,V_spread,32,0.2382568705861501,0.28484083795614873,0.6659331365051734
verified,f_int/lnf,32,0.2704489377778984,0.28887733785045056,0.20968638430452152
verified,rho_min_int_ratio,32,0.2823237462766637,0.308680708822467,0.11796005696221117
verified,def_polarity_out,32,0.26039055005645634,0.2743361389706638,0.4197396739184123
verified,rho_min_int_ratio + V_spread,32,0.2376803781040601,0.31274113066307113,0.5360486569884618
verified,rho_min_int_ratio + def_polarity_out,32,0.2599270901575114,0.2934694010084468,0.26729051787549246
verified,Pauling ionicity (compositional baseline),32,0.17055261166653027,0.18386062177727008,0.8082996694821888
all,legacy default: f_int/lnf + V_spread,62,0.22818826258361,0.2415738102156386,0.48452336531055223
all,V_spread,62,0.27412237746611245,0.3151911487459797,0.2907694278256744
all,f_int/lnf,62,0.28918483207085155,0.2982419118210984,0.24007052282670668
all,rho_min_int_ratio,62,0.28069756294609327,0.29582592108378636,0.43337111689877694
all,def_polarity_out,62,0.24743482152234172,0.2560484006473457,0.5196322940579744
all,rho_min_int_ratio + V_spread,62,0.24416971101412446,0.2724582683075789,0.4212315877335994
all,rho_min_int_ratio + def_polarity_out,62,0.24742690813607404,0.2651341464233443,0.49625992255323426
all,Pauling ionicity (compositional baseline),62,0.18451426248583577,0.19216460478056352,0.8198992445925992
