id,n_atoms,V_spread_hartree,V_spread_esp,zval_std,net_charge_std,hirshfeld_std,rho_mid_mean,rho_mid_std
Si_227,8,3.175004927963578e-14,3.1776437161565096e-14,0.0,3.020133145511626e-14,6.416282295162952e-15,0.5616402728411842,2.0014830212433605e-16
GaAs_216,8,7.06928182066838,6.432350910962115,1.0,0.02812715759376716,0.11008126094419046,0.43307153058550185,6.935684238621618e-09
ZnO_186,4,63.319112829894046,29.750899924153224,3.0,1.0399341434399028,0.3522382680791114,0.547802011192263,0.003609367586773037
NaCl_225,8,35.374042255093045,7.0651022141059325,3.0,0.3768952341614521,0.1689522209494946,0.12481696420621097,4.876188071135151e-16
MgO_225,8,60.17285501250404,37.878161328207234,2.0,1.0612291998498768,0.33248165112852707,0.3013325965358648,2.033305096130747e-16
LiF_225,8,81.23580853088474,49.28746333882018,3.0,0.45206633205653923,0.17778514594812514,0.2439282108482915,9.750401110797198e-16
Al_225,4,3.1401849173675503e-16,4.351167857633658e-15,0.0,5.789906212186534e-14,2.7976739077293704e-15,0.20273975174999315,5.434236451787649e-17
Cu_225,4,5.859285502108464e-14,1.5888218580782548e-14,0.0,1.1469200318487933e-14,1.459426066677148e-14,0.25700255776362946,1.0300771835293417e-15
SrTiO3_221,5,35.95410106836465,39.12920523078774,1.9595917942265424,1.4489783500973559,0.36748046333934314,0.2644722100439221,0.18145339071916053
Al2O3_167,30,54.42065087609946,41.2952257964675,1.4696938456699067,1.3494740190922216,0.3448296609102795,0.5554546741769164,0.06622355451163912
