descriptor,n,median_rel,p90_rel,spearman,r2
lap_concentration,605,2.220446049250313e-16,4.440892098500626e-16,0.0387009775087658,-0.1718020541549954
lnf,605,0.061554117160528,0.3273491483206502,0.8934250619523121,0.7183639258819627
lnf_charge_weighted,605,0.0101994522292052,0.0429522059082684,0.95282265734099,0.8514798749735576
lap_concentration_valence,605,0.0646485536103626,0.7759153580433789,0.9767772397197056,0.9722143215427992
rho_mid_std,605,0.0182601660993063,0.417947881958624,0.9991048412487248,0.9996200017683564
rho_mid_mean,605,0.0045158151413397,0.0139210468725014,0.9997633538188256,0.999721710257216
f_int,605,0.0041310708650536,0.0129276847711961,0.999766009111447,0.9996682760364332
V_int_min,605,0.0022915706378719,0.0084811272850327,0.9999109122230704,0.9999121236800512
V_spread,605,0.0030280071766682,0.0182939219527862,0.9999410958555216,0.9999511873099926
