id,site,element,zval,V_hartree,V_esp,Q_nearest,q_net,q_hirshfeld
Si_227,0,Si,4.0,6.546410421280717,-33.056195844793685,4.0000000003028875,-3.028874928645564e-10,-3.028652884040639e-10
Si_227,1,Si,4.0,6.5464104212807275,-33.05619584479368,4.000000000302853,-3.028528539061881e-10,-3.028599593335457e-10
Si_227,2,Si,4.0,6.546410421280681,-33.0561958447937,4.000000000302885,-3.028848283292973e-10,-3.028581829767063e-10
Si_227,3,Si,4.0,6.546410421280698,-33.05619584479371,4.000000000302853,-3.028528539061881e-10,-3.028599593335457e-10
Si_227,4,Si,4.0,6.546410421280717,-33.05619584479368,4.000000000302928,-3.029283490718626e-10,-3.028706174745821e-10
Si_227,5,Si,4.0,6.546410421280711,-33.056195844793706,4.000000000302894,-3.028937101134943e-10,-3.028617356903851e-10
Si_227,6,Si,4.0,6.546410421280793,-33.056195844793606,4.000000000302945,-3.029452244618369e-10,-3.028786110803594e-10
Si_227,7,Si,4.0,6.546410421280746,-33.0561958447937,4.00000000030289,-3.028901573998155e-10,-3.028626238688048e-10
GaAs_216,0,Ga,3.0,0.987188706986597,-27.257035304536366,2.971872838412345,0.028127161587654825,0.11008126493808668
GaAs_216,1,Ga,3.0,0.9871887069865375,-27.2570353045364,2.9718728384123487,0.028127161587651273,0.11008126493808623
GaAs_216,2,Ga,3.0,0.9871887069865575,-27.257035304536394,2.9718728384123074,0.028127161587692573,0.11008126493808623
GaAs_216,3,Ga,3.0,0.9871887069865837,-27.257035304536377,2.9718728384123136,0.028127161587686356,0.1100812649380769
GaAs_216,4,As,5.0,15.12575234832332,-40.121737126460616,5.028127153599864,-0.028127153599863952,-0.11008125695029136
GaAs_216,5,As,5.0,15.125752348323324,-40.121737126460616,5.02812715359987,-0.02812715359987017,-0.11008125695031001
GaAs_216,6,As,5.0,15.125752348323331,-40.121737126460616,5.02812715359986,-0.0281271535998604,-0.11008125695028959
GaAs_216,7,As,5.0,15.125752348323335,-40.12173712646061,5.028127153599858,-0.028127153599857735,-0.11008125695029669
ZnO_186,0,Zn,12.0,212.3246057899471,106.09515245526993,10.960068757404455,1.0399312425955447,0.3522364912001805
ZnO_186,1,Zn,12.0,212.3245538919556,106.09510055727839,10.96006303480293,1.0399369651970698,0.3522399658718083
ZnO_186,2,O,6.0,85.68636415573076,46.59333663254212,7.039937044277023,-1.039937044277023,-0.35223969652312626
ZnO_186,3,O,6.0,85.68634420660797,46.593316683419275,7.039931321674228,-1.0399313216742279,-0.3522369187072849
NaCl_225,0,Na,1.0,-15.712300709492773,-11.74056074895485,0.6231047676210937,0.3768952323789063,0.16895221916688064
NaCl_225,1,Na,1.0,-15.71230070949279,-11.740560748954852,0.6231047676210936,0.37689523237890643,0.1689522191668832
NaCl_225,2,Na,1.0,-15.712300709492778,-11.740560748954856,0.6231047676210946,0.37689523237890543,0.16895221916688363
NaCl_225,3,Na,1.0,-15.71230070949276,-11.740560748954854,0.6231047676210958,0.3768952323789042,0.1689522191668833
NaCl_225,4,Cl,7.0,55.03578380069332,-25.870765177166717,7.376895235943991,-0.37689523594399077,-0.16895222273209676
NaCl_225,5,Cl,7.0,55.03578380069332,-25.870765177166717,7.376895235944011,-0.3768952359440112,-0.16895222273209587
NaCl_225,6,Cl,7.0,55.03578380069331,-25.870765177166717,7.376895235943995,-0.3768952359439952,-0.16895222273211452
NaCl_225,7,Cl,7.0,55.03578380069331,-25.870765177166717,7.376895235943997,-0.376895235943997,-0.16895222273211896
MgO_225,0,Mg,2.0,-20.086164334290473,-22.266421361991597,0.9387707807511133,1.0612292192488866,0.33248167052746447
MgO_225,1,Mg,2.0,-20.086164334290487,-22.266421361991625,0.93877078075111,1.0612292192488901,0.33248167052746425
MgO_225,2,Mg,2.0,-20.086164334290494,-22.266421361991625,0.9387707807511206,1.0612292192488795,0.3324816705274598
MgO_225,3,Mg,2.0,-20.086164334290476,-22.266421361991604,0.9387707807511223,1.0612292192488777,0.33248167052746
MgO_225,4,O,6.0,100.2595456907176,53.48990129442285,7.061229180450868,-1.0612291804508676,-0.3324816317295918
MgO_225,5,O,6.0,100.25954569071757,53.48990129442284,7.06122918045086,-1.0612291804508596,-0.33248163172959
MgO_225,6,O,6.0,100.25954569071757,53.48990129442286,7.0612291804508684,-1.0612291804508684,-0.33248163172959266
MgO_225,7,O,6.0,100.2595456907176,53.48990129442286,7.061229180450886,-1.0612291804508862,-0.33248163172959355
LiF_225,0,Li,1.0,-23.296875105647135,-13.819714781857694,0.5479336759923362,0.4520663240076638,0.17778513789922323
LiF_225,1,Li,1.0,-23.29687510564714,-13.819714781857737,0.5479336759923294,0.45206632400767055,0.177785137899223
LiF_225,2,Li,1.0,-23.296875105647164,-13.819714781857723,0.5479336759923299,0.4520663240076701,0.17778513789922235
LiF_225,3,Li,1.0,-23.296875105647132,-13.819714781857723,0.5479336759923357,0.45206632400766433,0.17778513789922168
LiF_225,4,F,7.0,139.17474195612232,84.75521189578264,7.452066340105424,-0.4520663401054241,-0.17778515399702766
LiF_225,5,F,7.0,139.17474195612238,84.75521189578268,7.452066340105425,-0.452066340105425,-0.1777851539970312
LiF_225,6,F,7.0,139.17474195612238,84.75521189578265,7.452066340105402,-0.4520663401054019,-0.17778515399701877
LiF_225,7,F,7.0,139.1747419561223,84.75521189578261,7.452066340105394,-0.4520663401053939,-0.17778515399703299
Al_225,0,Al,3.0,-2.015467447786113,-26.027314579336963,3.0000000000869327,-8.693268327419901e-11,-8.690470565397845e-11
Al_225,1,Al,3.0,-2.0154674477861128,-26.02731457933696,3.0000000000869274,-8.692735420368081e-11,-8.6897156137411e-11
Al_225,2,Al,3.0,-2.015467447786113,-26.02731457933696,3.000000000086812,-8.681189100911979e-11,-8.68989324942504e-11
Al_225,3,Al,3.0,-2.0154674477861128,-26.02731457933697,3.0000000000868168,-8.681677599042814e-11,-8.69007088510898e-11
Cu_225,0,Cu,11.0,165.53730908899695,91.90143974332977,11.000000103188574,-1.0318857412983107e-07,-1.0318850840462801e-07
Cu_225,1,Cu,11.0,165.5373090889969,91.90143974332977,11.000000103188606,-1.0318860610425418e-07,-1.0318854037905112e-07
Cu_225,2,Cu,11.0,165.53730908899703,91.90143974332975,11.000000103188592,-1.0318859189339946e-07,-1.0318851018098485e-07
Cu_225,3,Cu,11.0,165.537309088997,91.90143974332976,11.000000103188587,-1.0318858656432894e-07,-1.0318850307555749e-07
SrTiO3_221,0,Sr,10.0,60.9535465444499,-27.0012900851897,8.335602754358465,1.6643972456415348,0.45823115486107113
SrTiO3_221,1,Ti,4.0,-0.2302126567251328,-26.88606957327783,2.11910385642393,1.88089614357607,0.44181868387588974
SrTiO3_221,2,O,6.0,92.22011236010562,52.92844125650733,7.181942047130712,-1.181942047130712,-0.30001661841380045
SrTiO3_221,3,O,6.0,92.2201123601057,52.92844125650744,7.180977044084883,-1.1809770440848828,-0.30001661841380844
SrTiO3_221,4,O,6.0,92.22011236010559,52.92844125650734,7.18237431450654,-1.1823743145065402,-0.3000166184137951
Al2O3_167,0,Al,3.0,-17.918878026613545,-31.89785217881354,1.346758467294008,1.653241532705992,0.4223216194619499
Al2O3_167,1,Al,3.0,-17.91892394159266,-31.897858555205886,1.3467583996737476,1.6532416003262524,0.4223274676048261
Al2O3_167,2,Al,3.0,-17.91883971104259,-31.89818919130464,1.347735052997607,1.652264947002393,0.4223312181838761
Al2O3_167,3,Al,3.0,-17.918878129718273,-31.89785228191821,1.347734854546565,1.652265145453435,0.4223216588937584
Al2O3_167,4,Al,3.0,-17.918839813796296,-31.898189294072598,1.3477350135507131,1.6522649864492869,0.42233119774101713
Al2O3_167,5,Al,3.0,-17.918924044992632,-31.897858658591556,1.3467583602796547,1.6532416397203453,0.42232758637720824
Al2O3_167,6,Al,3.0,-17.918941781349496,-31.897915933549406,1.3467453204051343,1.6532546795948657,0.4223247761563118
Al2O3_167,7,Al,3.0,-17.918987701226282,-31.89792231482526,1.3467452527886585,1.6532547472113415,0.4223307037250068
Al2O3_167,8,Al,3.0,-17.918903464112827,-31.89825294438908,1.3477220730031765,1.6522779269968235,0.42233431514914965
Al2O3_167,9,Al,3.0,-17.91894189815426,-31.897916050354215,1.347721917756224,1.652278082243776,0.4223247627656206
Al2O3_167,10,Al,3.0,-17.918903580686358,-31.898253060948374,1.3477220767650053,1.6522779232349947,0.42233436166401095
Al2O3_167,11,Al,3.0,-17.91898781832946,-31.897922431942686,1.3467452564978162,1.6532547435021838,0.42233061100621905
Al2O3_167,12,O,6.0,93.16675357579366,52.395419128934726,7.101786049820379,-1.1017860498203786,-0.2815538320118902
Al2O3_167,13,O,6.0,93.16675402361011,52.395492786878386,7.101844349714037,-1.101844349714037,-0.2815573201556285
Al2O3_167,14,O,6.0,93.16669463411793,52.39555118169937,7.106837778864828,-1.1068377788648283,-0.2815500514475717
Al2O3_167,15,O,6.0,93.16669542174822,52.39536795945616,7.101778592383152,-1.1017785923831518,-0.28154809527182056
Al2O3_167,16,O,6.0,93.16663677729522,52.395545225121865,7.0978592054475715,-1.0978592054475715,-0.28154525492594207
Al2O3_167,17,O,6.0,93.16669541984001,52.395367957555095,7.101836423644273,-1.101836423644273,-0.2815481117962628
Al2O3_167,18,O,6.0,93.16689833082532,52.395570868533284,7.101843104315438,-1.1018431043154377,-0.28155810080494437
Al2O3_167,19,O,6.0,93.16689833256065,52.39557087027576,7.101785268469838,-1.101785268469838,-0.28155811747112747
Al2O3_167,20,O,6.0,93.16683968598596,52.39574813381259,7.096143220642556,-1.0961432206425563,-0.2815552604864999
Al2O3_167,21,O,6.0,93.1668909377187,52.39562778131505,7.101868689738335,-1.1018686897383354,-0.2815642637748299
Al2O3_167,22,O,6.0,93.1668904876836,52.39555412114566,7.101810039324059,-1.101810039324059,-0.2815608544592063
Al2O3_167,23,O,6.0,93.166831543455,52.39568617136116,7.1027488056922214,-1.1027488056922214,-0.281556942913018
Al2O3_167,24,O,6.0,93.16670074130695,52.395437584903334,7.101753038892407,-1.101753038892407,-0.2815473585571473
Al2O3_167,25,O,6.0,93.16664135160964,52.39549597951579,7.10097043590126,-1.1009704359012602,-0.2815400378207329
Al2O3_167,26,O,6.0,93.1667002958272,52.395363929289196,7.101811840246614,-1.1018118402466142,-0.2815439493306968
Al2O3_167,27,O,6.0,93.16683460652774,52.39550015966885,7.101835827552803,-1.1018358275528026,-0.28155102754234473
Al2O3_167,28,O,6.0,93.16677565959542,52.39563220717683,7.106827965221362,-1.1068279652213624,-0.28154724689162336
Al2O3_167,29,O,6.0,93.16683505405602,52.395573817324234,7.101777381214238,-1.1017773812142382,-0.281554515711556
