sigma_A,seed,m1_site_std,m1_within_element_var,m1_between_element_var,m1_identity_residual,m1@0_Na,m1@1_Cl,m1@2_Cl,m1@3_Na,m1@4_Cl,m1@5_Na,m1@6_Na,m1@7_Cl,f_bond_site_std,f_bond_within_element_var,f_bond_between_element_var,f_bond_identity_residual,f_bond@0_Na,f_bond@1_Cl,f_bond@2_Cl,f_bond@3_Na,f_bond@4_Cl,f_bond@5_Na,f_bond@6_Na,f_bond@7_Cl,zeta_site_std,zeta_within_element_var,zeta_between_element_var,zeta_identity_residual,zeta@0_Na,zeta@1_Cl,zeta@2_Cl,zeta@3_Na,zeta@4_Cl,zeta@5_Na,zeta@6_Na,zeta@7_Cl
0.0,0,0.06637435080925544,9.632731209847199e-30,0.004405554445350105,3.469446951953614e-18,0.7904248188169476,0.657676117198442,0.657676117198441,0.7904248188169467,0.6576761171984372,0.7904248188169541,0.7904248188169559,0.6576761171984407,0.08081203439688714,7.422534005668407e-31,0.00653058490336367,-8.673617379884035e-19,0.43806099208664584,0.2764369232928722,0.27643692329287217,0.4380609920866456,0.27643692329286945,0.4380609920866448,0.43806099208664534,0.2764369232928707,0.002261538443614833,3.249043816181267e-30,5.1145561319478006e-06,0.0,3.562841053539323e-05,0.004558705297766252,0.00455870529776925,3.562841053528221e-05,0.004558705297762922,3.5628410536170385e-05,3.5628410538168787e-05,0.004558705297765253
0.02,0,0.06638474793260153,2.194307192352379e-09,0.004406932563767849,1.734723475976807e-18,0.7903984680066253,0.6576618557347446,0.6576939530441958,0.7904819179638336,0.6577155135842637,0.7904685129040149,0.7903828173896438,0.6575825426576684,0.08111094342746272,5.462291783551634e-07,0.006578438914514708,-4.336808689942018e-18,0.43980338833241467,0.27651013802562635,0.27791977518496896,0.438798850500666,0.2763980609036941,0.4384223657880513,0.44039607765574085,0.27773209868706517,0.002265719923802968,4.320844609040473e-09,5.129165928508687e-06,0.0,3.8675421997647064e-05,0.004543777817430872,0.004720848555612278,3.652308331891785e-05,0.00447207063754651,3.1886561942529035e-05,4.261374032810128e-05,0.004531131375531738
0.02,1,0.06634531506311052,1.2284080466620223e-09,0.004401699602415349,4.336808689942018e-18,0.7903507873826107,0.6577321595674861,0.6577434533864241,0.7903921922965298,0.6576718221527461,0.7903997786904631,0.7904642536171075,0.6576971304366551,0.08070692523611568,4.421854407973114e-07,0.006513165595627175,-5.204170427930421e-18,0.4397043098739234,0.27795855371542066,0.2774062688873133,0.43958441150956357,0.27701117156539284,0.4393672549659044,0.4378068186968386,0.27845331497442194,0.00231179110101262,7.239921517105321e-09,5.3371381732040346e-06,8.470329472543003e-22,3.880079867835118e-05,0.0046917883078636535,0.00471333198773749,3.993619902287193e-05,0.004457035791800679,3.760474343650344e-05,3.746680120553236e-05,0.0047734500700290505
0.02,2,0.06637474072909649,1.3861108665515837e-09,0.004405604820743914,0.0,0.7904555208616721,0.657705730390526,0.6576341554643094,0.7904225541442943,0.6576245284545493,0.790425278583609,0.7904001012494747,0.6577411982293313,0.0805796025434869,3.1076140298599507e-07,0.006492761584663328,5.204170427930421e-18,0.43874658512977177,0.2782622001653919,0.2767542281725113,0.43901858662760784,0.2772298121086687,0.43846375443833374,0.4392008559544663,0.27856214784636596,0.0022853703678964534,6.203032321448856e-09,5.216714686137721e-06,0.0,4.0022331785460885e-05,0.004662401147711548,0.004567636322383883,3.941364224824273e-05,0.004447118567612818,3.614823317277249e-05,3.587624897072317e-05,0.004746407196004276
0.02,3,0.066351494306258,1.681597646100503e-09,0.00440251911507574,2.6020852139652106e-18,0.7903468825825257,0.6576929930318159,0.6576880691362852,0.7904657129449831,0.6577487711676707,0.7904238910275023,0.7903626017904112,0.6576574019347144,0.0810028508707389,3.6241664747558195e-07,0.006561099432539693,-3.469446951953614e-18,0.4390487827545809,0.27672849557209706,0.27685787595318634,0.4380998830959621,0.27625377882904056,0.4380592036147518,0.4399221189702311,0.27728492785093206,0.002243379652519166,2.2957931451153766e-09,5.030456472191899e-06,-8.470329472543003e-22,3.7661881495121285e-05,0.004515512674969635,0.004413320922950326,3.526989867785879e-05,0.004562622454190257,3.541226166092759e-05,3.1821349961602685e-05,0.004591652638383015
0.02,4,0.06634053476496754,4.929830707930648e-09,0.004401061623071148,1.1275702593849246e-17,0.7903915636603118,0.6577713791362845,0.65776953064855,0.7902780871266027,0.6576773740689574,0.7904005246166046,0.7904845028225973,0.6576124134966209,0.08054801184741466,3.4461757834818033e-07,0.006487637594992906,-2.6020852139652106e-18,0.4381566486776574,0.2778394031901492,0.2774368792908528,0.4393961399799701,0.2783171293608456,0.43888190861977616,0.4381117772582701,0.27658608178966326,0.0022639639750551034,6.794688384769313e-09,5.118738191962534e-06,0.0,3.955574633462966e-05,0.004742878884033019,0.004553552021432705,3.102134032018089e-05,0.00452900660720712,3.98952341604808e-05,3.433493294324741e-05,0.004419072619464726
0.05,0,0.0663907153861137,7.3510874204878e-09,0.00440771973839253,4.336808689942018e-18,0.7903469219177232,0.6576454943806027,0.6577852316700474,0.790497676105674,0.6576185643489694,0.7905053496018776,0.790348244839277,0.6575236218747287,0.08046071106259173,1.429316180353507e-06,0.006472496708517521,-4.336808689942018e-18,0.43903253224989697,0.27725985600536995,0.27729748834211887,0.43885422971628996,0.27748416136548026,0.4351802882917712,0.4390048535668627,0.2764157701355129,0.002290334905047287,1.7458568167179474e-09,5.243888120461246e-06,0.0,5.3815341574892095e-05,0.004521608089740781,0.004659773940303369,4.540898952987149e-05,0.004661136641719188,3.364237185909946e-05,3.851041907199093e-05,0.004648488351269964
0.05,1,0.066287077322796,5.251126337058927e-09,0.0043939713688719954,2.6020852139652106e-18,0.7903599885899361,0.6578145460418705,0.6577023311835409,0.7903302352370422,0.6576691572323572,0.790259604516889,0.7904152040302875,0.6578826962059104,0.08090763600730606,1.5356308696922822e-06,0.0065445099334210345,1.734723475976807e-18,0.43957520869450967,0.27846399511939907,0.2794965666786259,0.43991928988225626,0.27566281844931534,0.43871573391511276,0.4384735007114498,0.27587518954527906,0.0023037484090018497,1.1436102269884515e-08,5.295820629708668e-06,8.470329472543003e-22,3.894607567955788e-05,0.004750729290595501,0.004665457390784167,4.218004783540508e-05,0.004386079831019241,3.404175236976226e-05,3.557442744051009e-05,0.004758595842174085
0.05,2,0.06639851309978513,1.6345159399883764e-09,0.004408760907346398,0.0,0.7904290156091559,0.6576875965278963,0.6575815007213817,0.7905010055311187,0.657627410007206,0.7903891916969836,0.7904332193224961,0.657667918572019,0.08049218972732938,9.083875901384071e-07,0.00647808421951025,1.734723475976807e-18,0.43889580364303293,0.2755860858469846,0.2770518067074928,0.4380098457885832,0.2777515590398186,0.438708051235107,0.43775264132849667,0.27908451581596566,0.0022915120348341663,5.131060469133929e-09,5.2458963453206865e-06,0.0,4.273094408246969e-05,0.0046895804075487435,0.004602602907171405,3.666287667025703e-05,0.004466394710615829,4.939781965607182e-05,3.721598776795787e-05,0.004730567055267532
0.05,3,0.06634126221827161,7.181441721288654e-09,0.004401155891271753,-2.6020852139652106e-18,0.7903453070236046,0.657599706362913,0.6577345947270722,0.7904350194273334,0.6576177362129499,0.7904613858584061,0.7902619448409504,0.6578219551013683,0.08127824452147518,4.853577359650445e-07,0.00660566767475675,-4.336808689942018e-18,0.43913889727366107,0.2749282713178062,0.2771131864619611,0.4394975966645165,0.27711454054733586,0.43883697521351506,0.4383636969209827,0.2764790982437659,0.002268752542790026,8.259274306242394e-09,5.138978826109967e-06,0.0,4.688918458861657e-05,0.004400974877006858,0.004646082311835609,4.503330331240285e-05,0.00451254072901619,3.539809013608508e-05,3.5293638728450816e-05,0.004738469005443835
0.05,4,0.06627445575870035,3.439093101035585e-08,0.004392269095180918,2.6020852139652106e-18,0.7904969099278435,0.6576146555045824,0.6579605638405586,0.7899702566150423,0.6576646202945495,0.7901750023740228,0.7905048746616817,0.6577136335407113,0.07936453755599455,1.8556266830076938e-06,0.006296874194793858,4.336808689942018e-18,0.43737296674285975,0.278628038565408,0.27797507216515344,0.4388352330090591,0.28164330371345414,0.43838376719467714,0.4360398583272115,0.277562641494281,0.0022752313028559464,3.5968945957125188e-09,5.173080586899854e-06,0.0,4.332320877786788e-05,0.004569839671799247,0.004714042906926674,3.4983183884174096e-05,0.004588640608524819,3.975639336295522e-05,3.507682629544373e-05,0.004476142181738307
0.1,0,0.06629996731101287,3.6554355328779076e-08,0.004395649111086046,-8.673617379884035e-19,0.7899465452135581,0.6576274086898878,0.6576056583456855,0.7903302519857823,0.6579900843973852,0.7903964510094849,0.7904400934345377,0.657492657118944,0.08092066385962138,4.584268214592259e-06,0.006543569571267244,-2.6020852139652106e-18,0.4384483715974214,0.2776785765368405,0.2787215415480305,0.43918839409032384,0.27184587028421175,0.4392227082328695,0.43785951189204636,0.2793343318076085,0.0023121222510221976,1.8562046348789688e-08,5.327347257323165e-06,0.0,5.6364315025425604e-05,0.004475909711106452,0.004538458859765115,8.175724500669723e-05,0.004972781362337031,3.813635540050875e-05,4.2176492464851556e-05,0.004696121990049873
0.1,1,0.06628958201197507,8.810272450392263e-09,0.004394299873049925,-6.071532165918825e-18,0.7903756907638088,0.657809083652573,0.6576571587555821,0.7903774832169073,0.6576627443717059,0.7901191901993592,0.7903739408919818,0.657801193820014,0.0808973902757396,2.501047836150114e-07,0.0065441376486417135,-8.673617379884035e-19,0.43846393259338423,0.27704370903386893,0.27639901612363527,0.438352778437124,0.27667965470063194,0.43937866780823853,0.43901183517361453,0.27791807858571665,0.0022789738403296233,8.336415799281903e-09,5.1853853491074695e-06,8.470329472543003e-22,3.498663201484398e-05,0.004785697764673413,0.004526421912410483,3.885686562243862e-05,0.004438469013397839,4.865634440409661e-05,3.781479016551348e-05,0.004626878912013299
0.1,2,0.0662952997069974,2.5216069286665276e-08,0.004395041547171315,6.938893903907228e-18,0.790256228177594,0.6579044980786486,0.6576295593993066,0.7904938288509405,0.6577482055414615,0.7900222566894871,0.7904472212916418,0.6575763957757916,0.08032319956892614,4.0952232457027165e-07,0.0064514068666649636,1.734723475976807e-18,0.4384946715086892,0.27793909313034487,0.27683072334026243,0.43710786378369454,0.27773255152384474,0.43853133353758167,0.43913674468075425,0.27820304301417303,0.002341724272832148,1.4188054425520373e-08,5.469484515545732e-06,-8.470329472543003e-22,5.0025249055396515e-05,0.004963294214335168,0.004714869248990228,4.258357095754395e-05,0.00473511737833443,5.8471626468881155e-05,4.035135837532344e-05,0.004487694223120231
0.1,3,0.06634770336800223,8.654144471848739e-08,0.004401931200763697,0.0,0.7899483929761684,0.6574496268211906,0.657682117252334,0.790859214241184,0.6578633631568517,0.790490823874018,0.7899651604113334,0.6574920748032587,0.08080221577562181,8.816301682097479e-07,0.006528116444081944,-6.071532165918825e-18,0.44008360318516715,0.2768678576071997,0.2786673602038552,0.4406984203372589,0.2781735214741579,0.4387512494632607,0.437827846540232,0.27727829937015935,0.0023449675959237707,4.428430189706663e-08,5.454588724035443e-06,0.0,6.733439053885348e-05,0.004332097808827262,0.005099062039638391,6.184400572895044e-05,0.004925844888304054,4.541666122215293e-05,8.432607944597326e-05,0.004585965167450801
0.1,4,0.06593126112669517,1.7846513175381771e-07,0.004346752728624713,-8.673617379884035e-19,0.7904396524945393,0.6579424223531994,0.6583176898137831,0.7890599843434236,0.6578878548626604,0.7895908086983067,0.7903511226967544,0.6578543396462027,0.08046008472416837,3.3115612834479576e-07,0.006473494077692006,0.0,0.43954374750568104,0.2776634115823898,0.2795783356948532,0.43968018054036684,0.2788451464872245,0.43999487418130645,0.43886354267237115,0.2783312366784588,0.002493932122414179,1.492982413645936e-08,6.204767607072832e-06,8.470329472543003e-22,4.5111497807281964e-05,0.005124336477846492,0.005250237012884851,6.563768782330559e-05,0.005005813855719632,8.39727109032129e-05,4.1653666731256145e-05,0.0047834849701110516
0.15,0,0.06603779927135164,1.0525907263046057e-07,0.0043608856735307,0.0,0.7893343247438235,0.6577468783367301,0.6577791739189454,0.7898379950971997,0.6582665841352757,0.7903003804275048,0.7902662864996733,0.6576503319311854,0.08004819733247,2.5190222308128377e-06,0.006405194873947244,0.0,0.4390568326867765,0.27893859367275675,0.2772374995099801,0.44084756965846944,0.2793238608036164,0.4386346009375499,0.435095819239419,0.2778751775255469,0.0024397038309810735,7.746935805876736e-08,5.874685424844959e-06,-8.470329472543003e-22,8.53702307842541e-05,0.0044994459178775426,0.004729940431503876,0.00015189436857254712,0.005551951317598003,4.1846447543902876e-05,5.141447164713764e-05,0.004939388139086787
0.15,1,0.06618698881066168,5.581357838751914e-08,0.004380661674244269,-1.734723475976807e-18,0.7903255711389693,0.6579951633509971,0.6576413910448674,0.7903688156652283,0.6577024686712344,0.7896495076564539,0.7903559097770554,0.6578682437806718,0.08042101370240395,2.519945034862962e-07,0.006467287450418758,0.0,0.4386765184278173,0.2780596396198926,0.277534542832092,0.4372824664671326,0.276955828451083,0.43863077507722453,0.43850407572316985,0.2771882490592295,0.0023864584347598064,3.872820042033187e-08,5.656455660415893e-06,0.0,4.423036153178295e-05,0.005224720699643304,0.004525159917499688,4.2665067218505826e-05,0.004587472892126465,7.234526816224385e-05,4.253963551947848e-05,0.004891070307146195
0.15,2,0.06614426753103109,1.0706450952622051e-07,0.004374957062707088,-8.673617379884035e-19,0.7900000646828351,0.6581449345220423,0.657716429015131,0.7904448861643218,0.6577444725752236,0.7894575190543445,0.7905076853820419,0.6576566535680053,0.0812359542692061,2.7321100422701964e-07,0.0065990070550243154,1.734723475976807e-18,0.43921887598795134,0.27759130545372696,0.2773968995084757,0.439306041420631,0.2767881698357535,0.4395022721509723,0.44088831427340636,0.2772649477340731,0.0024100159081666774,6.59461767527559e-08,5.7422305008637e-06,0.0,6.00539572687131e-05,0.005445643456336247,0.0048349970982976,4.823767288608671e-05,0.004605672076615552,8.451727461278313e-05,3.893864851856055e-05,0.004515796213761969
0.15,3,0.06602854544928022,4.4543646865063e-07,0.004359323377679011,2.6020852139652106e-18,0.7894343942651992,0.657196351109035,0.6583242891213944,0.7909310565867064,0.6581626247036869,0.7904604491210874,0.7888007889357076,0.6577420455482715,0.080361126281346,6.590159338629394e-07,0.00645725160127258,-5.204170427930421e-18,0.43926025195518953,0.27743515054833773,0.27923671771080616,0.4390012561406793,0.27697380009663847,0.43918979633262384,0.43863683137538506,0.27958626075685966,0.0024993987690555552,1.79769316228312e-07,6.0672248905281144e-06,-8.470329472543003e-22,0.00010418584002991338,0.004141259737471814,0.005787054590890128,7.204754638123756e-05,0.005254940716950318,5.1063315922306174e-05,0.00013502251905206375,0.004884454123846416
0.15,4,0.06540958339511793,6.329154296152486e-07,0.004277780684493273,-8.673617379884035e-19,0.7903535276426025,0.6584534634528774,0.6587242325145732,0.7877624505979897,0.6582586448822783,0.7884695093146762,0.7901430033162818,0.6580541890446294,0.07991427675739748,1.044318070047408e-06,0.006385247311587872,8.673617379884035e-19,0.4383090544165202,0.27863479296458316,0.28060558158670357,0.44045492895560673,0.2784594538236646,0.43901905477842224,0.4374571786425621,0.2782784484110734,0.0027446970531694054,3.901504611369853e-08,7.49434686756312e-06,0.0,5.61277388175796e-05,0.005652884817177628,0.005927772687259525,0.00015620559558426894,0.005562549581575538,0.0001390145211266347,5.0953241824358564e-05,0.005159737826626487
0.2,0,0.065693389180375,3.951512129843307e-07,0.004315226230791237,-9.540979117872439e-18,0.7884462365140684,0.6578515877298936,0.6576861189723482,0.7888914845490775,0.6586652344795344,0.790254068678461,0.7902527451420231,0.6581185411431307,0.08117474524430292,2.688186880699327e-06,0.006586651078596784,-3.469446951953614e-18,0.44137635218148796,0.27798521248866176,0.2767262975020551,0.4388520364591155,0.2794461911368337,0.43801705192540047,0.4392858389360802,0.2741080941308431,0.0026416079628691033,2.1781822021292368e-07,6.7602744092805315e-06,-8.470329472543003e-22,0.0001484472914864421,0.004646388693196113,0.004769728617191937,0.00027022505158691423,0.006226284524150749,5.063613524303179e-05,5.849138501556883e-05,0.005685820192632862
0.2,1,0.066028888958359,1.9641518967591736e-07,0.0043596177618856315,-5.204170427930421e-18,0.7902945379622938,0.6582933659859217,0.6575837123996403,0.7903177519775837,0.6577580578015129,0.7889872681126429,0.7902721736826106,0.6580173827578736,0.07991007879881135,3.1735437628117823e-06,0.006382447149869431,-5.204170427930421e-18,0.4333553171743682,0.27882936216275994,0.2772193737279482,0.43794961196409216,0.2770474293436588,0.439855229799661,0.4380663482528354,0.2770085870525315,0.0024735632589931457,9.454022051041201e-08,6.02397497573038e-06,-8.470329472543003e-22,5.0962138350096886e-05,0.005603086964363069,0.004470668355721408,4.6414888961843204e-05,0.004686092888576132,0.00010297518784896376,4.719512739848053e-05,0.0051227290153821325
0.2,2,0.06594662583353697,2.9801754127617524e-07,0.004348659441287244,6.071532165918825e-18,0.7897259345418002,0.6584453655223197,0.6578164659982559,0.7903904805115923,0.6578567903581001,0.7887179214061008,0.7905227328722205,0.6576835173818805,0.08064005780408826,1.4741805413124732e-06,0.006501344742105387,-3.469446951953614e-18,0.4393245467782024,0.280066254658754,0.2777137266313001,0.43783392549768574,0.2772098806653228,0.4394097341706896,0.4415727419155945,0.27810375210120764,0.002541929647387909,1.5626123009125429e-07,6.305145102178365e-06,0.0,7.648964489304078e-05,0.006029191481623397,0.004985817045092156,5.712485905084996e-05,0.004823534958099507,0.00013091490217553847,4.4787366882514945e-05,0.0045588116826995595
0.2,3,0.06566338004851521,1.1132992900309501e-06,0.004310566180105719,-3.469446951953614e-18,0.7887844511047852,0.6568618050606327,0.6586824028134672,0.7907075261779336,0.6584453573547948,0.7905310466684801,0.7875293068702943,0.6583235481623253,0.07953552607135618,1.560304999749776e-06,0.006324339602447628,8.673617379884035e-19,0.4383515695178959,0.27689014238589255,0.2818196124820589,0.437945863065194,0.27922397487411527,0.438716139431414,0.4382704832963661,0.2791445926830895,0.0027351569535757686,5.528814214968295e-07,6.928202139197049e-06,0.0,0.0001678355947506427,0.003787986564252943,0.006688701239807693,9.165228863472485e-05,0.005770431610998772,6.564539695785854e-05,0.0002780364424173065,0.0054132328568602395
0.2,4,0.06479550094959213,1.8254995278172077e-06,0.004196631443780774,4.336808689942018e-18,0.7903542164052596,0.6590234786083498,0.6590422200494397,0.7858697095694963,0.6586532811020409,0.7870945636064545,0.7899196254577491,0.658267832915141,0.07994085700389679,4.6391815158766625e-06,0.006385901437001598,-1.734723475976807e-18,0.43795565986056073,0.28130523947411573,0.2805251798612662,0.4377794174558537,0.2801081202350449,0.43986418193875887,0.4396746613232062,0.27404069780770723,0.0030474444000918675,1.0946961834416369e-07,9.177447753307117e-06,1.6940658945086007e-21,7.54818319224082e-05,0.0064668875547303495,0.006762077010446621,0.0003706825265916702,0.006213567249818142,0.00023556969098370573,6.668054155223313e-05,0.0055413249261716535
0.25,0,0.06529757903525463,1.0552188730458002e-06,0.004262718608992275,3.469446951953614e-18,0.787530451384004,0.6577992875507175,0.6576624159334784,0.7875467486362192,0.6590205327560346,0.7902040186772232,0.7902072630846266,0.6586902578720166,0.07944983236745977,1.9381391202119918e-06,0.006310337724097252,-5.204170427930421e-18,0.4387800852218286,0.2775638151153766,0.27993161542126077,0.43708224964413667,0.2818072008182784,0.4406145559746278,0.43857352003717737,0.28024670608377394,0.0029209445473192186,5.290901268686641e-07,8.00282692164521e-06,1.6940658945086007e-21,0.0002556740327587237,0.004792091282929123,0.004937895629455458,0.00046569801575924163,0.007039560108423992,6.327539957418082e-05,7.638974631596351e-05,0.0067229046893847455
0.25,1,0.06584820784204058,4.543756081038967e-07,0.004335532100400469,1.734723475976807e-18,0.7901910451150953,0.6585950602413213,0.6575488785910236,0.7902760421228089,0.6578250330012765,0.7882127653930953,0.7901949181358502,0.658147738315614,0.08024490009604114,1.3297241009038527e-06,0.006437914267322719,1.734723475976807e-18,0.4389067608381069,0.2805153229561514,0.27684107254410656,0.4389366862577033,0.2777456558990452,0.4395070674942513,0.43988623693128087,0.2802417860712187,0.002585210945735514,1.9730488017248105e-07,6.486010753778229e-06,0.0,5.760657954267945e-05,0.006075720667501505,0.004413686554975982,5.2599878624604024e-05,0.0048171539578503175,0.00016459867999563116,5.764958944254328e-05,0.005400011644555058
0.25,2,0.06573896287766916,6.575028851282667e-07,0.004320953737346433,2.6020852139652106e-18,0.78940313003326,0.6587572751354965,0.6579802225527744,0.790315884942931,0.6578851376398476,0.7878483405605041,0.7905859962004389,0.6576590218007472,0.07968792265425198,1.4086204803587777e-06,0.006348756396469688,-8.673617379884035e-19,0.43633834105729563,0.28044671950603406,0.27873609679219513,0.4386546558912098,0.27919930317406344,0.43844885035490494,0.4393360839905262,0.2769631413582765,0.002680469698680226,3.165924770180754e-07,6.868325328524786e-06,8.470329472543003e-22,9.957847581831825e-05,0.006662101562574851,0.005240051911509891,6.848451012964052e-05,0.004910660376383991,0.00021617027452813797,4.528087056621111e-05,0.004582692292056989
0.25,3,0.06528085483777439,2.573373020701409e-06,0.004259016635329871,0.0,0.7881285884113137,0.6565157036896586,0.6590953802520517,0.7906914545862486,0.6587674574270697,0.7905380183676015,0.785732113221007,0.6586224984318527,0.07887618322525601,3.7248410432885407e-06,0.0062177274391408705,-1.734723475976807e-18,0.43639177437072696,0.27578232296260735,0.2819349132513314,0.43735322721590625,0.281880852216653,0.4393825319512483,0.4373719059453918,0.28008080913523925,0.003031902148083834,1.3570097750634808e-06,7.835420860491888e-06,0.0,0.00025442004802600504,0.003488034215030744,0.008044560265549006,0.00016572904916711817,0.006354953586141687,8.549119085077272e-05,0.0005467322143908326,0.005558281852366953
0.25,4,0.06407019414314198,4.299138860750879e-06,0.004100690638679156,-1.734723475976807e-18,0.7903311137950416,0.6596486393104911,0.6593701917076172,0.7833075530185585,0.6590391049343034,0.7855532121870705,0.7896446599816226,0.6584855219957279,0.07788527232203099,1.3961491696363407e-06,0.006064719495507292,-2.6020852139652106e-18,0.43827225116965945,0.28198132549177296,0.28226850443627804,0.4356546726571018,0.28290175451941124,0.43718158677769686,0.4392882883818917,0.2802347429475454,0.0034003464581771644,3.0264526286801363e-07,1.1259710772769971e-05,0.0,0.00010208226765962003,0.007523473735698616,0.007824784165229581,0.0008574575264254092,0.006967323358233468,0.00037348166013051465,9.071304783214718e-05,0.0059525472471707586
