alpha_B,m1_site_std,m1_within_element_var,m1_between_element_var,m1_identity_residual,m1@0_Na,m1@1_Cl,m1@2_Cl,m1@3_Na,m1@4_Cl,m1@5_Na,m1@6_Na,m1@7_Cl,f_bond_site_std,f_bond_within_element_var,f_bond_between_element_var,f_bond_identity_residual,f_bond@0_Na,f_bond@1_Cl,f_bond@2_Cl,f_bond@3_Na,f_bond@4_Cl,f_bond@5_Na,f_bond@6_Na,f_bond@7_Cl,zeta_site_std,zeta_within_element_var,zeta_between_element_var,zeta_identity_residual,zeta@0_Na,zeta@1_Cl,zeta@2_Cl,zeta@3_Na,zeta@4_Cl,zeta@5_Na,zeta@6_Na,zeta@7_Cl
0.8,0.11291046440277189,3.1760895898878784e-29,0.012748772971649612,5.204170427930421e-18,0.8888012838118216,1.1146222126173662,1.1146222126173673,0.8888012838118216,1.1146222126173537,0.8888012838118114,0.8888012838118121,1.1146222126173546,0.06963906833906752,1.0493236708999416e-29,0.004849599839133313,3.469446951953614e-18,0.4369641810798878,0.5762423177580167,0.5762423177580172,0.43696418107988844,0.5762423177580215,0.4369641810798799,0.4369641810798806,0.5762423177580216,0.017817217402736354,2.9719024971839436e-29,0.0003174532359763712,5.421010862427522e-20,0.03778196995629324,0.0021475351508097873,0.002147535150812896,0.03778196995629313,0.0021475351508259966,0.03778196995628991,0.037781969956289685,0.0021475351508264406
1.0,0.09372132887959449,4.957343676852745e-29,0.008783687486957103,8.673617379884035e-18,0.8545535414753369,1.0419961992345308,1.04199619923453,0.8545535414753359,1.0419961992345121,0.8545535414753291,0.8545535414753274,1.0419961992345124,0.06880174866427366,3.8858718115923503e-29,0.004733680619261882,0.0,0.4377391374921288,0.5753426348206788,0.5753426348206782,0.43773913749212734,0.5753426348206634,0.4377391374921197,0.4377391374921186,0.5753426348206633,0.015551992259255493,1.7179295103934144e-30,0.00024186446323194277,0.0,0.03252419241991722,0.0014202079014098423,0.001420207901408621,0.03252419241991855,0.0014202079014067337,0.03252419241992088,0.03252419241992044,0.001420207901407955
1.25,0.06945331288850266,1.046704406175575e-28,0.004823762671188256,-6.071532165918825e-18,0.8262712532517976,0.9651778790288088,0.9651778790288092,0.8262712532517964,0.9651778790287823,0.8262712532517835,0.8262712532517853,0.9651778790287838,0.058611885503280954,3.29476539306102e-29,0.0034353531222497116,4.336808689942018e-18,0.4381876926444243,0.5554114636509876,0.5554114636509884,0.43818769264442375,0.5554114636509747,0.4381876926444145,0.4381876926444151,0.5554114636509746,0.010138978031072193,6.217055934877548e-29,0.00010279887551456457,0.0,0.021457554036870996,0.001179597974737212,0.0011795979747356578,0.02145755403686922,0.0011795979747130092,0.02145755403686833,0.021457554036870552,0.0011795979747156737
1.5,0.04502830198365596,6.463420893363564e-30,0.0020275479795313174,-1.734723475976807e-18,0.8098705508179074,0.899927154785219,0.8999271547852169,0.8098705508179087,0.8999271547852241,0.8098705508179108,0.8098705508179102,0.8999271547852248,0.0419804201779557,2.6550870213322433e-30,0.001762355678317712,-1.734723475976807e-18,0.43829179446585903,0.522252634821774,0.5222526348217735,0.43829179446585964,0.5222526348217692,0.4382917944658613,0.4382917944658612,0.5222526348217701,0.005490586998155467,1.1365143713422405e-28,3.0146545584313857e-05,0.0,0.012243493323625176,0.0012623193273276767,0.0012623193273261224,0.012243493323623844,0.001262319327299588,0.012243493323621735,0.012243493323621069,0.001262319327294703
1.75,0.021614686444729164,3.7141173791518966e-29,0.00046719467010395744,1.2468324983583301e-18,0.8007594260458746,0.8439887989353271,0.843988798935327,0.8007594260458748,0.8439887989353433,0.8007594260458796,0.800759426045879,0.843988798935344,0.021757355657574064,4.0024676104255535e-30,0.00047338252521017104,-9.215718466126788e-19,0.4382622058504151,0.4817769171655608,0.4817769171655601,0.43826220585041537,0.4817769171655605,0.4382622058504099,0.4382622058504093,0.4817769171655608,0.0021394437024883917,5.478192171012829e-29,4.577219356117238e-06,0.0,0.005870454347976506,0.0015915669430126567,0.0015915669430126567,0.005870454347978615,0.0015915669429934498,0.005870454347981946,0.0058704543479797255,0.0015915669429908963
2.0,2.437438961788735e-15,5.928782740801667e-30,2.465190328815662e-32,-1.232595164407831e-32,0.7957914382230757,0.7957914382230762,0.7957914382230779,0.7957914382230777,0.7957914382230827,0.7957914382230825,0.7957914382230787,0.7957914382230789,1.5013688443919505e-15,2.2479454310887817e-30,7.703719777548943e-33,-1.5407439555097887e-33,0.43820139456715945,0.43820139456715984,0.43820139456716006,0.43820139456716,0.43820139456715734,0.4382013945671574,0.4382013945671564,0.43820139456715657,4.580931419923608e-15,2.093562886746701e-29,4.930380657631324e-32,0.0,0.0022479060943524365,0.0022479060943526585,0.0022479060943513263,0.0022479060943515483,0.0022479060943423335,0.0022479060943434437,0.0022479060943432216,0.0022479060943425555
2.5,0.03697216276292216,1.5106994483773478e-29,0.001366940819368011,-3.0357660829594124e-18,0.7916439197450211,0.7176995942191696,0.71769959421917,0.7916439197450216,0.7176995942191746,0.7916439197450118,0.7916439197450109,0.717699594219174,0.04294200946244655,2.3168937230978447e-30,0.0018440161766728495,-4.336808689942018e-19,0.4381057865838148,0.3522217676589249,0.35222176765892527,0.43810578658381566,0.3522217676589212,0.43810578658381777,0.43810578658381744,0.35222176765892194,0.0019139583270167543,2.232807621725898e-29,3.663236477556773e-06,0.0,0.00027923951554786886,0.0041071561695803505,0.004107156169582127,0.000279239515548646,0.0041071561695903425,0.0002792395155570837,0.0002792395155570837,0.004107156169591897
3.0,0.06637435080925544,9.632731209847199e-30,0.004405554445350105,3.469446951953614e-18,0.7904248188169476,0.657676117198442,0.657676117198441,0.7904248188169467,0.6576761171984372,0.7904248188169541,0.7904248188169559,0.6576761171984407,0.08081203439688714,7.422534005668407e-31,0.00653058490336367,-8.673617379884035e-19,0.43806099208664584,0.2764369232928722,0.27643692329287217,0.4380609920866456,0.27643692329286945,0.4380609920866448,0.43806099208664534,0.2764369232928707,0.002261538443614833,3.249043816181267e-30,5.1145561319478006e-06,0.0,3.562841053539323e-05,0.004558705297766252,0.00455870529776925,3.562841053528221e-05,0.004558705297762922,3.5628410536170385e-05,3.5628410538168787e-05,0.004558705297765253
3.5,0.08990911010074942,2.5200408136318104e-29,0.008083648079108682,0.0,0.7900625031916494,0.6102442829901429,0.6102442829901427,0.7900625031916502,0.6102442829901452,0.7900625031916371,0.7900625031916347,0.6102442829901452,0.11199406651125945,1.2489463096356786e-29,0.012542670933728406,0.0,0.4380435257072639,0.21405539268473958,0.21405539268473936,0.4380435257072632,0.21405539268474,0.43804352570725386,0.4380435257072533,0.21405539268473972,0.0021259624803082466,1.8586764707292336e-29,4.519716467678392e-06,0.0,5.4194627867598655e-06,0.004257344423404974,0.004257344423409082,5.41946278698191e-06,0.004257344423395759,5.419462782318973e-06,5.419462783762263e-06,0.004257344423395981
4.0,0.10909807477142942,1.2737330280199423e-29,0.011902389918832402,3.469446951953614e-18,0.78995357062182,0.5717574210789655,0.571757421078965,0.789953570621816,0.5717574210789552,0.7899535706218208,0.7899535706218215,0.5717574210789572,0.13678109821917808,1.4887438470113333e-31,0.018709068830044442,-3.469446951953614e-18,0.4380371807129738,0.16447498427461707,0.1644749842746173,0.43803718071297276,0.164474984274617,0.4380371807129726,0.43803718071297343,0.16447498427461665,0.002026628433049779,4.1454871680957497e-29,4.107222805645803e-06,0.0,1.5728027256134425e-06,0.004054829668814097,0.0040548296688111,1.5728027255024202e-06,0.004054829668823645,1.5728027114025878e-06,1.5728027099592978e-06,0.004054829668821869
5.0,0.1385887337104661,2.616799534037825e-29,0.019206837111470466,1.734723475976807e-17,0.789910388641329,0.512732921220386,0.512732921220387,0.7899103886413287,0.5127329212203955,0.7899103886413177,0.7899103886413169,0.5127329212203949,0.17098889351477378,6.51229136570239e-31,0.02923720170540664,6.938893903907228e-18,0.43803417599893807,0.09605638896939064,0.09605638896939096,0.438034175998939,0.09605638896939257,0.43803417599893957,0.4380341759989401,0.0960563889693924,0.0017599212914410772,2.458526611208082e-29,3.097322952067629e-06,0.0,1.019112983557946e-06,0.0035208616958768424,0.0035208616958727346,1.019112983224879e-06,0.003520861695864297,1.0191129941050647e-06,1.0191129938830201e-06,0.003520861695869515
