descriptor,partition,n,median,p95,spearman
m1_site_std,power,300,0.3672468052883216,0.8878809146388316,0.344851387237636
m1_site_std,becke,300,0.0785184578854016,0.4519591190165599,0.9864465160724007
m1_site_std,hirshfeld,300,0.456556528469169,0.816677305497458,0.7293307703418926
m1_within_element_var,power,289,0.7209321097129986,0.9999999999999956,0.7828774410372669
m1_within_element_var,becke,289,0.9989346178895548,1.0,0.7432844131567434
m1_within_element_var,hirshfeld,289,0.9988489462676342,1.0,0.7232517233942678
m1_between_element_var,power,300,0.5996233799476963,0.9882206751855376,0.3459841686778045
m1_between_element_var,becke,300,0.1477833815281211,0.6624110161599798,0.98640070756499
m1_between_element_var,hirshfeld,300,0.704669154124069,0.9667538348157888,0.729236389818531
f_bond_site_std,power,300,0.2451507831344303,0.7598472023012606,0.6430804786719853
f_bond_site_std,becke,300,0.08916855288244,0.4981545938960564,0.9670298558872876
f_bond_site_std,hirshfeld,300,0.283949136898703,0.7697410882791708,0.619269547439416
f_bond_within_element_var,power,289,0.7218464533630414,0.9999999999999976,0.7862894244919064
f_bond_within_element_var,becke,289,0.9721291619679984,1.0,0.7414812273793899
f_bond_within_element_var,hirshfeld,289,0.9961673601778102,1.0,0.7280625959823693
f_bond_between_element_var,power,300,0.4301892089673513,0.9498799300675272,0.6406476530798189
f_bond_between_element_var,becke,300,0.1659444655293868,0.707073933840451,0.9660826588798962
f_bond_between_element_var,hirshfeld,300,0.4811840427512884,0.947974480455951,0.6161735489806531
zeta_site_std,power,300,0.241972636112126,0.90122936335836,0.8527316970188558
zeta_site_std,becke,300,0.1628093894277331,0.7522795260762417,0.9823895821064678
zeta_site_std,hirshfeld,300,0.5122906535075917,0.9177125593964428,0.9020962455138388
zeta_within_element_var,power,289,0.5092192809048083,0.9999999998565172,0.8373583104641451
zeta_within_element_var,becke,289,0.7724391423509578,1.0,0.7309872529133359
zeta_within_element_var,hirshfeld,289,0.9288450671023104,1.0,0.7145787170280469
zeta_between_element_var,power,300,0.4281946658482853,0.9908956713090004,0.8522206962759503
zeta_between_element_var,becke,300,0.3019714333618236,0.9414374957581702,0.981637532944884
zeta_between_element_var,hirshfeld,300,0.764946971756842,0.993227688457864,0.9026115903767604
