descriptor,variant,n,median_rel,p90_rel,spearman
f_bond_site_std,abs_0.6_1.3,60,0.4223121269729202,0.7662734691797177,0.5979994442900807
f_bond_site_std,abs_1.0_1.8,60,0.24948455701099936,0.5764984479078515,0.8273964990275078
f_bond_site_std,scaled_0.6_1.3,60,0.33832781985801197,0.6559821814649968,0.5774937482634066
f_bond_within_element_var,abs_0.6_1.3,59,0.628568556946002,0.9759264758582826,0.9400935125657514
f_bond_within_element_var,abs_1.0_1.8,59,0.7498500508020656,0.9895485225309807,0.8822910578609002
f_bond_within_element_var,scaled_0.6_1.3,59,0.5957593412136816,0.9720422792017505,0.9494447691408535
f_bond_between_element_var,abs_0.6_1.3,60,0.6422088471379448,0.9566594939243769,0.6033342595165325
f_bond_between_element_var,abs_1.0_1.8,60,0.4367240053649162,0.8214695870403812,0.8296749096971383
f_bond_between_element_var,scaled_0.6_1.3,60,0.58098901318216,0.8918934066075604,0.5780494581828287
