# Magpie elemental property tables (Ward et al., npj Comput. Mater. 2, 16028 (2016)),
# copied verbatim from matminer 0.10.1 matminer/utils/data_files/magpie_elementdata/
# (BSD licence, see LICENSE-matminer). 'nan' marks entries missing in the source.
# Units: AtomicWeight amu, Electronegativity Pauling, AtomicRadius Angstrom, CovalentRadius pm.
Z,symbol,AtomicWeight,Electronegativity,NValence,AtomicRadius,CovalentRadius,Row,IsFBlock
1,H,1.00794,2.2,1.0,0.25,31.0,1.0,0.0
2,He,4.002602,nan,2.0,nan,28.0,1.0,0.0
3,Li,6.941,0.98,1.0,1.45,128.0,2.0,0.0
4,Be,9.012182,1.57,2.0,1.05,96.0,2.0,0.0
5,B,10.811,2.04,3.0,0.85,84.0,2.0,0.0
6,C,12.0107,2.55,4.0,0.7,76.0,2.0,0.0
7,N,14.0067,3.04,5.0,0.65,71.0,2.0,0.0
8,O,15.9994,3.44,6.0,0.6,66.0,2.0,0.0
9,F,18.9984032,3.98,7.0,0.5,57.0,2.0,0.0
10,Ne,20.1791,nan,8.0,nan,58.0,2.0,0.0
11,Na,22.98976928,0.93,1.0,1.8,166.0,3.0,0.0
12,Mg,24.305,1.31,2.0,1.5,141.0,3.0,0.0
13,Al,26.9815386,1.61,3.0,1.25,121.0,3.0,0.0
14,Si,28.0855,1.9,4.0,1.1,111.0,3.0,0.0
15,P,30.973762,2.19,5.0,1.0,107.0,3.0,0.0
16,S,32.065,2.58,6.0,1.0,105.0,3.0,0.0
17,Cl,35.453,3.16,7.0,1.0,102.0,3.0,0.0
18,Ar,39.948,nan,8.0,0.71,106.0,3.0,0.0
19,K,39.0983,0.82,1.0,2.2,203.0,4.0,0.0
20,Ca,40.078,1.0,2.0,1.8,176.0,4.0,0.0
21,Sc,44.955912,1.36,3.0,1.6,170.0,4.0,0.0
22,Ti,47.867,1.54,4.0,1.4,160.0,4.0,0.0
23,V,50.9415,1.63,5.0,1.35,153.0,4.0,0.0
24,Cr,51.9961,1.66,6.0,1.4,139.0,4.0,0.0
25,Mn,54.938045,1.55,7.0,1.4,139.0,4.0,0.0
26,Fe,55.845,1.83,8.0,1.4,132.0,4.0,0.0
27,Co,58.933195,1.88,9.0,1.35,126.0,4.0,0.0
28,Ni,58.6934,1.91,10.0,1.35,124.0,4.0,0.0
29,Cu,63.546,1.9,11.0,1.35,132.0,4.0,0.0
30,Zn,65.38,1.65,12.0,1.35,122.0,4.0,0.0
31,Ga,69.723,1.81,13.0,1.3,122.0,4.0,0.0
32,Ge,72.64,2.01,14.0,1.25,120.0,4.0,0.0
33,As,74.9216,2.18,15.0,1.15,119.0,4.0,0.0
34,Se,78.96,2.55,16.0,1.15,120.0,4.0,0.0
35,Br,79.904,2.96,17.0,1.15,120.0,4.0,0.0
36,Kr,83.798,3.0,18.0,nan,116.0,4.0,0.0
37,Rb,85.4678,0.82,1.0,2.35,220.0,5.0,0.0
38,Sr,87.62,0.95,2.0,2.0,195.0,5.0,0.0
39,Y,88.90585,1.22,3.0,1.8,190.0,5.0,0.0
40,Zr,91.224,1.33,4.0,1.55,175.0,5.0,0.0
41,Nb,92.90638,1.6,5.0,1.45,164.0,5.0,0.0
42,Mo,95.96,2.16,6.0,1.45,154.0,5.0,0.0
43,Tc,98.0,1.9,7.0,1.35,147.0,5.0,0.0
44,Ru,101.07,2.2,8.0,1.3,146.0,5.0,0.0
45,Rh,102.9055,2.28,9.0,1.35,142.0,5.0,0.0
46,Pd,106.42,2.2,10.0,1.4,139.0,5.0,0.0
47,Ag,107.8682,1.93,11.0,1.6,145.0,5.0,0.0
48,Cd,112.411,1.69,12.0,1.55,144.0,5.0,0.0
49,In,114.818,1.78,13.0,1.55,142.0,5.0,0.0
50,Sn,118.71,1.96,14.0,1.45,139.0,5.0,0.0
51,Sb,121.76,2.05,15.0,1.45,139.0,5.0,0.0
52,Te,127.6,2.1,16.0,1.4,138.0,5.0,0.0
53,I,126.90447,2.66,17.0,1.4,139.0,5.0,0.0
54,Xe,131.293,2.6,18.0,nan,140.0,5.0,0.0
55,Cs,132.9054519,0.79,1.0,2.6,244.0,6.0,0.0
56,Ba,137.327,0.89,2.0,2.15,215.0,6.0,0.0
57,La,138.90547,1.1,3.0,1.95,207.0,6.0,1.0
58,Ce,140.116,1.12,4.0,1.85,204.0,6.0,1.0
59,Pr,140.90765,1.13,5.0,1.85,203.0,6.0,1.0
60,Nd,144.242,1.14,6.0,1.85,201.0,6.0,1.0
61,Pm,145.0,1.155,7.0,1.85,199.0,6.0,1.0
62,Sm,150.36,1.17,8.0,1.85,198.0,6.0,1.0
63,Eu,151.964,1.185,9.0,1.85,198.0,6.0,1.0
64,Gd,157.25,1.2,10.0,1.8,196.0,6.0,1.0
65,Tb,158.92535,1.21,11.0,1.75,194.0,6.0,1.0
66,Dy,162.5,1.22,12.0,1.75,192.0,6.0,1.0
67,Ho,164.93032,1.23,13.0,1.75,192.0,6.0,1.0
68,Er,167.259,1.24,14.0,1.75,189.0,6.0,1.0
69,Tm,168.93421,1.25,15.0,1.75,190.0,6.0,1.0
70,Yb,173.054,1.26,16.0,1.75,187.0,6.0,1.0
71,Lu,174.9668,1.27,17.0,1.75,187.0,6.0,1.0
72,Hf,178.49,1.3,18.0,1.55,175.0,6.0,0.0
73,Ta,180.94788,1.5,19.0,1.45,170.0,6.0,0.0
74,W,183.84,2.36,20.0,1.35,162.0,6.0,0.0
75,Re,186.207,1.9,21.0,1.35,151.0,6.0,0.0
76,Os,190.23,2.2,22.0,1.3,144.0,6.0,0.0
77,Ir,192.217,2.2,23.0,1.35,141.0,6.0,0.0
78,Pt,195.084,2.28,24.0,1.35,136.0,6.0,0.0
79,Au,196.966569,2.54,25.0,1.35,136.0,6.0,0.0
80,Hg,200.59,2.0,26.0,1.5,132.0,6.0,0.0
81,Tl,204.3833,1.62,27.0,1.9,145.0,6.0,0.0
82,Pb,207.2,2.33,28.0,1.8,146.0,6.0,0.0
83,Bi,208.9804,2.02,29.0,1.6,148.0,6.0,0.0
84,Po,209.0,2.0,30.0,1.9,140.0,6.0,0.0
85,At,210.0,2.2,31.0,nan,150.0,6.0,0.0
86,Rn,222.0,nan,32.0,nan,150.0,6.0,0.0
87,Fr,223.0,0.7,1.0,nan,260.0,7.0,0.0
88,Ra,226.0,0.9,2.0,2.15,221.0,7.0,0.0
89,Ac,227.0,1.1,3.0,1.95,215.0,7.0,1.0
90,Th,232.03806,1.3,4.0,1.8,206.0,7.0,1.0
91,Pa,231.03586,1.5,5.0,1.8,200.0,7.0,1.0
92,U,238.02891,1.38,6.0,1.75,196.0,7.0,1.0
93,Np,237.0,1.36,7.0,1.75,190.0,7.0,1.0
94,Pu,244.0,1.28,8.0,1.75,187.0,7.0,1.0
95,Am,243.0,1.3,9.0,1.75,180.0,7.0,1.0
96,Cm,247.0,1.3,10.0,nan,169.0,7.0,1.0
97,Bk,247.0,1.3,11.0,nan,nan,7.0,1.0
98,Cf,251.0,1.3,12.0,nan,nan,7.0,1.0
99,Es,252.0,1.3,13.0,nan,nan,7.0,1.0
100,Fm,257.0,1.3,14.0,nan,nan,7.0,1.0
101,Md,258.0,1.3,15.0,nan,nan,7.0,1.0
102,No,259.0,1.3,16.0,nan,nan,7.0,1.0
103,Lr,262.0,nan,17.0,nan,nan,7.0,1.0
104,Rf,265.0,nan,18.0,nan,nan,7.0,0.0
105,Db,268.0,nan,19.0,nan,nan,7.0,0.0
106,Sg,271.0,nan,20.0,nan,nan,7.0,0.0
107,Bh,272.0,nan,21.0,nan,nan,7.0,0.0
108,Hs,270.0,nan,22.0,nan,nan,7.0,0.0
109,Mt,276.0,nan,23.0,nan,nan,7.0,0.0
110,Ds,281.0,nan,24.0,nan,nan,7.0,0.0
111,Rg,280.0,nan,25.0,nan,nan,7.0,0.0
112,Cn,285.0,nan,26.0,nan,nan,7.0,0.0
