family,descriptor,model,pydemi,exact,abs_err,rel_err
anisotropy,t1,anisotropic Gaussian,0.1111111111111067,0.1111111111111111,4.399258735077183e-15,3.9593328615694645e-14
anisotropy,t1,anisotropic Gaussian,0.1489361702127658,0.1489361702127659,8.326672684688674e-17,5.590765945433827e-16
anisotropy,t1,anisotropic Gaussian,0.1999999999999999,0.2,1.1102230246251565e-16,5.551115123125783e-16
anisotropy,t1,anisotropic Gaussian,0.2592592592592588,0.2592592592592592,3.885780586188048e-16,1.4988010832439617e-15
anisotropy,t1,anisotropic Gaussian,0.3333333333333331,0.3333333333333333,2.220446049250313e-16,6.661338147750939e-16
anisotropy,t1,anisotropic Gaussian,0.2941176470588234,0.2941176470588235,1.1102230246251565e-16,3.7747582837255326e-16
anisotropy,t1,anisotropic Gaussian,0.2500000000000001,0.25,1.1102230246251565e-16,4.440892098500626e-16
anisotropy,t1,anisotropic Gaussian,0.2083333333333334,0.2083333333333333,1.1102230246251565e-16,5.329070518200752e-16
anisotropy,t1,anisotropic Gaussian,0.1666666666666663,0.1666666666666666,3.0531133177191805e-16,1.831867990631509e-15
anisotropy,t3,anisotropic Gaussian,0.4444444444444468,0.4444444444444444,2.3869795029440866e-15,5.370703881624195e-15
anisotropy,t3,anisotropic Gaussian,0.4255319148936176,0.425531914893617,5.551115123125783e-16,1.304512053934559e-15
anisotropy,t3,anisotropic Gaussian,0.4000000000000002,0.4,1.6653345369377348e-16,4.163336342344337e-16
anisotropy,t3,anisotropic Gaussian,0.3703703703703705,0.3703703703703703,2.220446049250313e-16,5.995204332975847e-16
anisotropy,t3,anisotropic Gaussian,0.3333333333333335,0.3333333333333333,1.6653345369377348e-16,4.996003610813204e-16
anisotropy,t3,anisotropic Gaussian,0.4117647058823532,0.4117647058823529,2.7755575615628914e-16,6.740639792367023e-16
anisotropy,t3,anisotropic Gaussian,0.4999999999999998,0.5,2.220446049250313e-16,4.440892098500626e-16
anisotropy,t3,anisotropic Gaussian,0.5833333333333329,0.5833333333333334,4.440892098500626e-16,7.61295788314393e-16
anisotropy,t3,anisotropic Gaussian,0.666666666666667,0.6666666666666666,3.3306690738754696e-16,4.996003610813204e-16
anisotropy,charge_FA,anisotropic Gaussian,0.522232967867102,0.5222329678670935,8.548717289613705e-15,1.6369547339242905e-14
anisotropy,charge_FA,anisotropic Gaussian,0.4461588449854772,0.4461588449854772,0.0,0.0
anisotropy,charge_FA,anisotropic Gaussian,0.3333333333333334,0.3333333333333332,2.220446049250313e-16,6.661338147750942e-16
anisotropy,charge_FA,anisotropic Gaussian,0.1901172751573444,0.1901172751573433,1.0824674490095276e-15,5.693682744577865e-15
anisotropy,charge_FA,anisotropic Gaussian,8.585350515223762e-16,0.0,8.585350515223762e-16,
anisotropy,charge_FA,anisotropic Gaussian,0.2010075630518429,0.2010075630518423,5.828670879282072e-16,2.8997271499574303e-15
anisotropy,charge_FA,anisotropic Gaussian,0.4082482904638621,0.408248290463863,9.43689570931383e-16,2.311557924367881e-15
anisotropy,charge_FA,anisotropic Gaussian,0.5738190417570037,0.5738190417570045,7.771561172376096e-16,1.3543574902254853e-15
anisotropy,charge_FA,anisotropic Gaussian,0.7071067811865479,0.7071067811865475,4.440892098500626e-16,6.280369834735101e-16
deformation,m1_def,breathing atom,1.1657338352846114,1.165729145206276,4.690078335478631e-06,4.023300227814688e-06
deformation,m1_def,breathing atom,1.0966601592564156,1.0966404110202923,1.97482361232737e-05,1.8007941276667286e-05
deformation,m1_def,breathing atom,1.0444833935005693,1.0444766590734886,6.734427080656857e-06,6.447656845324514e-06
deformation,m1_def,breathing atom,1.003137509327403,1.0030957786589525,4.173066845059026e-05,4.1601878243750914e-05
deformation,m1_def,breathing atom,0.969165379425234,0.969114724145536,5.0655279697942035e-05,5.226964201024245e-05
deformation,m1_def,breathing atom,0.9406013068368052,0.9404897144597104,0.00011159237709479353,0.00011865347954273032
deformation,m1_def,breathing atom,0.92800380283687,0.927754142106174,0.0002496607306959886,0.0002691022538893897
deformation,m1_def,breathing atom,0.9048772630188828,0.9048257980233194,5.1464995563410554e-05,5.687834683299357e-05
deformation,m1_def,breathing atom,0.8943899047174645,0.8944465392350643,5.663451759985172e-05,6.331794592026246e-05
deformation,m1_def,breathing atom,0.8667441005543269,0.8668025604200039,5.8459865676985245e-05,6.744311605247091e-05
deformation,m1_def,breathing atom,0.8294483517685665,0.8295085185921425,6.016682357601333e-05,7.253309909116979e-05
deformation,m1_def,breathing atom,0.799807026951351,0.7998347669486113,2.7739997260356475e-05,3.468215987432658e-05
deformation,m1_def,breathing atom,0.7754242180719672,0.7754418711414324,1.765306946521772e-05,2.2765174440777632e-05
deformation,m1_def,breathing atom,0.7372141275263334,0.7372718467151501,5.771918881669613e-05,7.82875259293555e-05
deformation,m2_def,breathing atom,1.7885943302677147,1.7885707659341183,2.3564333596404197e-05,1.3174951780058438e-05
deformation,m2_def,breathing atom,1.5646314227032274,1.5645134403189067,0.00011798238432070285,7.54115505052188e-05
deformation,m2_def,breathing atom,1.4090943507489238,1.4090772783077332,1.7072441190535415e-05,1.2116043210234e-05
deformation,m2_def,breathing atom,1.2941493972010936,1.2939532141621453,0.00019618303894830547,0.00015161524914587967
deformation,m2_def,breathing atom,1.2049364063468304,1.204702635493152,0.00023377085367837225,0.00019404859489053643
deformation,m2_def,breathing atom,1.1335727808425815,1.133144113358938,0.00042866748364356333,0.0003782991753563277
deformation,m2_def,breathing atom,1.103291611024534,1.1023560069508116,0.0009356040737225069,0.0008487313243844414
deformation,m2_def,breathing atom,1.0486520448245598,1.0485338115490763,0.00011823327548343698,0.00011276057498685927
deformation,m2_def,breathing atom,1.0246356178505769,1.0248422407929545,0.00020662294237761003,0.00020161438917441478
deformation,m2_def,breathing atom,0.9636065733099962,0.9637621080667486,0.00015553475675234019,0.00016138293407730458
deformation,m2_def,breathing atom,0.8857524090950143,0.8859419764118285,0.0001895673168141876,0.00021397260978868845
deformation,m2_def,breathing atom,0.8276446760857505,0.8277133705499464,6.869446419588421e-05,8.299305851522306e-05
deformation,m2_def,breathing atom,0.7822825362570837,0.7822567200908643,2.581616621932792e-05,3.3002166112844895e-05
deformation,m2_def,breathing atom,0.7152636862366244,0.7154283062738044,0.00016462003717998552,0.00023009997750492015
deformation,sigma_r2_def,breathing atom,0.4296589555403454,0.4296463259507637,1.2629589581703016e-05,2.939531614463365e-05
deformation,sigma_r2_def,breathing atom,0.3619679178029207,0.3618932492361506,7.466856677007527e-05,0.00020632760331307224
deformation,sigma_r2_def,breathing atom,0.3181487914504586,0.3181457869584165,3.0044920421024024e-06,9.443758695742549e-06
deformation,sigma_r2_def,breathing atom,0.2878645345815078,0.287752072998735,0.00011246158277278262,0.00039082805416757854
deformation,sigma_r2_def,breathing atom,0.2656548736703727,0.2655192869374739,0.00013558673289881806,0.0005106473976436479
deformation,sigma_r2_def,breathing atom,0.2488419624194759,0.2486232103544301,0.0002187520650457908,0.000879853754337514
deformation,sigma_r2_def,breathing atom,0.2421005529448415,0.2416282587556486,0.00047229418919289556,0.001954631431046782
deformation,sigma_r2_def,breathing atom,0.2298491836960154,0.2298240867805394,2.509691547600279e-05,0.00010920054476260362
deformation,sigma_r2_def,breathing atom,0.2247023161900616,0.2248076292433708,0.00010531305330921392,0.0004684585379226823
deformation,sigma_r2_def,breathing atom,0.212361237464267,0.212415429316074,5.419185180699504e-05,0.00025512201247093784
deformation,sigma_r2_def,breathing atom,0.1977678408434227,0.1978575939948976,8.975315147491392e-05,0.0004536250020164932
deformation,sigma_r2_def,breathing atom,0.1879533957249914,0.1879777161302069,2.432040521549439e-05,0.0001293791930031128
deformation,sigma_r2_def,breathing atom,0.180999818284562,0.1809466245715385,5.319371302348053e-05,0.000293974607978664
deformation,sigma_r2_def,breathing atom,0.1717790164122113,0.1718585303150366,7.951390282529003e-05,0.00046267067849080194
deformation,f_bond_def,breathing atom,0.3073646931218909,0.3078765485445504,0.0005118554226594685,0.0016625346265547144
deformation,f_bond_def,breathing atom,0.4114075810891712,0.4120679517886011,0.0006603706994299241,0.0016025771879699762
deformation,f_bond_def,breathing atom,0.5028288972272937,0.5033794653945332,0.000550568167239418,0.0010937437958616367
deformation,f_bond_def,breathing atom,0.5801522960373093,0.5808432906106618,0.0006909945733524214,0.0011896402773731855
deformation,f_bond_def,breathing atom,0.6445998282158664,0.6452563374776158,0.0006565092617494273,0.0010174394633856686
deformation,f_bond_def,breathing atom,0.6975254093316932,0.6981549339023252,0.000629524570632034,0.0009016975173595309
deformation,f_bond_def,breathing atom,0.7200964353779266,0.7208303585516529,0.0007339231737263363,0.001018163517975284
deformation,f_bond_def,breathing atom,0.0140156321899339,0.0128102575458362,0.001205374644097701,0.09409448949677765
deformation,f_bond_def,breathing atom,0.0097206282971835,0.0087847318864223,0.0009358964107611997,0.10653670742162581
deformation,f_bond_def,breathing atom,0.0017139495026058,0.0014801781581712,0.0002337713444346,0.15793459938865115
deformation,f_bond_def,breathing atom,0.0,0.0,0.0,
deformation,f_bond_def,breathing atom,0.0,0.0,0.0,
deformation,f_bond_def,breathing atom,0.0,0.0,0.0,
deformation,f_bond_def,breathing atom,0.0,0.0,0.0,
deformation,f_int_def,breathing atom,0.692635306878109,0.6921234514554496,0.000511855422659413,0.0007395435331414426
deformation,f_int_def,breathing atom,0.5885924189108286,0.5879320482113988,0.0006603706994298131,0.0011232092236488664
deformation,f_int_def,breathing atom,0.4971711027727062,0.4966205346054669,0.000550568167239307,0.0011086294844346257
deformation,f_int_def,breathing atom,0.4198477039626906,0.4191567093893383,0.0006909945733523104,0.0016485351608924684
deformation,f_int_def,breathing atom,0.3554001717841334,0.3547436625223841,0.0006565092617493162,0.001850658182534525
deformation,f_int_def,breathing atom,0.302474590668307,0.3018450660976749,0.0006295245706320896,0.0020855884072273683
deformation,f_int_def,breathing atom,0.2799035646220736,0.279169641448347,0.0007339231737266139,0.0026289505188278398
deformation,f_int_def,breathing atom,0.0001940912143607,0.0,0.0001940912143607,
deformation,f_int_def,breathing atom,5.264936758553033e-05,0.0,5.264936758553033e-05,
deformation,f_int_def,breathing atom,3.331955265265608e-06,0.0,3.331955265265608e-06,
deformation,f_int_def,breathing atom,7.520026989827264e-08,0.0,7.520026989827264e-08,
deformation,f_int_def,breathing atom,2.212063840538939e-09,0.0,2.212063840538939e-09,
deformation,f_int_def,breathing atom,7.190828813456778e-11,0.0,7.190828813456778e-11,
deformation,f_int_def,breathing atom,8.637707658310396e-14,0.0,8.637707658310396e-14,
deformation,f_bond_dep,breathing atom,0.1812530141088101,0.1783364739730343,0.0029165401357758025,0.016354142654052942
deformation,f_bond_dep,breathing atom,0.1373049250745845,0.1346805860284641,0.0026243390461203886,0.019485652115931146
deformation,f_bond_dep,breathing atom,0.1017298899733582,0.0991088794264378,0.002621010546920405,0.026445769159016815
deformation,f_bond_dep,breathing atom,0.0725880041329103,0.0705079341224481,0.002080070010462204,0.02950121906635125
deformation,f_bond_dep,breathing atom,0.0497719136772836,0.0479359595787725,0.0018359540985110959,0.038300142828977854
deformation,f_bond_dep,breathing atom,0.0322486256899849,0.0305813719146429,0.0016672537753419994,0.05451860629390825
deformation,f_bond_dep,breathing atom,0.0251127997522793,0.023636130364317,0.001476669387962301,0.06247509068538562
deformation,f_bond_dep,breathing atom,0.7593241928230056,0.759703749795756,0.00037955697275038336,0.0004996118195446924
deformation,f_bond_dep,breathing atom,0.7759081289852232,0.7763008869529432,0.00039275796771998106,0.0005059352299101376
deformation,f_bond_dep,breathing atom,0.8164459035102616,0.8168525535001495,0.00040664998988793055,0.0004978254498262471
deformation,f_bond_dep,breathing atom,0.8599233338416887,0.8600343865173539,0.00011105267566513533,0.00012912585520543542
deformation,f_bond_dep,breathing atom,0.8770403870111344,0.8761780796410624,0.0008623073700719797,0.0009841690748817124
deformation,f_bond_dep,breathing atom,0.877170372157176,0.8753372340029425,0.0018331381542334713,0.002094207904135961
deformation,f_bond_dep,breathing atom,0.8502948120667433,0.8482126330965039,0.0020821789702394344,0.002454784200322725
deformation,def_polarity,breathing atom,0.8055065967807067,0.8054635488453866,4.30479353200619e-05,5.3444920483080984e-05
deformation,def_polarity,breathing atom,0.622493728200132,0.6225444392657868,5.0711065654795995e-05,8.145774414851949e-05
deformation,def_polarity,breathing atom,0.4650615313106667,0.4649766396338821,8.489167678460419e-05,0.0001825719177020313
deformation,def_polarity,breathing atom,0.3273186654851063,0.3273514775251852,3.2812040078877835e-05,0.00010023489225385702
deformation,def_polarity,breathing atom,0.2057829813551967,0.2057857263184773,2.744963280593149e-06,1.3338939146561601e-05
deformation,def_polarity,breathing atom,0.0974202513492634,0.0973995398835274,2.0711465735998025e-05,0.0002126443899094931
deformation,def_polarity,breathing atom,0.0474578402054397,0.047442700937528,1.5139267911704057e-05,0.00031910636647013987
deformation,def_polarity,breathing atom,0.045130406140532,0.0451281874540611,2.2186864708992338e-06,4.916409446219789e-05
deformation,def_polarity,breathing atom,0.0881140525052975,0.0881197005330108,5.648027713300863e-06,6.409494901977155e-05
deformation,def_polarity,breathing atom,0.2057372930550026,0.2057857265476332,4.84334926305896e-05,0.00023535885332347727
deformation,def_polarity,breathing atom,0.3713380228283801,0.3712749177905459,6.310503783418797e-05,0.00016996849183813857
deformation,def_polarity,breathing atom,0.5077239078705879,0.5077589324370139,3.5024566426011816e-05,6.89787302370235e-05
deformation,def_polarity,breathing atom,0.6222747309100227,0.6225444394285561,0.00026970851853336253,0.0004332357683267278
deformation,def_polarity,breathing atom,0.8057866432820515,0.8054635491579263,0.00032309412412523386,0.0004011281757728371
magnetic,m1_spin,Gaussian spin density,1.5957685325777875,1.5957691216057308,5.890279433096168e-07,3.6911852431190787e-07
magnetic,m1_spin,Gaussian spin density,1.3029390007384614,1.3029400317411195,1.0310026581361598e-06,7.912894170259167e-07
magnetic,m1_spin,Gaussian spin density,1.1283775786911523,1.1283791670955126,1.588404360264306e-06,1.407686712572791e-06
magnetic,m1_spin,Gaussian spin density,0.9213148098723658,0.9213177319235614,2.9220511955641015e-06,3.1715998664905045e-06
magnetic,m1_spin,Gaussian spin density,0.797880055882956,0.7978845608028654,4.504919909442684e-06,5.646079809978579e-06
magnetic,m1_spin,Gaussian spin density,0.6514617171688625,0.6514700158705599,8.298701697384558e-06,1.2738424632321715e-05
magnetic,m1_spin,Gaussian spin density,0.5641767717611572,0.5641895835477563,1.2811786599065123e-05,2.270830049449266e-05
magnetic,m1_spin,Gaussian spin density,0.460635198838666,0.4606588659617807,2.3667123114690103e-05,5.1376679932724196e-05
magnetic,m1_spin,Gaussian spin density,0.3989056388144273,0.3989422804014327,3.664158700539266e-05,9.18468380150691e-05
magnetic,sigma_r2_spin,Gaussian spin density,0.4535225697871832,0.4535209105296744,1.659257508779266e-06,3.6586130214842624e-06
magnetic,sigma_r2_spin,Gaussian spin density,0.302349960332178,0.3023472736864496,2.68664572838917e-06,8.885959829012271e-06
magnetic,sigma_r2_spin,Gaussian spin density,0.2267640399070905,0.2267604552648372,3.5846422532792577e-06,1.580805722537775e-05
magnetic,sigma_r2_spin,Gaussian spin density,0.1511790211098471,0.1511736368432248,5.384266622304734e-06,3.561643904808951e-05
magnetic,sigma_r2_spin,Gaussian spin density,0.1133874164242116,0.1133802276324186,7.188791792997473e-06,6.340428082666854e-05
magnetic,sigma_r2_spin,Gaussian spin density,0.0755976310633976,0.0755868184216124,1.0812641785207244e-05,0.00014304930424370932
magnetic,sigma_r2_spin,Gaussian spin density,0.0567045702051597,0.0566901138162093,1.4456388950395693e-05,0.0002550072310185097
magnetic,sigma_r2_spin,Gaussian spin density,0.037815213590863,0.0377934092108062,2.18043800567988e-05,0.000576936045519924
magnetic,sigma_r2_spin,Gaussian spin density,0.0283742913220539,0.0283450569081046,2.923441394930143e-05,0.001031376089456449
magnetic,f_bond_spin,Gaussian spin density,0.3652305465907655,0.3650500920497742,0.00018045454099130387,0.0004943281618641507
magnetic,f_bond_spin,Gaussian spin density,0.474057364907429,0.4735897594144925,0.000467605492936507,0.0009873640289743935
magnetic,f_bond_spin,Gaussian spin density,0.5223749654826026,0.5215973769381821,0.0007775885444205599,0.0014907830805919045
magnetic,f_bond_spin,Gaussian spin density,0.5101537972935966,0.508868140119392,0.0012856571742045908,0.002526503573013918
magnetic,f_bond_spin,Gaussian spin density,0.4368195681809745,0.4352543678384853,0.0015652003424891925,0.003596058898299233
magnetic,f_bond_spin,Gaussian spin density,0.2771982918731973,0.2755964853214544,0.001601806551742857,0.005812144338032894
magnetic,f_bond_spin,Gaussian spin density,0.1640959448711229,0.1627782608168294,0.0013176840542934998,0.008094963342655805
magnetic,f_bond_spin,Gaussian spin density,0.0537805214370516,0.0531035759519009,0.0006769454851507026,0.01274764407134941
magnetic,f_bond_spin,Gaussian spin density,0.0169219329505407,0.016632365481437,0.00028956746910369785,0.01740987891511147
magnetic,spin_charge_correlation,Gaussian spin density,0.9161397025980744,0.9161397026497354,5.1661008804160247e-11,5.6389880991667513e-11
magnetic,spin_charge_correlation,Gaussian spin density,0.984745218335594,0.9847452183355992,5.218048215738236e-15,5.29888149602564e-15
magnetic,spin_charge_correlation,Gaussian spin density,1.0,1.0,0.0,0.0
magnetic,spin_charge_correlation,Gaussian spin density,0.9699514021017124,0.9699514021017146,2.220446049250313e-15,2.2892343311623612e-15
magnetic,spin_charge_correlation,Gaussian spin density,0.9156849296963264,0.9156849296963276,1.2212453270876722e-15,1.333695999007736e-15
magnetic,spin_charge_correlation,Gaussian spin density,0.8063162395412475,0.8063162395411886,5.895284260759581e-14,7.311379793260924e-14
magnetic,spin_charge_correlation,Gaussian spin density,0.7159958486776727,0.7159958486776347,3.808064974464287e-14,5.318557337304906e-14
magnetic,spin_charge_correlation,Gaussian spin density,0.5859589315944116,0.5859589315943909,2.0650148258027912e-14,3.5241630675103755e-14
magnetic,spin_charge_correlation,Gaussian spin density,0.4987711254265627,0.4987711254265518,1.0935696792557792e-14,2.1925280424374056e-14
magnetic,spin_frustration,two sublattices,0.0,0.0,0.0,
magnetic,spin_frustration,two sublattices,0.0,0.0,0.0,
magnetic,spin_frustration,two sublattices,0.0,0.0,0.0,
magnetic,spin_frustration,two sublattices,0.0,0.0,0.0,
magnetic,spin_frustration,two sublattices,0.0,0.0,0.0,
magnetic,spin_frustration,two sublattices,0.399999274672317,0.4,7.253276830265776e-07,1.813319207566444e-06
magnetic,spin_frustration,two sublattices,0.6666662637068351,0.6666666666666667,4.029598316135363e-07,6.044397474203044e-07
magnetic,spin_frustration,two sublattices,0.8571426844457846,0.8571428571428572,1.7269707264233602e-07,2.0147991808272534e-07
magnetic,spin_frustration,two sublattices,1.0,1.0,0.0,0.0
magnetic,mu_site_std,two sublattices,3.1056492334922947e-15,0.0,3.1056492334922947e-15,
magnetic,mu_site_std,two sublattices,0.1249998488902487,0.125,1.5110975129517534e-07,1.2088780103614027e-06
magnetic,mu_site_std,two sublattices,0.2499996977804954,0.25,3.0221950458875213e-07,1.2088780183550085e-06
magnetic,mu_site_std,two sublattices,0.3749995466707362,0.375,4.533292637942665e-07,1.2088780367847107e-06
magnetic,mu_site_std,two sublattices,0.4999993955609867,0.5,6.044390132853295e-07,1.208878026570659e-06
magnetic,mu_site_std,two sublattices,0.6249992444512396,0.625,7.55548760444924e-07,1.2088780167118785e-06
magnetic,mu_site_std,two sublattices,0.7499990933414967,0.75,9.066585032746488e-07,1.2088780043661984e-06
magnetic,mu_site_std,two sublattices,0.8749989422317334,0.875,1.0577682666434995e-06,1.2088780190211423e-06
magnetic,mu_site_std,two sublattices,0.999998791121992,1.0,1.2088780080299344e-06,1.2088780080299344e-06
structural,rho_perc_a,simple cubic lattice,0.5681528201132549,0.5681528201132549,0.0,0.0
structural,rho_perc_a,simple cubic lattice,0.3034790763022842,0.3034790763022842,0.0,0.0
structural,rho_perc_a,simple cubic lattice,0.1515015090194596,0.1515015090194596,0.0,0.0
structural,rho_perc_a,simple cubic lattice,0.0671964979471041,0.0671964979471041,0.0,0.0
structural,rho_perc_a,simple cubic lattice,0.0263140348683068,0.0263140348683068,0.0,0.0
structural,rho_perc_a,simple cubic lattice,0.0090938830783384,0.0090938830783384,0.0,0.0
structural,rho_perc_a,simple cubic lattice,0.0027734776219121,0.0027734776219121,0.0,0.0
structural,rho_min,simple cubic lattice,0.2864037625053837,0.2864037625053837,0.0,0.0
structural,rho_min,simple cubic lattice,0.0529266785919769,0.0529266785919769,0.0,0.0
structural,rho_min,simple cubic lattice,0.0067287971539309,0.0067287971539309,0.0,0.0
structural,rho_min,simple cubic lattice,0.0005879557159537,0.0005879557159537,0.0,0.0
structural,rho_min,simple cubic lattice,3.530948525632485e-05,3.530948525632485e-05,0.0,0.0
structural,rho_min,simple cubic lattice,1.457396510603613e-06,1.457396510603613e-06,0.0,0.0
structural,rho_min,simple cubic lattice,4.134315670725566e-08,4.134315670725566e-08,0.0,0.0
structural,rho_min_ratio,simple cubic lattice,0.5728075250107674,0.5728075250107674,0.0,0.0
structural,rho_min_ratio,simple cubic lattice,0.2067448382499099,0.2067448382499099,0.0,0.0
structural,rho_min_ratio,simple cubic lattice,0.0454193807890336,0.0454193807890336,0.0,0.0
structural,rho_min_ratio,simple cubic lattice,0.0063021503303789,0.0063021503303789,0.0,0.0
structural,rho_min_ratio,simple cubic lattice,0.0005649517641011,0.0005649517641011,0.0,0.0
structural,rho_min_ratio,simple cubic lattice,3.320131425718856e-05,3.3201314257188566e-05,6.776263578034403e-21,2.040962452734004e-16
structural,rho_min_ratio,simple cubic lattice,1.2919736471017391e-06,1.2919736471017391e-06,0.0,0.0
structural,perc_anisotropy,tetragonal lattice,0.8781543552936009,0.8745529992589058,0.0036013560346950246,0.004117939150339436
structural,perc_anisotropy,tetragonal lattice,3.6640658954840957e-16,3.664065895484097e-16,1.4791141972893971e-31,
structural,perc_anisotropy,tetragonal lattice,0.7890959326880848,0.7947997471243365,0.005703814436251786,0.007176417024399852
structural,perc_anisotropy,tetragonal lattice,1.2546078775797496,1.2546078775797491,4.440892098500626e-16,3.539665402920556e-16
structural,perc_anisotropy,tetragonal lattice,1.433706569567144,1.433706569567144,0.0,0.0
structural,perc_anisotropy,tetragonal lattice,1.485137409342881,1.4854774904851362,0.0003400811422551442,0.00022893725716710688
structural,perc_anisotropy,tetragonal lattice,1.4973664128395348,1.4973664128395348,0.0,0.0
bonding,V_spread,rock-salt charge transfer,5.291933685841681e-15,0.0,5.291933685841681e-15,
bonding,V_spread,rock-salt charge transfer,0.7295203067804683,0.72952028253557,2.4244898311209795e-08,3.32340291169734e-08
bonding,V_spread,rock-salt charge transfer,1.4590406135609368,1.459040565071119,4.848981793870166e-08,3.323404372676787e-08
bonding,V_spread,rock-salt charge transfer,2.918081227121881,2.918081130142088,9.69797926408944e-08,3.323409744819954e-08
bonding,V_spread,rock-salt charge transfer,4.37712184068282,4.377121695213233,1.4546958748695715e-07,3.323407426529652e-08
bonding,V_spread,rock-salt charge transfer,5.8361624542437545,5.836162260284195,1.9395955952461463e-07,3.323409303482417e-08
bonding,V_spread,rock-salt charge transfer,7.295203067804696,7.295202825355415,2.4244928109595776e-07,3.323406996352372e-08
bonding,V at a nucleus,rock-salt charge transfer,10.197554368347731,10.197554029512018,3.388357132649844e-07,3.32271554810481e-08
bonding,V at a nucleus,rock-salt charge transfer,10.9270746751282,10.927074312047589,3.630806109100604e-07,3.322761432213815e-08
bonding,V at a nucleus,rock-salt charge transfer,11.656594981908665,11.65659459458313,3.8732553520048896e-07,3.322801801655527e-08
bonding,V at a nucleus,rock-salt charge transfer,13.115635595469604,13.115635159654088,4.358155152317522e-07,3.322870070161714e-08
bonding,V at a nucleus,rock-salt charge transfer,14.574676209030551,14.574675724725134,4.843054171033145e-07,3.3229241339600926e-08
bonding,V at a nucleus,rock-salt charge transfer,16.03371682259148,16.033716289795994,5.327954859524198e-07,3.3229693997485525e-08
bonding,V at a nucleus,rock-salt charge transfer,17.492757436152427,17.492756854867267,5.812851604503066e-07,3.323004860086231e-08
bonding,rho_mid_mean,tetragonal lattice,0.2323154243003931,0.2323154243003931,0.0,0.0
bonding,rho_mid_mean,tetragonal lattice,0.1685458552596879,0.1685458552596881,1.942890293094024e-16,1.1527369154824386e-15
bonding,rho_mid_mean,tetragonal lattice,0.1595477595619031,0.159547759561903,8.326672684688674e-17,5.218921724474611e-16
bonding,rho_mid_mean,tetragonal lattice,0.1515015090194595,0.1515015090194596,1.1102230246251565e-16,7.328131790968194e-16
bonding,rho_mid_mean,tetragonal lattice,0.144347280542831,0.144347280542831,0.0,0.0
bonding,rho_mid_mean,tetragonal lattice,0.1380227351240809,0.1380227351240809,0.0,0.0
bonding,rho_mid_mean,tetragonal lattice,0.1324639679694502,0.1324639679694502,0.0,0.0
bonding,rho_mid_mean,tetragonal lattice,0.151467014688386,0.1514670146883859,1.1102230246251565e-16,7.3298006626012e-16
bonding,rho_mid_mean,tetragonal lattice,0.1514655742507827,0.1514655742507826,8.326672684688674e-17,5.497402776753841e-16
bonding,rho_mid_mean,tetragonal lattice,0.1514648373650347,0.1514648373650347,0.0,0.0
bonding,rho_mid_std,tetragonal lattice,0.0,0.0,0.0,
bonding,rho_mid_std,tetragonal lattice,0.0239885651419408,0.0239885651419408,0.0,0.0
bonding,rho_mid_std,tetragonal lattice,0.0113366102529535,0.0113366102529534,1.0061396160665481e-16,8.87513633808157e-15
bonding,rho_mid_std,tetragonal lattice,5.777783805466598e-17,2.775557561562892e-17,3.002226243903706e-17,
bonding,rho_mid_std,tetragonal lattice,0.0100934641713952,0.0100934641713953,1.0061396160665481e-16,9.968228934897595e-15
bonding,rho_mid_std,tetragonal lattice,0.0190242950122991,0.0190242950122991,0.0,0.0
bonding,rho_mid_std,tetragonal lattice,0.0268782664174599,0.0268782664174598,1.0061396160665481e-16,3.7433203482683385e-15
bonding,rho_mid_std,tetragonal lattice,1.6653345369377348e-16,0.0,1.6653345369377348e-16,
bonding,rho_mid_std,tetragonal lattice,4.388541835720877e-17,0.0,4.388541835720877e-17,
bonding,rho_mid_std,tetragonal lattice,5.551115123125783e-17,0.0,5.551115123125783e-17,
bonding,lap_concentration_valence,Gaussian atom,0.405011759481761,0.4045251471615604,0.00048661232020058565,0.001202922299429363
bonding,lap_concentration_valence,Gaussian atom,0.2556252584460342,0.254506335940581,0.0011189225054532015,0.004396442632038968
bonding,lap_concentration_valence,Gaussian atom,0.018283224229922,0.0174386540189208,0.0008445702110011985,0.04843092879099766
bonding,lap_concentration_valence,Gaussian atom,1.7562993539741237e-13,0.0,1.7562993539741237e-13,
